code,DiscDate,DiscTime,DocType,CurPerEn,sh,base_raw,base_fixed,fix,class,detected_before,detected_after
14010,2017-04-10,16:00,3QFinancialStatements_NonConsolidated_JP,2017-02-28,7275000,7275000.0,727500.0,after,期末日の後〜開示日に分割・併合,True,False
14500,2025-02-07,15:30:00,3QFinancialStatements_NonConsolidated_JP,2024-12-31,8699600,4349800.0,2174900.0,after,期末日の後〜開示日に分割・併合,True,False
146A0,2025-08-13,16:00:00,2QFinancialStatements_Consolidated_JP,2025-06-30,6944800,6944800.0,3472400.0,after,,False,False
18220,2025-05-09,12:00:00,FYFinancialStatements_Consolidated_JP,2025-03-31,18083163,18083163.0,90415815.0,before,期末日の前10営業日以内に分割・併合,True,False
18280,2017-05-12,14:00,FYFinancialStatements_Consolidated_JP,2017-03-31,5364000,2682000.0,5364000.0,before,期末日の前10営業日以内に分割・併合,True,False
18520,2022-08-09,15:15:00,1QFinancialStatements_Consolidated_JP,2022-06-30,16157258,161572580.0,80786290.0,after,期末日の後〜開示日に分割・併合,True,False
18520,2024-08-08,15:00:00,1QFinancialStatements_Consolidated_JP,2024-06-30,80786290,403931450.0,80786290.0,after,期末日の後〜開示日に分割・併合,True,False
19730,2020-04-28,11:30:00,FYFinancialStatements_Consolidated_JP,2020-03-31,149321421,149321421.0,149321421.0,,近くに分割・併合なし,True,True
19810,2018-05-18,15:30:00,FYFinancialStatements_NonConsolidated_JP,2018-03-31,118000000,118000000.0,118000000.0,,近くに分割・併合なし,True,True
19920,2019-11-12,15:10:00,2QFinancialStatements_Consolidated_JP,2019-09-30,2623227,26232270.0,8744090.0,after,期末日の後〜開示日に分割・併合,True,False
21240,2024-02-14,15:00:00,FYFinancialStatements_Consolidated_JP,2023-12-31,41389300,10347325.0,41389300.0,before,期末日の前10営業日以内に分割・併合,True,False
21340,2024-11-14,16:30:00,2QFinancialStatements_Consolidated_JP,2024-09-30,211856993,211856993.0,211856993.0,,近くに分割・併合なし,True,True
21800,2019-08-23,16:30:00,FYFinancialStatements_Consolidated_JP,2019-06-30,15139600,7569800.0,3784900.0,after,期末日の後〜開示日に分割・併合,True,False
23230,2025-02-13,16:00:00,3QFinancialStatements_NonConsolidated_JP,2024-12-31,7098040,7098040.0,3549020.0,after,期末日の後〜開示日に分割・併合,True,False
23450,2020-12-14,15:30:00,FYFinancialStatements_Consolidated_JP,2020-10-31,4004600,1526024.7572815535,2002300.0,before,,False,False
24360,2022-11-11,15:00:00,3QFinancialStatements_Consolidated_JP,2022-09-30,8732592,2910864.0,1455432.0,after,期末日の後〜開示日に分割・併合,True,False
24580,2017-05-02,15:30,2QFinancialStatements_NonConsolidated_JP,2017-03-31,12885200,12885200.0,6442600.0,after,,False,False
24690,2022-08-05,15:00:00,1QFinancialStatements_Consolidated_JP,2022-06-30,100265480,50132740.0,50132740.0,,近くに分割・併合なし,True,True
24710,2019-10-03,15:30:00,3QFinancialStatements_Consolidated_JP,2019-08-31,79007500,15801500.0,3160300.0000000005,after,期末日の後〜開示日に分割・併合,True,False
26520,2024-05-15,15:15:00,2QFinancialStatements_NonConsolidated_JP,2024-03-31,36180000,36180000.0,7236000.0,after,期末日の後〜開示日に分割・併合,True,False
26670,2023-05-15,16:00:00,2QFinancialStatements_Consolidated_JP,2023-03-31,1803600,1803600.0,1803600.0,,近くに分割・併合なし,True,True
27220,2018-04-10,15:20:00,3QFinancialStatements_Consolidated_JP,2018-02-28,7808000,3904000.0,1952000.0,after,期末日の後〜開示日に分割・併合,True,False
27720,2017-04-20,15:00,3QFinancialStatements_Consolidated_JP,2017-03-20,14103200,14103200.0,7051600.0,after,期末日の後〜開示日に分割・併合,True,False
27760,2022-12-14,19:30:00,3QFinancialStatements_Consolidated_JP,2022-10-31,31212200,31212200.0,31212200.0,,近くに分割・併合なし,True,True
28040,2019-07-26,14:00:00,1QFinancialStatements_Consolidated_JP,2019-06-30,13954880,13954880.0,13954880.0,,近くに分割・併合なし,True,True
29230,2017-06-12,16:00,FYFinancialStatements_Consolidated_JP,2017-04-30,5075500,4833809.523809523,5075500.0,before,,False,False
29300,2017-04-14,15:30,FYFinancialStatements_NonConsolidated_JP,2017-02-28,22168000,22168000.0,11084000.0,after,期末日の後〜開示日に分割・併合,True,False
29910,2022-06-10,15:00:00,3QFinancialStatements_Consolidated_JP,2022-04-30,2967100,2967100.0,1483550.0,after,期末日の後〜開示日に分割・併合,True,False
29910,2022-09-09,15:00:00,FYFinancialStatements_Consolidated_JP,2022-07-31,2967900,1483950.0,1483950.0,,近くに分割・併合なし,True,False
29910,2022-12-12,15:00:00,1QFinancialStatements_Consolidated_JP,2022-10-31,5947800,2973900.0,1486950.0,after,期末日の後〜開示日に分割・併合,True,False
30410,2024-08-14,15:00:00,FYFinancialStatements_Consolidated_JP,2024-06-30,5976000,5976000.0,5976000.0,,近くに分割・併合なし,True,True
31500,2018-08-10,15:00:00,1QFinancialStatements_Consolidated_JP,2018-06-30,11645400,7763600.0,3881800.0,after,期末日の後〜開示日に分割・併合,True,False
31600,2017-07-14,15:00,FYFinancialStatements_Consolidated_JP,2017-05-31,12043200,12043200.0,6021600.0,after,期末日の後〜開示日に分割・併合,True,False
31760,2020-02-07,16:00:00,1QFinancialStatements_Consolidated_JP,2019-12-31,29007708,29007708.0,14503854.0,after,期末日の後〜開示日に分割・併合,True,False
31860,2017-04-07,15:00,1QFinancialStatements_Consolidated_JP,2017-02-28,20586600,20586600.0,10293300.0,after,期末日の後〜開示日に分割・併合,True,False
31960,2019-10-30,15:00:00,3QFinancialStatements_Consolidated_JP,2019-09-30,21114400,21114400.0,21114400.0,,近くに分割・併合なし,True,True
31960,2020-02-14,15:00:00,FYFinancialStatements_Consolidated_JP,2018-12-31,18466600,18466600.0,18466600.0,,近くに分割・併合なし,True,True
32300,2017-09-29,15:30,3QFinancialStatements_Consolidated_JP,2017-08-31,20000000,20000000.0,10000000.0,after,,False,False
32440,2022-01-14,17:00:00,FYFinancialStatements_Consolidated_JP,2021-11-30,46468085,31198889.84531773,31198889.84531773,,近くに分割・併合なし,True,True
32440,2022-01-14,17:00:00,3QFinancialStatements_Consolidated_JP,2021-08-31,41074340,27577504.197324418,27577504.197324418,,近くに分割・併合なし,True,True
32480,2019-12-10,15:00:00,FYFinancialStatements_Consolidated_JP,2019-10-31,318100,318100.0,318100.0,,近くに分割・併合なし,True,True
33000,2018-05-15,15:00:00,3QFinancialStatements_Consolidated_JP,2018-03-31,6804400,6804400.0,3402200.0,after,期末日の後〜開示日に分割・併合,True,False
33160,2018-05-11,15:00:00,FYFinancialStatements_NonConsolidated_JP,2018-03-31,6300000,6300000.0,1260000.0,after,期末日の後〜開示日に分割・併合,True,False
33990,2023-09-11,16:00:00,2QFinancialStatements_NonConsolidated_JP,2023-07-31,5028200,5028200.0,2514100.0,after,期末日の後〜開示日に分割・併合,True,False
33990,2025-09-12,16:00:00,2QFinancialStatements_NonConsolidated_JP,2025-07-31,20112800,5028200.0,2514100.0,after,,False,False
34090,2020-11-13,15:00:00,2QFinancialStatements_NonConsolidated_JP,2020-09-30,9037700,7487200.913242009,12910999.999999998,before,,False,False
34520,2018-02-14,15:00,FYFinancialStatements_Consolidated_JP,2017-12-31,8020200,8020200.0,4010100.0,after,期末日の後〜開示日に分割・併合,True,False
34640,2017-08-03,15:00,1QFinancialStatements_NonConsolidated_JP,2017-06-30,3336000,3336000.0,1668000.0,after,期末日の後〜開示日に分割・併合,True,False
34650,2017-02-10,15:00,3QFinancialStatements_Consolidated_JP,2016-12-31,14232500,14232500.0,7116250.0,after,期末日の後〜開示日に分割・併合,True,False
34690,2018-02-09,16:30,2QFinancialStatements_Consolidated_JP,2017-12-31,3389700,3389700.0,1129900.0,after,期末日の後〜開示日に分割・併合,True,False
34770,2017-11-09,13:00,2QFinancialStatements_NonConsolidated_JP,2017-09-30,2000000,2000000.0,2000000.0,,近くに分割・併合なし,True,True
34790,2017-10-13,15:30,2QFinancialStatements_Consolidated_JP,2017-08-31,4730000,675714.2857142857,4730000.0,before,期末日の前10営業日以内に分割・併合,True,False
34800,2023-12-14,15:00:00,FYFinancialStatements_Consolidated_JP,2023-10-31,10893300,2723325.0,5446650.0,before,期末日の前10営業日以内に分割・併合,True,False
34860,2018-11-06,15:00:00,3QFinancialStatements_Consolidated_JP,2018-09-30,7546880,3773440.0,1886720.0,after,,False,False
34940,2024-02-13,16:00:00,1QFinancialStatements_NonConsolidated_JP,2023-12-31,8011000,8011000.0,1602200.0,after,期末日の後〜開示日に分割・併合,True,False
34960,2021-01-27,15:00:00,1QFinancialStatements_Consolidated_JP,2020-12-31,2933400,2933400.0,2933400.0,,近くに分割・併合なし,True,True
35260,2017-11-09,16:00,2QFinancialStatements_Consolidated_JP,2017-09-30,60569390,605693900.0,60569390.0,before,期末日の前10営業日以内に分割・併合,True,False
35380,2017-11-10,15:00,1QFinancialStatements_Consolidated_JP,2017-09-30,9551680,4775840.0,2387920.0,after,期末日の後〜開示日に分割・併合,True,False
36260,2020-05-12,15:30:00,FYFinancialStatements_Consolidated_JP,2020-03-31,87789098,29263032.666666664,87789098.0,before,期末日の前10営業日以内に分割・併合,True,False
36280,2018-08-09,15:00:00,FYFinancialStatements_Consolidated_JP,2018-06-30,356506,356506.0,356506.0,,近くに分割・併合なし,True,True
36480,2017-10-30,16:00,2QFinancialStatements_Consolidated_JP,2017-09-30,17767932,17767932.0,8883966.0,after,期末日の後〜開示日に分割・併合,True,False
36650,2017-12-14,15:00,3QFinancialStatements_Consolidated_JP,2017-10-31,2132100,2132100.0,2132100.0,,近くに分割・併合なし,True,True
36770,2019-05-13,16:00:00,2QFinancialStatements_Consolidated_JP,2019-03-31,23670400,11835200.0,5917600.0,after,期末日の後〜開示日に分割・併合,True,False
37500,2018-02-09,15:00,3QFinancialStatements_Consolidated_JP,2017-12-31,7183195,7183195.0,1436639.0,after,期末日の後〜開示日に分割・併合,True,False
37580,2017-08-14,13:10,2QFinancialStatements_Consolidated_JP,2017-06-30,8302510,4151255.0,8302510.0,before,,False,False
37630,2019-01-30,12:30:00,3QFinancialStatements_Consolidated_JP,2018-12-31,15102800,15102800.0,7551400.0,after,期末日の後〜開示日に分割・併合,True,False
38360,2017-11-06,15:00,1QFinancialStatements_Consolidated_JP,2017-09-30,18776000,9388000.0,4694000.0,after,期末日の後〜開示日に分割・併合,True,False
38440,2017-10-30,15:30,2QFinancialStatements_Consolidated_JP,2017-09-30,5358300,1786100.0,5358300.0,before,期末日の前10営業日以内に分割・併合,True,False
38480,2023-02-06,15:30:00,3QFinancialStatements_Consolidated_JP,2022-12-31,7414000,7414000.0,3707000.0,after,期末日の後〜開示日に分割・併合,True,False
39020,2017-05-11,15:30,1QFinancialStatements_Consolidated_JP,2017-03-31,20007200,20007200.0,10003600.0,after,期末日の後〜開示日に分割・併合,True,False
39020,2018-05-14,15:30:00,1QFinancialStatements_Consolidated_JP,2018-03-31,40014400,20007200.0,10003600.0,after,期末日の後〜開示日に分割・併合,True,False
39210,2017-12-11,15:00,3QFinancialStatements_NonConsolidated_JP,2017-10-31,14685600,7342800.0,3671400.0,after,期末日の後〜開示日に分割・併合,True,False
39240,2023-11-13,15:00:00,2QFinancialStatements_Consolidated_JP,2023-09-30,17967900,11978600.0,5989300.0,after,期末日の後〜開示日に分割・併合,True,False
39250,2018-05-14,15:30:00,FYFinancialStatements_Consolidated_JP,2018-03-31,3360000,1680000.0,3360000.0,before,期末日の前10営業日以内に分割・併合,True,False
39260,2018-02-09,15:00,3QFinancialStatements_Consolidated_JP,2017-12-31,31260000,31260000.0,10420000.0,after,期末日の後〜開示日に分割・併合,True,False
39360,2021-11-10,15:30:00,2QFinancialStatements_Consolidated_JP,2021-09-30,17541915,3508383.0,1169461.0,after,,False,False
39390,2017-08-08,17:00,3QFinancialStatements_NonConsolidated_JP,2017-06-30,8022000,4011000.0,1337000.0,after,期末日の後〜開示日に分割・併合,True,False
39400,2019-08-09,14:30:00,2QFinancialStatements_NonConsolidated_JP,2019-06-30,11431800,3810600.0,1905300.0,after,期末日の後〜開示日に分割・併合,True,False
39830,2017-08-14,15:00,2QFinancialStatements_Consolidated_JP,2017-06-30,8300000,8300000.0,4150000.0,after,,False,False
39890,2018-08-06,15:00:00,3QFinancialStatements_Consolidated_IFRS,2018-06-30,18343200,18343200.0,6114400.0,after,期末日の後〜開示日に分割・併合,True,False
40460,2024-11-08,16:00:00,2QFinancialStatements_Consolidated_JP,2024-09-30,26732017,26732017.0,133660085.0,before,期末日の前10営業日以内に分割・併合,True,False
40510,2023-02-13,15:31:00,1QFinancialStatements_Consolidated_JP,2022-12-31,8260220,8260220.0,4130110.0,after,期末日の後〜開示日に分割・併合,True,False
40820,2017-05-11,15:00,FYFinancialStatements_Consolidated_JP,2017-03-31,24400000,24400000.0,4880000.0,after,期末日の後〜開示日に分割・併合,True,False
42870,2018-09-14,15:10:00,2QFinancialStatements_Consolidated_JP,2018-07-31,4235446,1411815.3333333333,4235446.0,before,期末日の前10営業日以内に分割・併合,True,False
43420,2019-08-07,15:00:00,1QFinancialStatements_Consolidated_JP,2019-06-30,13109501,12485239.047619047,13109501.0,before,,False,False
43440,2018-02-14,15:00,3QFinancialStatements_Consolidated_JP,2017-12-31,63465000,63465000.0,31732500.0,after,期末日の後〜開示日に分割・併合,True,False
43450,2017-08-10,15:30,1QFinancialStatements_Consolidated_JP,2017-06-30,44800000,22400000.0,11200000.0,after,期末日の後〜開示日に分割・併合,True,False
44130,2025-07-15,16:00:00,1QFinancialStatements_Consolidated_IFRS,2025-05-31,16039554,4009888.5,8019777.0,before,,False,False
44280,2019-08-09,15:00:00,2QFinancialStatements_NonConsolidated_JP,2019-06-30,6030000,6030000.0,1206000.0,after,期末日の後〜開示日に分割・併合,True,False
44300,2019-09-30,15:00:00,1QFinancialStatements_NonConsolidated_JP,2019-08-31,4673600,4673600.0,4673600.0,,近くに分割・併合なし,True,True
44310,2021-09-14,15:30:00,1QFinancialStatements_NonConsolidated_JP,2021-07-31,19586600,19586600.0,9793300.0,after,期末日の後〜開示日に分割・併合,True,False
44380,2019-11-11,15:30:00,3QFinancialStatements_NonConsolidated_JP,2019-09-30,7784800,7784800.0,1946200.0,after,期末日の後〜開示日に分割・併合,True,False
44390,2020-01-10,15:30:00,1QFinancialStatements_Consolidated_JP,2019-11-30,7200000,7200000.0,2400000.0,after,期末日の後〜開示日に分割・併合,True,False
44500,2024-08-14,15:00:00,2QFinancialStatements_Consolidated_JP,2024-06-30,2921470,2921470.0,1460735.0,after,期末日の後〜開示日に分割・併合,True,False
45260,2020-09-30,16:00:00,FYFinancialStatements_Consolidated_JP,2020-03-31,20352550,10176275.0,20352550.0,before,期末日の前10営業日以内に分割・併合,True,False
45260,2020-10-28,13:30:00,1QFinancialStatements_Consolidated_JP,2020-06-30,40705100,20352550.0,20352550.0,,近くに分割・併合なし,True,False
45260,2020-10-28,13:30:00,FYFinancialStatements_Consolidated_JP,2020-03-31,20352550,10176275.0,20352550.0,before,期末日の前10営業日以内に分割・併合,True,False
45650,2018-02-14,15:30,3QFinancialStatements_Consolidated_IFRS,2017-12-31,19054984,19054984.0,19054984.0,,近くに分割・併合なし,True,True
46170,2021-10-29,15:00:00,2QFinancialStatements_Consolidated_JP,2021-09-30,62000000,62000000.0,62000000.0,,近くに分割・併合なし,True,True
46740,2020-02-04,16:00:00,3QFinancialStatements_Consolidated_JP,2019-12-31,24000000,24000000.0,12000000.0,after,期末日の後〜開示日に分割・併合,True,False
48320,2025-04-25,15:30:00,FYFinancialStatements_Consolidated_JP,2025-03-31,15706000,3926500.0,7853000.0,before,期末日の前10営業日以内に分割・併合,True,False
50280,2023-11-13,15:00:00,2QFinancialStatements_NonConsolidated_JP,2023-09-30,8363943,8363943.0,2787981.0,after,期末日の後〜開示日に分割・併合,True,False
50740,2023-08-14,15:00:00,FYFinancialStatements_Consolidated_JP,2023-06-30,35346100,24099613.636363633,35346100.0,before,,False,False
51390,2023-11-13,15:30:00,3QFinancialStatements_NonConsolidated_JP,2023-09-30,21292040,21292040.0,5323010.0,after,期末日の後〜開示日に分割・併合,True,False
53520,2017-10-30,15:00,2QFinancialStatements_Consolidated_JP,2017-09-30,91145280,911452800.0,91145280.0,before,期末日の前10営業日以内に分割・併合,True,False
53550,2018-11-08,14:00:00,2QFinancialStatements_Consolidated_JP,2018-09-30,14090400,140904000.0,14090400.0,before,期末日の前10営業日以内に分割・併合,True,False
53800,2018-02-05,15:00,2QFinancialStatements_NonConsolidated_JP,2017-12-31,4158417,41584170.0,4158417.0,before,期末日の前10営業日以内に分割・併合,True,False
55880,2024-05-15,15:30:00,1QFinancialStatements_NonConsolidated_JP,2024-03-31,10649120,10649120.0,5324560.0,after,,False,False
55880,2024-05-17,09:00:00,1QFinancialStatements_NonConsolidated_JP,2024-03-31,10649120,10649120.0,5324560.0,after,,False,False
56100,2019-08-13,16:00:00,2QFinancialStatements_NonConsolidated_JP,2019-06-30,13580000,135800000.0,135800000.0,,近くに分割・併合なし,True,True
56120,2018-10-31,15:00:00,2QFinancialStatements_Consolidated_JP,2018-09-30,32930749,329307490.0,32930749.0,before,期末日の前10営業日以内に分割・併合,True,False
56440,2018-11-13,14:10:00,2QFinancialStatements_Consolidated_JP,2018-09-30,15786910,78934550.0,15786910.0,before,期末日の前10営業日以内に分割・併合,True,False
56980,2022-05-13,16:00:00,3QFinancialStatements_Consolidated_JP,2022-03-31,30102454,15051227.0,7525613.5,after,期末日の後〜開示日に分割・併合,True,False
57070,2025-05-15,15:30:00,FYFinancialStatements_Consolidated_JP,2025-03-31,31122547,311225470.0,311225470.0,,近くに分割・併合なし,True,True
57240,2021-02-05,15:45:00,1QFinancialStatements_Consolidated_JP,2020-12-31,5144600,5144600.0,2572300.0,after,期末日の後〜開示日に分割・併合,True,False
58210,2025-05-09,15:30:00,FYFinancialStatements_Consolidated_JP,2025-03-31,17627800,16788380.95238095,17627800.0,before,,False,False
60310,2022-02-14,16:00:00,2QFinancialStatements_Consolidated_JP,2021-12-31,6344112,6344112.0,3172056.0,after,期末日の後〜開示日に分割・併合,True,False
60330,2018-11-14,15:00:00,2QFinancialStatements_Consolidated_JP,2018-09-30,5411976,5411976.0,2705988.0,after,期末日の後〜開示日に分割・併合,True,False
60370,2023-09-14,15:00:00,FYFinancialStatements_NonConsolidated_JP,2023-07-31,11844400,2961100.0,5922200.0,before,期末日の前10営業日以内に分割・併合,True,False
60460,2018-11-06,15:30:00,FYFinancialStatements_NonConsolidated_JP,2018-09-30,19500000,19500000.0,3250000.0,after,期末日の後〜開示日に分割・併合,True,False
60620,2021-02-05,15:10:00,2QFinancialStatements_Consolidated_JP,2020-12-31,37712000,2357000.0,2357000.0,,近くに分割・併合なし,True,True
61040,2018-05-09,15:00:00,FYFinancialStatements_Consolidated_JP,2018-03-31,194885530,194885530.0,194885530.0,,近くに分割・併合なし,True,True
61380,2020-05-12,13:00:00,FYFinancialStatements_Consolidated_JP,2020-03-31,29992999,299929990.0,299929990.0,,近くに分割・併合なし,True,True
61430,2020-11-13,15:00:00,3QFinancialStatements_Consolidated_JP,2020-09-30,47052517,47052517.0,47052517.0,,近くに分割・併合なし,True,True
61840,2018-09-13,15:30:00,2QFinancialStatements_Consolidated_JP,2018-07-31,37150400,37150400.0,9287600.0,after,期末日の後〜開示日に分割・併合,True,False
61880,2018-02-09,15:00,3QFinancialStatements_NonConsolidated_JP,2017-12-31,6750000,6750000.0,2250000.0,after,期末日の後〜開示日に分割・併合,True,False
61880,2019-02-14,16:00:00,3QFinancialStatements_NonConsolidated_JP,2018-12-31,13500000,4500000.0,2250000.0,after,期末日の後〜開示日に分割・併合,True,False
61920,2018-03-14,15:30,3QFinancialStatements_Consolidated_JP,2018-01-31,22457700,7485900.0,2495300.0,after,期末日の後〜開示日に分割・併合,True,False
62000,2018-05-10,15:30:00,2QFinancialStatements_Consolidated_JP,2018-03-31,17048600,17048600.0,8524300.0,after,,False,False
62390,2020-02-13,17:00:00,2QFinancialStatements_Consolidated_JP,2019-12-31,7078400,7078400.0,3539200.0,after,期末日の後〜開示日に分割・併合,True,False
62930,2018-08-03,15:00:00,1QFinancialStatements_Consolidated_JP,2018-06-30,2227200,2227200.0,2227200.0,,近くに分割・併合なし,True,True
63020,2017-10-31,15:00,2QFinancialStatements_Consolidated_JP,2017-09-30,614527405,3072637025.0,614527405.0,before,期末日の前10営業日以内に分割・併合,True,False
63580,2017-11-10,15:00,2QFinancialStatements_Consolidated_JP,2017-09-30,42753172,427531720.0,42753172.0,before,期末日の前10営業日以内に分割・併合,True,False
64050,2022-08-10,15:00:00,1QFinancialStatements_Consolidated_JP,2022-06-30,12960000,12960000.0,6480000.0,after,期末日の後〜開示日に分割・併合,True,False
64160,2018-11-13,15:00:00,2QFinancialStatements_Consolidated_JP,2018-09-30,15525000,155250000.0,15525000.0,before,期末日の前10営業日以内に分割・併合,True,False
64780,2017-10-27,14:40,2QFinancialStatements_Consolidated_JP,2017-09-30,17473454,34946908.0,17473454.0,before,期末日の前10営業日以内に分割・併合,True,False
65380,2018-08-13,15:00:00,1QFinancialStatements_NonConsolidated_JP,2018-06-30,20892000,3482000.0,1741000.0,after,期末日の後〜開示日に分割・併合,True,False
65390,2018-11-07,15:00:00,2QFinancialStatements_NonConsolidated_JP,2018-09-30,6215700,1553925.0,6215700.0,before,期末日の前10営業日以内に分割・併合,True,False
65430,2022-10-13,15:00:00,2QFinancialStatements_Consolidated_JP,2022-08-31,2020300,1010150.0,2020300.0,before,期末日の前10営業日以内に分割・併合,True,False
65650,2018-07-31,16:00:00,1QFinancialStatements_NonConsolidated_JP,2018-06-30,7088000,3544000.0,7088000.0,before,期末日の前10営業日以内に分割・併合,True,False
65670,2020-10-15,15:00:00,1QFinancialStatements_Consolidated_JP,2020-08-31,6329400,6329400.0,3164700.0,after,期末日の後〜開示日に分割・併合,True,False
65690,2019-05-10,13:45:00,FYFinancialStatements_Consolidated_JP,2019-03-31,33961200,16980600.0,8490300.0,after,期末日の後〜開示日に分割・併合,True,False
65740,2025-08-14,15:30:00,1QFinancialStatements_Consolidated_IFRS,2025-06-30,43349600,43349600.0,4334960.0,after,,False,False
67690,2019-02-06,15:00:00,FYFinancialStatements_Consolidated_JP,2018-12-31,1234100,1234100.0,1234100.0,,近くに分割・併合なし,True,True
67690,2019-05-08,15:00:00,1QFinancialStatements_Consolidated_JP,2019-03-31,12340100,12340100.0,12340100.0,,近くに分割・併合なし,True,True
67690,2019-07-16,15:00:00,FYFinancialStatements_Consolidated_JP,2018-12-31,1234100,1234100.0,1234100.0,,近くに分割・併合なし,True,True
68060,2018-05-08,16:00:00,FYFinancialStatements_Consolidated_JP,2018-03-31,40020736,38114986.666666664,40020736.0,before,,False,False
68610,2017-02-01,16:00,2QFinancialStatements_Consolidated_JP,2016-12-20,121603842,121603842.0,60801921.0,after,期末日の後〜開示日に分割・併合,True,False
69570,2024-08-09,16:00:00,1QFinancialStatements_Consolidated_JP,2024-06-30,7779865,3889932.5,7779865.0,before,期末日の前10営業日以内に分割・併合,True,False
69600,2018-07-31,15:00:00,1QFinancialStatements_Consolidated_JP,2018-06-30,1958000,1958000.0,1958000.0,,近くに分割・併合なし,True,True
69620,2021-11-11,15:20:00,2QFinancialStatements_Consolidated_JP,2021-09-30,36196968,36196968.0,9049242.0,after,期末日の後〜開示日に分割・併合,True,False
70310,2022-11-14,15:00:00,2QFinancialStatements_Consolidated_JP,2022-09-30,2614800,2614800.0,871600.0,after,期末日の後〜開示日に分割・併合,True,False
70340,2019-06-14,15:00:00,2QFinancialStatements_NonConsolidated_JP,2019-04-30,5137200,5137200.0,2568600.0,after,期末日の後〜開示日に分割・併合,True,False
70660,2021-11-12,15:00:00,FYFinancialStatements_Consolidated_JP,2021-09-30,4639800,4639800.0,2319900.0,after,,False,False
70660,2023-08-14,15:00:00,3QFinancialStatements_Consolidated_JP,2023-06-30,9647400,4823700.0,2411850.0,after,,False,False
70940,2021-02-10,15:00:00,3QFinancialStatements_Consolidated_JP,2020-12-31,9237000,9237000.0,3079000.0,after,,False,False
70950,2024-06-13,15:00:00,FYFinancialStatements_Consolidated_JP,2024-04-30,14654272,14654272.0,3663568.0,after,期末日の後〜開示日に分割・併合,True,False
72190,2023-01-13,15:15:00,1QFinancialStatements_Consolidated_JP,2022-11-30,16000000,40000000.0,40000000.0,,近くに分割・併合なし,True,True
72730,2017-11-10,15:00,2QFinancialStatements_NonConsolidated_JP,2017-09-30,15385000,153850000.0,15385000.0,before,期末日の前10営業日以内に分割・併合,True,False
73520,2022-01-13,15:30:00,1QFinancialStatements_Consolidated_JP,2021-11-30,10389680,10389680.0,5194840.0,after,期末日の後〜開示日に分割・併合,True,False
73880,2023-07-14,15:00:00,2QFinancialStatements_NonConsolidated_JP,2023-05-31,23000000,23000000.0,11500000.0,after,期末日の後〜開示日に分割・併合,True,False
74460,2018-05-02,15:00:00,2QFinancialStatements_Consolidated_JP,2018-03-31,4800000,24000000.0,4800000.0,before,期末日の前10営業日以内に分割・併合,True,False
75050,2021-11-05,15:00:00,FYFinancialStatements_NonConsolidated_JP,2021-09-30,3480490,8701225.0,17402450.0,before,期末日の前10営業日以内に分割・併合,True,False
75190,2018-11-09,17:30:00,2QFinancialStatements_Consolidated_JP,2018-09-30,20203174,202031740.0,20203174.0,before,期末日の前10営業日以内に分割・併合,True,False
76380,2025-05-15,16:05:00,FYFinancialStatements_Consolidated_JP,2025-03-31,17386204,316112799.99999994,347724080.0,before,,False,False
76830,2024-09-13,15:00:00,2QFinancialStatements_Consolidated_JP,2024-07-31,19068560,9534280.0,4767140.0,after,期末日の後〜開示日に分割・併合,True,False
76920,2023-03-17,15:00:00,2QFinancialStatements_NonConsolidated_JP,2023-01-31,36710400,12236800.0,3059200.0,after,期末日の後〜開示日に分割・併合,True,False
77690,2019-03-14,18:30:00,FYFinancialStatements_Consolidated_JP,2018-03-31,9385093,93850930.0,93850930.0,,近くに分割・併合なし,True,True
78040,2022-09-09,15:00:00,3QFinancialStatements_NonConsolidated_JP,2022-07-31,2300,2300.0,2300.0,,近くに分割・併合なし,True,True
78690,2018-05-08,15:15:00,2QFinancialStatements_Consolidated_JP,2018-03-31,4020000,40200000.0,4020000.0,before,期末日の前10営業日以内に分割・併合,True,False
78780,2017-10-16,22:15,2QFinancialStatements_NonConsolidated_JP,2017-07-31,3960000,39600000.0,3960000.0,before,期末日の前10営業日以内に分割・併合,True,False
78780,2017-10-24,15:00,2QFinancialStatements_NonConsolidated_JP,2017-07-31,3960000,39600000.0,3960000.0,before,期末日の前10営業日以内に分割・併合,True,False
78780,2017-12-12,15:00,3QFinancialStatements_NonConsolidated_JP,2017-10-31,396000,3960000.0,3960000.0,,近くに分割・併合なし,True,False
78780,2017-12-14,15:00,2QFinancialStatements_NonConsolidated_JP,2017-07-31,3960000,39600000.0,3960000.0,before,期末日の前10営業日以内に分割・併合,True,False
80220,2025-05-13,13:00:00,FYFinancialStatements_Consolidated_JP,2025-03-31,26578243,44297071.666666664,132891215.0,before,期末日の前10営業日以内に分割・併合,True,False
80900,2018-08-08,15:00:00,2QFinancialStatements_Consolidated_JP,2018-06-30,112714687,1127146870.0,112714687.0,before,期末日の前10営業日以内に分割・併合,True,False
80930,2018-11-09,15:00:00,2QFinancialStatements_Consolidated_JP,2018-09-30,32479592,162397960.0,32479592.0,before,期末日の前10営業日以内に分割・併合,True,False
81110,2018-05-15,10:00:00,FYFinancialStatements_Consolidated_JP,2018-03-31,11912043,5956021.5,11912043.0,before,期末日の前10営業日以内に分割・併合,True,False
82020,2017-02-14,15:45,FYFinancialStatements_Consolidated_JP,2016-12-31,663881033,663881033.0,663881033.0,,近くに分割・併合なし,True,True
82540,2021-07-15,15:00:00,1QFinancialStatements_Consolidated_JP,2021-05-31,4970314,49703140.0,49703140.0,,近くに分割・併合なし,True,True
82540,2021-08-31,15:00:00,FYFinancialStatements_Consolidated_JP,2021-02-28,3135314,31353140.0,31353140.0,,近くに分割・併合なし,True,True
82600,2020-10-12,15:00:00,2QFinancialStatements_Consolidated_JP,2020-08-31,114480495,114480495.0,114480495.0,,近くに分割・併合なし,True,True
85960,2018-08-09,16:00:00,1QFinancialStatements_Consolidated_JP,2018-06-30,29952374,29952374.0,29952374.0,,近くに分割・併合なし,True,True
86130,2020-10-29,12:00:00,2QFinancialStatements_Consolidated_JP,2020-09-30,6738262,6738262.0,6738262.0,,近くに分割・併合なし,True,True
87040,2018-05-15,15:10:00,FYFinancialStatements_Consolidated_JP,2018-03-31,97598736,97598736.0,97598736.0,,近くに分割・併合なし,True,True
87830,2025-05-20,17:30:00,FYFinancialStatements_Consolidated_JP,2025-03-31,25970219,259702190.0,259702190.0,,近くに分割・併合なし,True,True
87830,2025-05-30,17:00:00,3QFinancialStatements_Consolidated_JP,2024-12-31,14313829,143138290.0,143138290.0,,近くに分割・併合なし,True,True
89250,2022-06-14,15:00:00,3QFinancialStatements_NonConsolidated_JP,2022-04-30,33723415,33723415.0,337234150.0,after,期末日の後〜開示日に分割・併合,True,False
89380,2021-01-29,16:15:00,3QFinancialStatements_Consolidated_JP,2020-12-31,9051000,4525500.0,4525500.0,,近くに分割・併合なし,True,True
89380,2021-05-10,18:40:00,FYFinancialStatements_Consolidated_JP,2020-03-31,5560400,2780200.0,2780200.0,,近くに分割・併合なし,True,True
90050,2017-08-08,16:00,1QFinancialStatements_Consolidated_JP,2017-06-30,624869876,624869876.0,1249739752.0,after,期末日の後〜開示日に分割・併合,True,False
90210,2024-04-30,15:00:00,FYFinancialStatements_Consolidated_JP,2024-03-31,244001600,122000800.0,244001600.0,before,期末日の前10営業日以内に分割・併合,True,False
90590,2023-08-01,15:00:00,1QFinancialStatements_Consolidated_JP,2023-06-30,11654360,5827180.0,11654360.0,before,期末日の前10営業日以内に分割・併合,True,False
91660,2024-06-11,15:00:00,1QFinancialStatements_Consolidated_JP,2024-04-30,69058000,69058000.0,34529000.0,after,,False,False
92380,2024-04-15,15:00:00,FYFinancialStatements_NonConsolidated_JP,2024-02-29,2300800,2300800.0,1150400.0,after,,False,False
92730,2018-11-09,15:30:00,1QFinancialStatements_Consolidated_JP,2018-09-30,9904995,9904995.0,3301665.0,after,期末日の後〜開示日に分割・併合,True,False
92730,2020-11-12,15:00:00,1QFinancialStatements_Consolidated_JP,2020-09-30,19809990,6603330.0,3301665.0,after,期末日の後〜開示日に分割・併合,True,False
92730,2021-02-10,15:00:00,2QFinancialStatements_Consolidated_JP,2020-12-31,19809990,3301665.0,3301665.0,,近くに分割・併合なし,True,False
92730,2021-05-13,15:30:00,3QFinancialStatements_Consolidated_JP,2021-03-31,39619980,6603330.0,3301665.0,after,期末日の後〜開示日に分割・併合,True,False
93020,2025-05-09,15:30:00,FYFinancialStatements_Consolidated_JP,2025-03-31,74953206,374766030.0,124922009.99999999,after,期末日の後〜開示日に分割・併合,True,False
93110,2017-10-27,14:00,2QFinancialStatements_Consolidated_JP,2017-09-30,14180000,141800000.0,14180000.0,before,期末日の前10営業日以内に分割・併合,True,False
95520,2023-07-28,15:00:00,3QFinancialStatements_Consolidated_JP,2023-06-30,57668844,57668844.0,19222948.0,after,期末日の後〜開示日に分割・併合,True,False
95560,2025-09-12,11:30:00,FYFinancialStatements_Consolidated_JP,2025-07-31,9363940,9363940.0,4681970.0,after,,False,False
95600,2023-07-13,15:00:00,3QFinancialStatements_NonConsolidated_JP,2023-05-31,11812992,11812992.0,3937664.0,after,,False,False
97880,2024-02-09,15:30:00,3QFinancialStatements_Consolidated_JP,2023-12-31,46613500,46613500.0,23306750.0,after,期末日の後〜開示日に分割・併合,True,False
98760,2023-01-13,15:00:00,3QFinancialStatements_Consolidated_JP,2022-11-30,2711028,2711028.0,2711028.0,,近くに分割・併合なし,True,True
98780,2018-11-02,16:00:00,2QFinancialStatements_NonConsolidated_JP,2018-09-20,16704289,167042890.0,16704289.0,before,期末日の前10営業日以内に分割・併合,True,False
