last,fixed|cost_0.3%,fixed|cost_0.5%,fixed|cost_tick,fixed|no_cost,min_equity|cost_0.3%,min_equity|cost_0.5%,min_equity|cost_tick,min_equity|no_cost
2018-10-05,-0.019371666666666666,-0.021841666666666665,-0.02094,-0.015666666666666666,-0.019371666666666676,-0.021841666666666648,-0.02093999999999996,-0.015666666666666718
2018-10-12,-0.029732999999999885,-0.03288833333333333,-0.03134633333333322,-0.025,-0.030320355826281342,-0.03362270934323852,-0.03201676437943868,-0.02539790044023027
2018-10-19,0.0,0.0,0.0,0.0,0.0,0.0,0.0,0.0
2018-10-26,-0.10258833333333324,-0.10542499999999991,-0.10467033333333325,-0.09833333333333333,-0.09862038794315242,-0.10210662914652235,-0.10157146620586166,-0.09346768589298127
2018-11-02,0.023984333333333392,0.02241833333333343,0.02185733333333337,0.026333333333333334,0.02798254459811611,0.02641330110299256,0.02567062813018839,0.030279800689919423
2018-11-09,-0.004058666666666589,-0.00698666666666657,-0.006851333333333411,0.0003333333333333333,-0.0033053305217027873,-0.006081859262065059,-0.005936797572149932,0.0007440476190476719
2018-11-16,-0.07247533333333325,-0.07523666666666656,-0.07751599999999996,-0.06833333333333333,-0.0591375667139481,-0.06223786049895752,-0.06461199741819246,-0.06728624535315986
2018-11-22,0.019543000000000078,0.017238333333333335,0.011788333333333333,0.023,0.0204254776669206,0.018493849409572105,0.013285563048853088,0.023515344758868073
2018-11-30,0.019828333333333333,0.01815833333333343,0.019742333333333372,0.022333333333333334,0.01873924891980172,0.01759979363118447,0.019132109470327174,0.02063862928348903
2018-12-07,-0.07984633333333321,-0.08218833333333324,-0.08015733333333327,-0.07633333333333334,-0.05370273781859325,-0.056496716389533574,-0.055254313420347034,-0.05036245707745135
2018-12-14,-0.04356099999999996,-0.045268333333333334,-0.044333333333333336,-0.041,-0.048672190746858024,-0.04897933480966821,-0.047965828134230226,-0.044596223382884714
2018-12-21,-0.1777043333333333,-0.17995166666666657,-0.18333333333333332,-0.17433333333333334,-0.17006145537501727,-0.1763498436227432,-0.18031618974213015,-0.16274179983179138
2018-12-28,0.04244666666666667,0.03963333333333343,0.03674533333333335,0.04666666666666667,0.053208569343482726,0.05255753379138839,0.04906475037364699,0.05474635861376198
2019-01-04,0.0,0.0,0.0,0.0,0.00904681916323824,0.008778339295034243,0.009251207282550356,0.00952380952380949
2019-01-11,0.006638333333333334,0.005508333333333333,0.005,0.008333333333333333,0.07490794313637528,0.0730883091514336,0.07451830531468273,0.0759433962264151
2019-01-18,0.020111000000000157,0.01751833333333343,0.013982000000000019,0.024,0.017825825803978734,0.015682290159998002,0.0127704769094934,0.02279701885138108
2019-01-25,-0.01222633333333341,-0.014154999999999904,-0.014209333333333294,-0.009333333333333334,0.005411695856796017,0.003792887063198469,0.0028077150393852612,0.009429918559794359
2019-02-01,-0.030678999999999845,-0.03379833333333314,-0.034265333333333356,-0.026,-0.03992226069593019,-0.05113737286591202,-0.05220467491596936,-0.034819532908704875
2019-02-08,0.003778666666666783,0.0011866666666666666,0.0030880000000000777,0.007666666666666666,0.0005405530487099242,-0.0013225358652764196,6.498954259193113e-05,0.008358996920369455
2019-02-15,-0.02661866666666659,-0.02925333333333314,-0.029817333333333276,-0.02266666666666667,-0.053873921212552744,-0.04999914797693206,-0.05218518059026356,-0.022251308900523514
2019-02-22,-0.002977666666666628,-0.005184999999999903,-0.0038443333333331975,0.0003333333333333333,-0.0028326326714893657,-0.003679711363030691,-0.004155351989478695,0.0008924587237839621
2019-03-01,-0.01038966666666655,-0.012204999999999903,-0.01038966666666655,-0.007666666666666666,-0.008362696988164053,-0.019937656245177626,-0.019014952838160015,-0.010254123941150217
2019-03-08,-0.017472333333333177,-0.020231666666666474,-0.018846666666666668,-0.013333333333333334,-0.014463095942046644,-0.016070959953813024,-0.016125293230652038,0.007207207207207134
2019-03-15,-0.005555666666666705,-0.006148333333333333,-0.007,-0.004666666666666667,0.0056432836696946875,0.0050221904538374496,0.00474102431632617,0.005366726296958779
2019-03-22,0.013264666666666744,0.010996666666666764,0.01252200000000002,0.016666666666666666,0.007539688874344641,0.00700070856299706,0.007530051629261125,0.018238434163700967
2019-03-29,0.030695666666666704,0.027381666666666762,0.02781299999999998,0.035666666666666666,0.04101834623455103,0.041957323227664656,0.043475475612275716,0.044560943643512374
2019-04-05,-0.022846999999999923,-0.024744999999999902,-0.022846999999999923,-0.02,-0.015147313905821802,-0.01663724334687311,-0.019482712047541928,-0.010037641154328703
2019-04-12,-0.008044333333333294,-0.00985166666666657,-0.008322333333333275,-0.005333333333333333,-0.00745833661321782,-0.009125514403292123,-0.008348229705714472,-0.005069708491761693
2019-04-19,0.040208666666666684,0.03723666666666686,0.03813466666666665,0.04466666666666667,0.017004182927796485,0.019195228058517477,0.017556275104257946,0.051380042462845
2019-04-26,-0.0076309999999998645,-0.010718333333333333,-0.009069333333333294,-0.003,-0.0025208029635341855,-0.013961650031707906,-0.013891323468502859,-0.033117932148626794
2019-05-10,-0.005443999999999845,-0.007739999999999903,-0.006,-0.002,-0.012911654926908933,-0.016055170276238817,-0.016779614446409075,-0.001670843776106934
2019-05-17,0.07034700000000012,0.06791166666666676,0.07009900000000004,0.074,0.04549231347830762,0.04622141021501558,0.0461010647035105,0.005439330543933085
2019-05-24,0.047902333333333276,0.045615,0.04790233333333337,0.051333333333333335,-0.0312802966292719,-0.03554824027679848,-0.024875619354184142,-0.027881814398668325
2019-05-31,-0.02158899999999994,-0.023314999999999902,-0.02158900000000004,-0.019,-0.020547531158573995,-0.02465211023208258,-0.022543753022520208,-0.015410958904109595
2019-06-07,-0.06881733333333317,-0.07180666666666657,-0.06996,-0.06433333333333334,-0.048711982797047026,-0.055698255328569535,-0.053861644571981726,-0.03826086956521735
2019-06-14,-0.017295666666666706,-0.019048333333333237,-0.01729566666666661,-0.014666666666666666,0.08732410466390395,0.07070284805567861,0.07066518552437806,0.08453887884267641
2019-06-21,0.05500866666666678,0.053236666666666765,0.055008666666666685,0.057666666666666665,-0.017960337233437373,-0.01723992381193573,-0.018480335602894526,-0.017507294706127552
2019-06-28,-0.044256666666666666,-0.04731666666666657,-0.04871366666666668,-0.03966666666666667,-0.007966333080487331,-0.010579098964638822,-0.009809000459948147,-0.004242681374628798
2019-07-05,0.01221200000000002,0.011020000000000097,0.012,0.014,0.011872407589513356,0.011959217116222609,0.01303872337859402,0.011930123561993966
2019-07-12,-0.012127333333333275,-0.013989999999999904,-0.012765999999999864,-0.009333333333333334,0.0272589138036472,0.03274851606192053,0.035174569669394806,-0.023578947368421033
2019-07-19,-0.042679999999999906,-0.04446666666666662,-0.04286400000000004,-0.04,-0.040193623753375096,-0.03842589347600911,-0.03604384901515856,-0.039672272531263486
2019-07-26,0.01522,0.014700000000000048,0.015,0.016,0.015591312715446337,0.017278291177002636,0.017197958172415984,0.014369106421194378
2019-08-02,-0.04393266666666653,-0.047443333333333136,-0.04560199999999997,-0.03866666666666667,-0.04338366695851348,-0.04592271375000989,-0.04543807055158644,-0.02965914121292612
2019-08-09,-0.009329333333333198,-0.011993333333333236,-0.009811333333333266,-0.005333333333333333,-0.00496189809904235,0.0016189016503338483,0.0036685954283146582,-0.005474452554744547
2019-08-16,-0.04616866666666659,-0.04850333333333324,-0.047584999999999905,-0.042666666666666665,-0.05772236393207786,-0.06639821153338787,-0.06603985851319738,-0.05229357798165135
2019-08-23,0.06303066666666671,0.06060666666666677,0.05871166666666667,0.06666666666666667,0.00048353261224232114,-0.000690114701822897,-0.002361884382216628,0.002420135527589462
2019-08-30,0.001061333333333411,-0.0017866666666665697,-0.0018679999999998836,0.005333333333333333,0.016956628198781187,0.004533493677517653,0.004705358722935982,0.023177209077740235
2019-09-06,0.02249966666666684,0.019055000000000193,0.010286666666666763,0.027666666666666666,0.02900228420324935,0.0277567880711298,0.018851107473109252,0.03161868806040591
2019-09-13,-0.06106266666666653,-0.06399333333333324,-0.06130166666666657,-0.056666666666666664,-0.029620974750212303,-0.015866379882018444,-0.015611331050995325,-0.034766697163769456
2019-09-20,-0.03434699999999987,-0.036578333333333234,-0.03474799999999993,-0.031,-0.03465334024083577,-0.023458168171071492,-0.022097922306613893,-0.028436018957345932
2019-09-27,0.0062526666666667735,0.003310000000000097,0.004246333333333314,0.010666666666666666,0.016886784426396018,0.015363430176045023,0.016661150790051815,0.019024390243902456
2019-10-04,-0.053392999999999934,-0.054988333333333236,-0.053392999999999934,-0.051,-0.025767393017102846,-0.029984192409401644,-0.028683173522860872,-0.02106270943034949
2019-10-11,-0.041662666666666626,-0.0436599999999999,-0.04166266666666658,-0.03866666666666667,0.002477314678970277,0.003874540431377582,0.004865943263101524,-0.02933985330073352
2019-10-18,-0.0038566666666666667,-0.005983333333333236,-0.004285999999999961,-0.0006666666666666666,0.012692045999330936,0.012452627522612891,0.013316546414217312,0.014609571788413156
2019-10-25,-0.058271333333333265,-0.06023,-0.0596946666666666,-0.05533333333333333,-0.0548550915218573,-0.023142417876184096,-0.022743238077033268,-0.04816285998013903
2019-11-01,-0.01580066666666661,-0.016556666666666667,-0.015800666666666633,-0.014666666666666666,0.005324919948340057,0.004963936297173399,0.004889957616292406,-0.02712571726656232
2019-11-08,0.03407666666666671,0.031016666666666765,0.03225400000000006,0.03866666666666667,0.0065579739507299895,0.01989504501341699,0.007224426188225719,0.006970509383378065
2019-11-15,0.04055266666666672,0.0378100000000001,0.03870333333333333,0.04466666666666667,0.03445806536112239,0.031901965362212126,0.03261099969019554,0.035676251331203446
2019-11-22,0.018950333333333402,0.017361666666666765,0.01854333333333343,0.021333333333333333,0.07373212027736042,0.05359049033485719,0.055451162447957,0.07249357326478156
2019-11-29,-0.005097666666666628,-0.006718333333333236,-0.005475,-0.0026666666666666666,0.005246538295441638,0.003926006073470711,0.005381509814938568,-0.010546500479386434
2019-12-06,-0.006881999999999971,-0.008803333333333285,-0.007333333333333333,-0.004,-0.006746614505576454,-0.005265395110312765,-0.004409146774984718,-0.003875968992248069
2019-12-13,0.024552666666666775,0.021810000000000145,0.02369300000000008,0.028666666666666667,0.027817513105841574,-0.0042787235508994215,-0.0028249400745123943,0.030642023346303393
2019-12-20,-0.002124333333333246,-0.00465166666666657,-0.0029280000000000777,0.0016666666666666668,0.0033038053450815674,0.0008832332427950451,0.002181749141040301,0.007550731477111938
2019-12-27,-0.00870199999999997,-0.010503333333333285,-0.01292,-0.006,-0.008509452661335737,-0.003291912407466846,-0.005539438865921786,-0.004683840749414525
2019-12-30,0.0,0.0,0.0,0.0,-0.007000395522346992,-0.007771258555323013,-0.007798413245716285,-0.0065882352941176725
2020-01-10,-0.01276966666666655,-0.014838333333333236,-0.01276966666666655,-0.009666666666666667,-0.009878709110840656,-0.00026852996626591796,0.0010127793213370317,-0.007579346281383237
2020-01-17,-0.05017066666666651,-0.05250666666666652,-0.05298,-0.04666666666666667,-0.041871178358606986,-0.04843231507025614,-0.049056639751974274,-0.03770883054892604
2020-01-24,-0.05008700000000002,-0.050811666666666665,-0.05008699999999992,-0.049,-0.052688011660674494,-0.0729558712834022,-0.07490102154377487,-0.04960317460317465
2020-01-31,-0.030933333333333334,-0.032,-0.03336666666666667,-0.029333333333333333,-0.02356167331025527,-0.02711840753098793,-0.026807839747132856,-0.019832985386221247
2020-02-07,0.03339533333333345,0.030770000000000096,0.022772000000000018,0.037333333333333336,0.0013261579637191545,-0.0006389901347745308,-0.010481349421331276,0.04579339723109688
2020-02-14,-0.003925333333333304,-0.005653333333333236,-0.0063586666666666375,-0.0013333333333333333,-0.024528651144825053,-0.008602522362643472,-0.010592371771064424,-0.004073319755600768
2020-02-21,-0.01923366666666659,-0.02161166666666657,-0.020340333333333304,-0.015666666666666666,-0.011347493563976574,-0.020917996321170307,-0.021411542561128205,-0.009202453987730008
2020-02-28,-0.12729066666666658,-0.13037333333333323,-0.1400893333333333,-0.12266666666666666,-0.12701276367152026,-0.13144946629742127,-0.14367930443391908,-0.11764705882352944
2020-03-06,-0.030367333333333323,-0.031056666666666666,-0.0303673333333333,-0.029333333333333333,-0.02525044534583809,-0.0292726906884595,-0.029619438719820534,-0.021052631578947323
2020-03-13,-0.19185966666666668,-0.1946549999999998,-0.1951626666666667,-0.18766666666666668,-0.20865956977292988,-0.24023087931055043,-0.2156691560546763,-0.1762246117084827
2020-03-19,-0.031093333333333285,-0.0316,-0.031093333333333334,-0.030333333333333334,-0.029837008798171416,-0.007408145812456413,-0.030424122762384376,-0.022480058013052973
2020-03-27,0.06987866666666673,0.06735333333333333,0.06924800000000007,0.07366666666666667,0.0925604363918171,0.10388024673738938,0.1049566593918354,0.09198813056379818
2020-04-03,-0.13027466666666665,-0.13268,-0.13033333333333333,-0.12666666666666668,-0.10007676053875514,-0.08021375010773679,-0.08421539163584468,-0.10597826086956519
2020-04-10,0.12768599999999997,0.12547666666666665,0.12668533333333326,0.131,0.1351296843834755,0.10629913061585694,0.11013792904337172,0.11322188449848025
2020-04-17,0.035828666666666786,0.033936666666666664,0.035,0.03866666666666667,0.06344835117905623,0.05287305478826765,0.05576912148149993,0.055972696245733866
2020-04-24,0.035,0.035,0.035,0.035,-0.033381640327731166,-0.04105566604840305,-0.04196735669516183,-0.051712992889463516
2020-05-01,-0.015605999999999913,-0.01801,-0.015605999999999816,-0.012,0.0004400253391170228,-0.0014588062024897264,-0.0009522993267243596,0.002044989775051187
2020-05-08,0.019700666666666658,0.017723333333333334,0.017434666666666696,0.02266666666666667,0.0009002683370238351,0.0005227635521782847,0.0,0.0020408163265306367
2020-05-15,-0.061348666666666586,-0.06247,-0.06134866666666668,-0.059666666666666666,-0.0038464522851473504,-0.00907360583696426,-0.008578863586536922,-0.015614392396469778
2020-05-22,0.04895266666666668,0.047143333333333336,0.048952666666666825,0.051666666666666666,0.03911856065061925,0.05876288174452582,0.059610226038131264,0.08965517241379306
2020-05-29,0.01212200000000002,0.01087,0.01,0.014,0.005414046843208453,0.004562128993530257,0.0036294676478327847,0.0132911392405064
2020-06-05,-0.05666233333333327,-0.059548333333333335,-0.057153333333333285,-0.052333333333333336,-0.05478622477780992,-0.05032290048291199,-0.051532877071486016,-0.0430980637101811
2020-06-12,0.1909533333333334,0.18936666666666666,0.19051999999999994,0.19333333333333333,0.08952709500758949,0.10134139975390544,0.1199992374343477,0.18929503916449075
2020-06-19,0.007744666666666744,0.004463333333333527,0.004898000000000078,0.012666666666666666,0.00977663845866883,-0.016187392877547002,-0.01723688913853838,0.01042810098792546
2020-06-26,0.02709033333333345,0.023595000000000196,0.02517233333333342,0.03233333333333333,0.022315232842357258,0.03999655869574559,0.03897025011106514,0.01195002715915261
2020-07-03,-0.07014733333333323,-0.07335666666666647,-0.07014733333333313,-0.06533333333333333,-0.13796693934538407,-0.058957347539789984,-0.05678541868275022,-0.10413311862587227
2020-07-10,0.00921433333333344,0.005801666666666861,0.009131333333333411,0.014333333333333333,-0.0006707732155605273,-0.0021932716228452165,-0.0008837044892188173,0.018573996405032878
2020-07-17,-0.053132666666666606,-0.056109999999999806,-0.06007033333333333,-0.048666666666666664,0.012199153992616507,0.014637799264365814,0.011271891031310766,0.011176470588235343
2020-07-22,0.0018540000000000145,-0.00024333333333333333,0.00107966666666672,0.005,-0.0010849787887466933,-0.0024919900320398147,-0.0017492548174478095,-0.006399069226294407
2020-07-31,0.08959133333333331,0.08776333333333333,0.08939833333333333,0.09233333333333334,0.036290961972172076,0.03680733274142156,0.03850723357725627,0.07201405152224827
2020-08-07,0.013013000000000005,0.011688333333333334,0.012799000000000015,0.015,0.024831404908880028,0.02535460769621478,0.026153848749761677,0.034407427635172017
2020-08-14,-0.022082333333333252,-0.024581666666666474,-0.02489099999999989,-0.018333333333333333,-0.0247952617385071,-0.027908671462083534,-0.028870486905304138,-0.018479408658922947
2020-08-21,0.1714733333333334,0.1689,0.16866466666666668,0.17533333333333334,0.08787180453364485,0.0066289314533112265,0.003386446931413545,0.06455083378160298
2020-08-28,-0.13247099999999987,-0.134785,-0.1342043333333333,-0.129,-0.13643039237419552,-0.043164113163025264,-0.04471898337719438,-0.11571500757958564
2020-09-04,0.002602000000000068,0.0010033333333334304,0.0023880000000000776,0.005,0.04040021921028547,-0.009750722559149216,-0.008832525598867269,0.01828571428571424
2020-09-11,-0.00634766666666658,-0.008134999999999903,-0.006532666666666628,-0.0036666666666666666,0.014620625844598,0.014739193980686238,0.015149098316756815,-0.0028058361391695152
2020-09-18,-0.004335666666666657,-0.005448333333333334,-0.004534666666666647,-0.0026666666666666666,0.005758697841548033,0.005800469085196713,0.006144776194083601,0.002813731007315745
2020-09-25,-0.007408999999999942,-0.009014999999999903,-0.00740899999999999,-0.005,-0.005567450457644396,-0.0060568827820127735,-0.006107248518774089,-0.003928170594837299
2020-10-02,0.0008546666666666473,-0.0003533333333333333,0.0008546666666666473,0.0026666666666666666,-0.01755247507014246,-0.020814652958535906,-0.028090405458668033,-0.009577464788732448
2020-10-09,0.0017350000000000486,-0.00044166666666656967,0.0015860000000000097,0.005,0.07123470117115249,0.0376200213371265,0.03883744182286697,0.07736063708759944
2020-10-16,-0.029341999999999875,-0.03223666666666647,-0.034314666666666646,-0.025,-0.038841400023102324,-0.04613941214019168,-0.04868807376938711,-0.036430834213305174
2020-10-23,-0.005184333333333246,-0.007751666666666666,-0.00623100000000001,-0.0013333333333333333,-0.02624225738760244,-0.018117878492542205,-0.01553676318043018,-0.023013698630137025
2020-10-30,-0.045722333333333226,-0.047981666666666666,-0.045772333333333276,-0.042333333333333334,-0.018811852246411798,-0.01396493442930391,-0.012068560564214459,-0.011217049915872135
2020-11-06,0.05134133333333346,0.04868,0.04985300000000003,0.05533333333333333,0.04352050155743603,0.027508976369186255,0.028190746105683395,0.04254112308564939
2020-11-13,-0.0364099999999999,-0.03935,-0.038085333333333256,-0.032,-0.024300824910030494,-0.018366020153862794,-0.017364617672245508,-0.013601741022850944
2020-11-20,0.06742033333333344,0.064145,0.06633333333333333,0.07233333333333333,0.04214840902089878,0.04515977702963725,0.04743396215885909,0.05791505791505802
2020-11-27,0.029495333333333353,0.02827,0.029495333333333353,0.03133333333333333,0.007636874122601833,0.007322428898951294,0.003551833234326063,0.02450469238790398
2020-12-04,-0.049270333333333256,-0.051228333333333334,-0.05042899999999984,-0.04633333333333333,-0.009771732332707894,-0.012559466342814463,-0.01238741827621992,-0.018829516539440205
2020-12-11,-0.04584799999999998,-0.04708,-0.04933333333333333,-0.044,-0.029763937947437813,-0.03491921640800566,-0.037628373226874845,-0.03578838174273857
2020-12-18,-0.022281333333333313,-0.022913333333333334,-0.02266666666666667,-0.021333333333333333,-0.0006581873022216689,-0.0024708562731785566,-0.004654717696026434,-0.0010758472296933386
2020-12-25,-0.06060799999999998,-0.06234666666666667,-0.06266666666666657,-0.058,-0.03999367982000346,-0.046584621606220344,-0.047700151237538235,-0.04684975767366717
2020-12-30,0.03718533333333347,0.03442,0.034831000000000084,0.04133333333333333,0.021083922543371658,0.02234572245224542,0.021607202662793146,0.03446327683615813
2021-01-08,-0.007952333333333202,-0.010365,-0.009505666666666536,-0.004333333333333333,0.005127602042158896,0.005190874245060151,0.004806864972278779,0.008192244675040872
2021-01-15,-0.03480399999999994,-0.036673333333333336,-0.03588,-0.032,-0.019600671901476074,-0.021247256149040328,-0.02108155636498621,-0.026002166847237218
2021-01-22,0.03516200000000002,0.03327,0.033563666666666686,0.038,-0.0025779325965347155,-0.004868838475325155,-0.003920265456020422,0.06729699666295885
2021-01-29,-0.004440999999999913,-0.006735,-0.006,-0.001,-0.0037158266940438,-0.006486627050246052,-0.005887351417968589,-0.0031266284523189247
2021-02-05,0.028982666666666726,0.026526666666666667,0.027740666666666608,0.03266666666666666,0.049353456782761596,0.05487831477720517,0.05626106714412882,0.06481965499215891
2021-02-12,0.06350399999999999,0.061173333333333337,0.06231,0.067,0.07495820271264142,0.015953462939903407,0.01682032343613038,0.05056455571919494
2021-02-19,-0.0027320000000000196,-0.0038866666666666667,-0.0028439999999999416,-0.001,0.03355862596806536,0.039610139978743186,0.041320278568632185,0.0004672897196260628
2021-02-26,0.01785000000000005,0.016416666666666666,0.01785,0.02,0.017065788032986307,-0.035190526531020394,-0.034465746944654096,0.014012143858010306
2021-03-05,-0.057530666666666654,-0.05944,-0.057530666666666654,-0.05466666666666667,-0.06023201244841159,-0.039729634673135616,-0.04025161716678416,-0.035006909258406216
2021-03-12,0.04750266666666673,0.045393333333333334,0.04750266666666668,0.050666666666666665,0.06696461207432525,0.08804815860031989,0.09024329384784457,0.07494033412887835
2021-03-19,0.008290000000000049,0.007150000000000049,0.006666666666666667,0.01,0.007026823138506444,0.007405681141407161,0.006988352164030598,0.010657193605683846
2021-03-26,-0.07885399999999987,-0.08142333333333318,-0.0817906666666667,-0.075,-0.03669793626277096,-0.0464122006597264,-0.05031394164623737,-0.08435852372583474
2021-04-02,0.017148000000000004,0.01458,0.017148000000000222,0.021,-0.015186256641620766,-0.020449603766464763,-0.020095692031692702,-0.03454894433781186
2021-04-09,-0.03362599999999991,-0.03604333333333333,-0.03486366666666664,-0.03,-0.023785001157123675,-0.037996918053236794,-0.038219101720605275,-0.0313121272365805
2021-04-16,-0.01584799999999993,-0.018413333333333334,-0.01584799999999969,-0.012,-0.024524320582402948,-0.0035946014235384016,-0.0029076473062585872,-0.009235505387378162
2021-04-23,-0.019111333333333314,-0.020296666666666668,-0.020520666666666704,-0.017333333333333333,-0.01365589444245141,-0.0175402502332479,-0.018468800363932503,-0.011910926980838954
2021-04-30,0.005397333333333421,0.00344,0.004079000000000039,0.008333333333333333,0.0012870428242837129,-0.002576227604108361,-0.002970997126055419,0.0
2021-05-07,-0.003696333333333314,-0.005271666666666667,-0.003696333333333314,-0.0013333333333333333,-0.006989054150625451,-0.009911625408915548,-0.010926117592837237,0.01467505241090139
2021-05-14,-0.053110999999999964,-0.054518333333333335,-0.053110999999999964,-0.051,-0.006544221791007554,-0.04814084229213911,-0.049208545817173044,-0.031508264462809965
2021-05-21,0.06067266666666672,0.05801,0.05915933333333339,0.06466666666666666,0.006388101046115313,-0.03761307235594591,-0.03908057146357791,0.020266666666666655
2021-05-28,-0.05004733333333328,-0.05185666666666667,-0.052,-0.04733333333333333,-0.051427367800900514,-0.03739812013479893,-0.03847160026468455,-0.04391008886565606
2021-06-04,-0.017333333333333333,-0.017333333333333333,-0.017333333333333333,-0.017333333333333333,0.006947969119395214,0.008058788329577071,0.009145344676609213,-0.014215418261344981
2021-06-11,0.06480699999999998,0.062011666666666666,0.06365099999999996,0.069,0.02254136244670346,0.027350598051616437,0.02605458775978109,0.04603438713255681
2021-06-18,-0.016435,-0.018725,-0.017277666666666726,-0.013,-0.005407741258633414,-0.009126156969899824,-0.008832342270927662,-0.0042417815482502785
2021-06-25,0.0061483333333333815,0.0033583333333333334,0.0013333333333334304,0.010333333333333333,0.004061962246494133,0.003765831752883031,0.0022277619235386847,0.009584664536741228
2021-07-02,-0.0140496666666666,-0.016971666666666666,-0.017333333333333333,-0.009666666666666667,-0.009203315661711398,-0.01472448597318965,-0.015559670223903588,-0.008438818565400852
2021-07-09,-0.0254796666666666,-0.028021666666666667,-0.026670333333333254,-0.021666666666666667,-0.01402252059580733,-0.015550694050288971,-0.01580560014992738,-0.012765957446808529
2021-07-16,-0.002781333333333314,-0.003746666666666667,-0.002781333333333314,-0.0013333333333333333,-0.003467186800090727,0.002328588461172565,0.0022942041520506162,-0.0010775862068965747
2021-07-21,-0.04084766666666663,-0.04296833333333333,-0.04084766666666653,-0.03766666666666667,-0.02116404763870472,-0.022751514813056595,-0.0228895282697118,-0.028586839266450892
2021-07-30,0.0023590000000001357,0.0005983333333333333,0.0023590000000001357,0.005,-0.004018808398176366,-0.008303284168900027,-0.008199006280438792,0.007773459189339249
2021-08-06,-0.05132366666666659,-0.053095,-0.05132366666666659,-0.048666666666666664,-0.04118428008561015,-0.037542209775380475,-0.03779102038116955,-0.04958677685950408
2021-08-13,0.014754666666666647,0.014146666666666667,0.012999999999999902,0.015666666666666666,0.028125499054751035,0.02448165821473669,0.02454704564032184,0.03420289855072456
2021-08-20,-0.03197533333333331,-0.033736666666666665,-0.03466266666666682,-0.029333333333333333,-0.032250254687198665,-0.03033101126747384,-0.03234454850604118,-0.029147982062780242
2021-08-27,0.07650466666666679,0.07373,0.07111833333333324,0.08066666666666666,0.04742434065111256,0.050373066862742455,0.04704355986045372,0.10219399538106244
2021-09-03,-0.008008999999999844,-0.011348333333333334,-0.010058999999999844,-0.003,0.004847969126406948,0.006317420243286742,0.005911828623182291,0.005238344683080154
2021-09-10,0.05886866666666669,0.05767,0.05886866666666669,0.06066666666666667,0.005526584601386553,0.008564211630678331,0.007052501169539704,0.047420531526836784
2021-09-17,-0.005514666666666647,-0.007413333333333333,-0.008431333333333313,-0.0026666666666666666,-0.020747830153829194,-0.000412702181668112,-0.0035015558579861716,-0.003980099502487566
2021-09-24,0.0482906666666668,0.045373333333333335,0.048290666666666704,0.05266666666666667,0.007130249701500224,0.015474237882472597,0.016398012560877584,-0.00649350649350644
2021-10-01,0.033955000000000096,0.03125833333333333,0.033818000000000174,0.038,-0.02403307156829615,-0.014074387622113438,-0.014981066237055751,-0.009552538964303636
2021-10-08,-0.022667333333333275,-0.024223333333333333,-0.022667333333333275,-0.02033333333333333,0.01935132908350523,-0.008253351335167358,-0.012869079346063517,0.010152284263959421
2021-10-15,0.01954733333333337,0.01769,0.01941333333333343,0.022333333333333334,0.01641580960769562,-0.01437131888036991,-0.015407188282951734,0.03266331658291466
2021-10-22,-0.0033583333333331877,-0.0060416666666666665,-0.003358333333333285,0.0006666666666666666,-0.016408108475497674,-0.0025890715751148985,-0.0024074283609505365,-0.010218978102189746
2021-10-29,0.012795333333333402,0.00977,0.012795333333333402,0.017333333333333333,0.02883754114743775,0.017643275565367045,0.018099285440210666,0.041297935103244754
2021-11-05,-0.006158666666666638,-0.007153333333333334,-0.006158666666666638,-0.004666666666666667,-0.005519207665435566,-0.011922656463514536,-0.011851683294578308,0.0056657223796034994
2021-11-12,-0.012424333333333148,-0.015151666666666667,-0.012780333333333354,-0.008333333333333333,-0.039357083219716316,-0.008320944115986051,-0.014392596448386863,-0.0014084507042253502
2021-11-19,0.01672133333333341,0.014313333333333334,0.015305000000000048,0.02033333333333333,0.01096475232419869,0.00943670319708989,0.004867589399363714,-0.01833568406205921
2021-11-26,-0.05852666666666671,-0.06043333333333333,-0.05852666666666676,-0.05566666666666667,-0.0058779759317660885,-0.0083698868280776,-0.009688021488031606,-0.008141762452107293
2021-12-03,0.07636066666666673,0.07349,0.07233333333333333,0.08066666666666666,0.05004660581969356,0.07212185947150851,0.020788444559664,0.05601158860453892
2021-12-10,-0.07327166666666664,-0.07434166666666667,-0.075,-0.07166666666666667,-0.06988772297394552,-0.04397145456120577,-0.049115795879543955,-0.058984910836762716
2021-12-17,-0.03053299999999993,-0.031555,-0.031,-0.029,-0.025545618711070972,-0.03982057802420591,-0.03149558683837217,-0.035957240038872684
2021-12-24,-0.0031129999999999322,-0.005855,-0.007294999999999903,0.001,-0.001989140121829047,-0.014392223480558686,-0.005203170812293045,-0.040826612903225756
2021-12-30,-0.00025066666666646295,-0.0033066666666666665,-0.003197333333333275,0.004333333333333333,0.014064966927350486,-0.005170680327476362,-0.00784557810142239,-0.0026274303730950965
2022-01-07,-0.07091433333333329,-0.07330166666666667,-0.07566666666666666,-0.06733333333333333,-0.06304634583208801,-0.04762019346455537,-0.03953808967765904,-0.05163329820864071
2022-01-14,0.0178003333333334,0.015445,0.01607766666666663,0.021333333333333333,0.04872315604664723,0.03755779580080332,0.03842132273636656,0.05111111111111111
2022-01-21,-0.10521799999999988,-0.10736333333333334,-0.10521799999999988,-0.102,-0.019913855068821373,-0.04419159635216885,-0.04889251838755104,-0.008456659619450302
2022-01-28,-0.04672399999999984,-0.04854,-0.05266666666666667,-0.044,-0.04582073287531707,-0.04409469882741068,-0.04862718509729591,-0.041577825159914705
2022-02-04,0.021235,0.019391666666666668,0.016568333333333334,0.024,-0.03836886152058683,0.011487206823027618,0.011682891281934449,-0.04282536151279204
2022-02-10,-0.018543999999999942,-0.02024,-0.020338666666666783,-0.016,-0.0232739242462221,-0.02004558509657184,-0.018765463463642607,-0.02149912841371293
2022-02-18,-0.03741099999999986,-0.039018333333333335,-0.0395200000000001,-0.035,-0.014171513921174328,-0.02793742983712111,-0.023537649942185546,-0.016627078384798155
2022-02-25,-0.030577000000000118,-0.032295,-0.03057700000000002,-0.028,-0.011090044460472459,-0.02505445869783185,-0.022598461496741273,-0.0024154589371980784
2022-03-04,0.010955333333333353,0.008703333333333334,0.008108666666666686,0.014333333333333333,0.018183230601083178,0.017349732589975853,0.01078978115241025,0.021186440677966045
2022-03-11,-0.02060299999999998,-0.023005,-0.024999999999999904,-0.017,-0.01867020735491054,-0.0216903254594637,-0.02439909601349266,-0.01541197391819793
2022-03-18,0.06801200000000002,0.06535333333333333,0.06586700000000002,0.072,0.06600747022115772,0.045553995595686736,0.050018600667122826,0.05237808549066836
2022-03-25,0.0047466666666667635,0.0034666666666666665,0.0,0.006666666666666667,0.010572272223094314,0.010742353911484592,0.0059544898341972186,0.005720823798627039
2022-04-01,0.00882133333333341,0.0058133333333333335,0.006000000000000097,0.013333333333333334,0.0038440643036279365,0.008908520753953653,0.0,0.012514220705347023
2022-04-08,-0.012466666666666666,-0.013666666666666667,-0.012466666666666666,-0.010666666666666666,-0.0027269722619689407,-0.0010093178081093113,-0.004439432818063138,-0.008988764044943864
2022-04-15,-0.035613999999999896,-0.03802333333333333,-0.03728866666666659,-0.032,0.012325456121976996,-0.011883175537787172,-0.014864097556045008,-0.03401360544217691
2022-04-22,-0.00044566666666655995,-0.0022983333333333332,-0.005333333333333333,0.0023333333333333335,0.0024687059866119743,-0.005498412096506589,-0.009053023558984963,0.0023474178403755097
2022-04-28,-0.004030000000000097,-0.00605,-0.0055383333333333335,-0.001,-0.04338307260012264,-0.0007694036100689416,-0.004567864766840901,-0.015807962529273967
2022-05-06,0.01408866666666659,0.013036666666666667,0.011952666666666627,0.015666666666666666,-0.004687591856688544,-0.005580767815527965,0.0015296086343348225,-0.002974419988102328
2022-05-13,-0.051051333333333365,-0.05353,-0.056646666666666665,-0.04733333333333333,-0.05032972863188445,-0.07062048172131385,-0.0351272676178519,-0.059069212410501226
2022-05-20,0.051301333333333365,0.04994666666666667,0.04817733333333337,0.05333333333333334,0.0014348595583468793,-0.02080675961630607,-0.025325993016357295,0.05326569435637296
2022-05-27,0.004184000000000038,0.00164,-0.005333333333333333,0.008,0.003419116325136473,-0.03538970084408177,-0.03248008158996485,0.007224563515954241
2022-06-03,0.04592266666666677,0.04409333333333333,0.04564533333333345,0.048666666666666664,0.034973759907222624,-0.0003746867852654212,-0.005035567894561943,0.03945008965929464
2022-06-10,0.11788500000000007,0.11580833333333333,0.11720633333333332,0.121,0.10501538619722095,0.15853629967436778,0.015183159514273736,0.10408280621046573
2022-06-17,-0.06855366666666676,-0.07181166666666666,-0.06889233333333347,-0.06366666666666666,-0.07068418753916461,-0.02940799805878891,-0.03157394451627049,-0.051562499999999956
2022-06-24,-0.0014603333333333285,-0.0022116666666666665,-0.0014603333333333527,-0.0003333333333333333,0.04738172448389455,0.02343782552535445,-0.03260336123494656,0.0
2022-07-01,0.006408000000000005,0.004013333333333333,0.006040000000000097,0.01,-0.009131346632200055,-0.03014799183025363,0.04079735775025606,0.012081274025260935
2022-07-08,0.03214833333333348,0.029358333333333334,0.031185666666666705,0.036333333333333336,0.004611193860142082,-0.0035751766599034784,-0.027268296174598805,0.0385241454150842
2022-07-15,0.002878666666666686,0.0016866666666666666,0.002437333333333372,0.004666666666666667,-0.007149625712781993,-0.009991644373292585,-0.005256131277134757,0.011494252873563315
2022-07-22,0.04710666666666671,0.046066666666666665,0.04666666666666667,0.048666666666666664,0.03695306940445686,0.0680870379301537,0.07925856256670905,0.040289256198347
2022-07-29,0.002917666666666725,-0.0002483333333333333,0.0017856666666667056,0.007666666666666666,0.011688369786515995,-0.00021248904353365905,-0.011423684889075969,0.01588877855014892
2022-08-05,-0.04688066666666651,-0.049023333333333335,-0.04830399999999985,-0.043666666666666666,0.0016709050829948335,0.00914561249701129,-0.006603253422961419,-0.010752688172043001
2022-08-12,-0.016292666666666678,-0.018043333333333335,-0.01629266666666663,-0.013666666666666667,-0.04307801550335111,-0.031880795835225295,-0.041544663837197904,-0.01679841897233203
2022-08-19,-0.013551333333333169,-0.016363333333333334,-0.01498866666666659,-0.009333333333333334,0.028471479933922517,0.010442089233634988,0.008669087075778181,0.04422110552763825
2022-08-26,-0.0009196666666665503,-0.003755,-0.003132666666666628,0.0033333333333333335,0.0049751101338402215,-0.007595890549205064,-0.01718915982824587,0.007699711260827691
2022-09-02,-0.0632993333333332,-0.06527666666666666,-0.06400166666666667,-0.060333333333333336,-0.050731746229210395,-0.02909073652239924,-0.029732650998142485,-0.05348615090735431
2022-09-09,0.005099333333333294,0.0042766666666666665,0.005099333333333294,0.006333333333333333,-0.017357821623897873,-0.014244516908381133,-0.03605149595682455,0.0055499495459132575
2022-09-16,-0.020204000000000038,-0.021006666666666667,-0.020204000000000038,-0.019,-0.003252716196185057,-0.001777960374859222,-0.003739981524491287,-0.07977922729553433
2022-09-22,-0.04318400000000014,-0.04530666666666667,-0.05207466666666674,-0.04,-0.03521843889195808,-0.050964363264784485,-0.04129423645079777,-0.03544165757906215
2022-09-30,0.022913666666666686,0.021078333333333334,0.02291366666666659,0.025666666666666667,-0.03179296618602934,-0.018476147749364125,-0.023494308503764882,0.01469756924816279
2022-10-07,0.15493766666666672,0.15311833333333333,0.15493766666666672,0.15766666666666668,-0.023237683273394483,-0.01666806328988557,-0.014034750041101662,0.006128133704735417
2022-10-14,-0.01074099999999996,-0.013235,-0.01233333333333343,-0.007,-0.01099970110724624,-0.023682803820856524,-0.028469056169447726,-0.007751937984496138
2022-10-21,0.020984000000000037,0.01764,0.02098399999999994,0.026,-0.023565006661225518,-0.013886243890052441,-0.006279277129616845,0.033482142857142794
2022-10-28,-0.04197733333333318,-0.04374,-0.042366666666666664,-0.03933333333333333,-0.019421504847840887,-0.014484123790977854,-0.006318955603017873,-0.004319654427645814
2022-11-04,-0.010366333333333363,-0.013055,-0.010803666666666685,-0.006333333333333333,-0.02233839068067256,-0.0114309975994904,-0.010598564530419963,-0.0005422993492407713
2022-11-11,0.014019666666666696,0.012921666666666666,0.014019666666666647,0.015666666666666666,0.007255121511193341,0.014850422055932677,0.0064272584314917225,0.008681497558328921
2022-11-18,0.05639833333333348,0.054441666666666666,0.05564666666666676,0.059333333333333335,0.01405398786557499,0.01571554137639164,0.0,0.05164066702528247
2022-11-25,-0.037794999999999856,-0.03965833333333333,-0.042,-0.035,-0.027186877374337892,-0.03697827776575846,0.0,-0.0322250639386189
2022-12-02,-0.03540133333333341,-0.03678,-0.03636066666666671,-0.03333333333333333,0.007404982573648189,0.009110726528438695,0.04896096321115784,-0.028012684989429215
2022-12-09,-0.021936666666666667,-0.024783333333333334,-0.029525,-0.017666666666666667,-0.0027723116730629105,-0.005153236644871884,-0.030440658979385415,-0.02066340402392608
2022-12-16,-0.012367333333333275,-0.015723333333333332,-0.017819666666666647,-0.007333333333333333,-0.018818122572782814,-0.025476967959024432,-0.012558554259233579,-0.0072182121043864456
2022-12-23,-0.12372766666666653,-0.126435,-0.12720833333333323,-0.11966666666666667,-0.07155811303470605,-0.05125697373792315,-0.05511253555818374,-0.07214765100671139
2022-12-30,0.0012516666666666668,-0.0016916666666666666,-0.00019666666666647264,0.005666666666666667,0.0005797587086806555,0.002303755031060284,-0.0022433495901400535,0.012658227848101333
2023-01-06,-0.007055000000000097,-0.009758333333333334,-0.007116000000000155,-0.003,-0.037994718747382694,-0.00048294489062195023,0.008993574091311629,-0.013690476190476142
2023-01-13,-0.07959333333333338,-0.08243333333333333,-0.0838,-0.07533333333333334,-0.01839109358832791,-0.016982820329276893,-0.020055174012059696,-0.06819553409776702
2023-01-20,0.07648166666666671,0.073025,0.07101533333333325,0.08166666666666667,0.23798359063849617,0.25583914365294413,0.020465615492015976,0.06411917098445596
2023-01-27,0.13025400000000015,0.12775666666666666,0.12994899999999984,0.134,0.09845692836209596,0.08168501619929058,-0.0066850580040198615,0.12111990261716366
2023-02-03,0.0004860000000001552,-0.0018566666666666666,8.066666666670547e-05,0.004,-0.059333487877269,-0.0712950368201335,-0.03365024385210025,0.0032573289902280145
2023-02-10,-0.022166333333333312,-0.024721666666666666,-0.029498333333333335,-0.018333333333333333,-0.01594035322036025,-0.020368112324042564,-0.006964402616758125,-0.030844155844155896
2023-02-17,0.06337733333333347,0.06074,0.06262266666666663,0.06733333333333333,0.07485281655341303,0.08218683714352992,0.009350994244462951,0.06923506420993863
2023-02-24,0.02985933333333344,0.027543333333333333,0.029859333333333488,0.03333333333333333,-0.012287097663339464,-0.02614081056249329,-0.02547699890217281,0.036553524804177506
2023-03-03,-0.027353999999999747,-0.030923333333333334,-0.029703999999999845,-0.022,8.845811192492725e-05,0.011922232937789046,0.0,0.017128463476070444
2023-03-10,-0.007483000000000029,-0.010471666666666667,-0.009064333333333294,-0.003,-0.007096029635058176,-0.01541436464088386,-0.014259842856531701,-0.001981178801386818
2023-03-17,0.0034080000000001748,0.00168,0.0023333333333333335,0.006,0.02337246950252747,0.05896133774760082,-0.0337542976453965,0.02977667493796532
2023-03-24,0.052781666666666664,0.05085833333333333,0.048666666666666664,0.05566666666666667,0.03627928280824744,0.04230529760091106,-0.004990493110624272,0.053012048192771166
2023-03-31,0.004303666666666686,0.003395,0.004303666666666686,0.005666666666666667,-0.0034510172550862306,-0.014158527208139149,-0.022569853697192666,0.022883295194507935
2023-04-07,-0.07930099999999986,-0.08216833333333333,-0.08907833333333323,-0.075,-0.0745837614796726,-0.08466928377585625,-0.08210138494773689,-0.07695749440715882
2023-04-14,-0.016004333333333294,-0.01845166666666667,-0.016004333333333294,-0.012333333333333333,0.004027247353662444,0.0007957858561387088,0.011180617281880023,-0.0009694619486184664
2023-04-21,-0.012378666666666588,-0.01352,-0.01678400000000004,-0.010666666666666666,-0.003763775309633899,-0.008296331740681562,-0.008292744953864672,-0.006307617661329479
2023-04-28,0.018792333333333373,0.016431666666666667,0.018792333333333567,0.022333333333333334,0.002202836585733392,0.0010217693639484882,-0.013936816050752254,0.00732421875
2023-05-02,-0.012276666666666667,-0.012683333333333333,-0.012276666666666667,-0.011666666666666667,-0.030880095707960464,-0.007301029232470335,-0.008480277700827044,-0.014541929229277772
2023-05-12,-0.0037946666666665504,-0.005213333333333334,-0.0037946666666665504,-0.0016666666666666668,0.003733546444983027,-0.010239492738100209,-0.039913103471869604,-0.012297097884899189
2023-05-19,-0.006369999999999903,-0.009283333333333333,-0.012666666666666666,-0.002,-0.019375586582984106,-0.008981906328456302,-0.020786193216574156,-0.028386454183266907
2023-05-26,-0.028116333333333313,-0.030638333333333333,-0.02817133333333322,-0.024333333333333332,-0.0408288465638218,-0.06069871220889966,-0.018194940593518893,-0.03382880574064584
2023-06-02,0.0006443333333332945,0.000185,0.0006443333333332945,0.0013333333333333333,0.023644938150752637,0.0161824086058171,0.024709508836737948,-0.0053050397877983935
2023-06-09,0.0041966666666666185,0.0018833333333333334,0.0026493333333332944,0.007666666666666666,-0.016618409488050045,-0.02357436488022102,-0.012056835924548204,0.005866666666666687
2023-06-16,-0.0063389999999999905,-0.008565,-0.007867333333333372,-0.003,0.0169791111246822,0.0220189648977549,0.012203977276194156,0.05779427359490996
2023-06-23,-0.024390666666666512,-0.026873333333333332,-0.024390666666666512,-0.020666666666666667,-0.008441937141635991,0.009285796171042193,-0.003014208981137023,-0.02205513784461155
2023-06-30,0.027229333333333244,0.024493333333333332,0.027229333333333487,0.03133333333333333,-0.004242928937054802,-0.007428441617446602,-0.021163253336235588,0.027165556125064105
2023-07-07,0.025075666666666704,0.022015,0.024065000000000194,0.029666666666666668,0.012303470797532468,0.01352619412720557,-0.021620820232145732,0.009980039920159722
2023-07-14,-0.004693666666666735,-0.006045,-0.009442333333333372,-0.0026666666666666666,-0.006240460506931722,-0.00351518983530541,-0.03156944330443656,0.01037549407114624
2023-07-21,-0.00811966666666655,-0.010421666666666666,-0.012885333333333256,-0.004666666666666667,-0.019565621802622446,-0.01312837557125035,-0.022818993226018658,-0.0009779951100244988
2023-07-28,-0.03231933333333315,-0.03564333333333333,-0.03738599999999996,-0.027333333333333334,-0.019493579617954948,-0.019487626964262317,-0.0066719597547386655,-0.02496328928046987
2023-08-04,-0.01744600000000001,-0.019743333333333335,-0.021333333333333333,-0.014,-0.016674850691932752,-0.005089733881858738,-0.006716773799208764,-0.015562248995983907
2023-08-10,-0.009513999999999845,-0.011856666666666666,-0.015333333333333332,-0.006,-0.006912439562277606,-0.010514009525378731,-0.0067621939261973685,-0.006119326874043818
2023-08-18,-0.03772566666666661,-0.03909833333333333,-0.03953900000000004,-0.035666666666666666,-0.031590015939915506,-0.04204299455233129,-0.05446586011805432,-0.0364289379168804
2023-08-25,0.056176666666666666,0.05385,0.05155,0.059666666666666666,0.029354099815705137,0.03857392369647439,0.0072004089832302665,0.07294994675186373
2023-09-01,-0.009044000000000038,-0.010406666666666666,-0.009044000000000038,-0.007,0.004352347571544124,0.007189141367849761,-0.010723400604799704,-0.016377171215880892
2023-09-08,0.004311000000000058,0.0018516666666666666,0.004310999999999767,0.008,-0.018583396424347254,-0.009495999810079758,-0.014452851186217641,0.003531786074671972
2023-09-15,-0.02528566666666661,-0.027031666666666666,-0.02528566666666661,-0.02266666666666667,0.03545417188724964,0.0003834815329675223,-0.0036661998372207183,0.013071895424836555
2023-09-22,-0.02684766666666653,-0.030301666666666668,-0.0369999999999999,-0.021666666666666667,-0.01793511803968728,-0.02252888984722501,-0.03311721285536584,-0.01935483870967747
2023-09-29,-0.00908466666666655,-0.01203,-0.011889333333333392,-0.004666666666666667,0.012665979115637382,0.0044282492891924985,-0.007611450666382469,-0.013157894736842146
2023-10-06,-0.14378633333333313,-0.14608833333333332,-0.1462713333333335,-0.14033333333333334,-0.06175316361179195,-0.0836437879256201,-0.030679316771615284,-0.08666666666666667
2023-10-13,-0.015427000000000019,-0.018378333333333333,-0.017827000000000117,-0.011,-0.012472325397228978,-0.018818516710309985,-0.007912581796314266,0.005614823133071267
2023-10-20,-0.03847799999999978,-0.04146333333333333,-0.03874466666666655,-0.034,-0.009659984912878894,-0.011896684308137617,-0.0039878450482927486,-0.02345058626465657
2023-10-27,0.0005630000000000777,-0.002395,-0.004911333333333411,0.005,-0.007793229948307223,0.00685771836659943,-0.008007623257340946,0.00914808461978267
2023-11-02,-0.015081999999999922,-0.01847,-0.023471999999999923,-0.01,-0.012012912368257633,-0.014976948048995409,0.004036131448728941,-0.010198300283286166
2023-11-10,-0.02446366666666659,-0.027661666666666668,-0.02790099999999996,-0.019666666666666666,-0.023208881292457018,-0.011992023780949213,0.008039813154742115,-0.025186033199771085
2023-11-17,-0.028455666666666803,-0.031648333333333334,-0.032268999999999846,-0.023666666666666666,-0.040968635804472076,-0.0567074367192093,-0.007975690096585497,-0.032883147386964184
2023-11-24,0.008518666666666687,0.005753333333333333,0.004490000000000194,0.012666666666666666,-0.0020715122039086653,-0.0033876815183152553,0.0321592526189689,-0.0006071645415908211
2023-12-01,-0.08761900000000004,-0.09003166666666666,-0.099,-0.084,-0.06554384534761681,-0.06985250268357568,-0.06620917425475681,-0.07654921020656136
2023-12-08,-0.006612666666666628,-0.008576666666666666,-0.010133000000000078,-0.0036666666666666666,-0.0016076419071119341,-0.00367584202427762,-0.03336642170152038,0.00328947368421062
2023-12-15,0.01221466666666655,0.011246666666666667,0.01221466666666655,0.013666666666666667,-0.010377561624085763,-0.015197340197339981,-0.07766588137830976,-0.015737704918032835
2023-12-22,-0.026408333333333527,-0.028458333333333332,-0.03256033333333306,-0.023333333333333334,-0.016498200239336902,-0.016923864391274246,0.0,-0.02131912058627583
2023-12-29,0.0678043333333333,0.06545166666666667,0.066,0.07133333333333333,0.03437872222409166,0.045685672822341594,-0.046780999429271386,0.06126616746085767
2024-01-05,2.866666666678308e-05,-0.00173,-0.003023333333333333,0.0026666666666666666,0.005745220323852385,0.007701842297627826,0.01963074567387424,0.0019243104554200752
2024-01-12,8.900000000003881e-05,-0.001185,-0.002975,0.002,0.031571534458553874,0.022582001682085462,-0.028879198313454535,0.006402048655569814
2024-01-19,-0.020883333333333334,-0.022583333333333334,-0.02265033333333306,-0.018333333333333333,-0.010912317549187311,-0.007823744705350077,-0.019825338765475986,0.07379134860050884
2024-01-26,-0.013091333333333217,-0.014263333333333333,-0.01333333333333314,-0.011333333333333334,0.03699167222958821,0.03632897095547438,0.010113166331246592,0.0390995260663507
2024-02-02,-0.007552000000000117,-0.010586666666666666,-0.007552000000000117,-0.003,-0.014318067621592379,-0.02076730025096718,-0.020023828355743123,-0.01425313568985176
2024-02-09,-0.04074133333333322,-0.043013333333333334,-0.04179333333333314,-0.037333333333333336,-0.0310542211399788,-0.041108479006697785,0.015324731050969875,-0.03354540196645461
2024-02-16,-0.057495666666666896,-0.058715,-0.057495666666666896,-0.05566666666666667,0.014146792992022483,0.018730699606005485,-0.010062285547539185,0.014961101137043631
2024-02-22,-0.005485,-0.007141666666666667,-0.006666666666666667,-0.003,0.0007232604158522449,-0.0047768869748821,0.040658257183805446,-0.002948113207547176
2024-03-01,0.01895866666666659,0.016486666666666667,0.017167999999999885,0.02266666666666667,0.024900642350023983,0.023810023946561065,0.19534874634941835,0.02188054405677109
2024-03-08,-0.013567333333333178,-0.015723333333333332,-0.013721333333332829,-0.010333333333333333,-0.02329727296850692,-0.030775859415873796,-0.13482485026270297,-0.01331018518518523
2024-03-15,0.029337999999999885,0.027563333333333332,0.028333333333333332,0.032,-0.0018582840742953355,-0.03184834725176988,-0.07555652099998977,0.012316715542521894
2024-03-22,-0.016972999999999884,-0.018955,-0.017450333333333255,-0.014,0.023211643267043947,0.006034765496884198,0.020432974734626574,0.016222479721900385
2024-03-29,-0.04633199999999992,-0.04788666666666667,-0.04937199999999992,-0.044,-0.0363990164652408,-0.01680033035578432,-0.05005957088935775,-0.04275940706955528
2024-04-05,-0.047845333333333254,-0.04952,-0.053,-0.04533333333333334,-0.029870187314015806,-0.039093240196294676,0.010539517922450115,-0.0393091125670042
2024-04-12,-0.01722299999999969,-0.02003833333333333,-0.02,-0.013,-0.006174013800736566,-0.0013687758083253954,-0.0521479750941265,0.00929944203347799
2024-04-19,0.0030506666666668997,0.00064,-0.002612666666666822,0.006666666666666667,-0.05949446787507395,-0.10050679566919929,-0.07152210032900086,0.0073710073710073765
2024-04-26,-0.008949333333333295,-0.012026666666666666,-0.013064333333333488,-0.004333333333333333,0.01397266356947946,0.01389351294593677,-0.011851009113425848,0.007926829268292579
2024-05-02,0.013101000000000156,0.011168333333333334,0.00871166666666686,0.016,0.004226765645087616,0.006100102299852139,0.005996569961981724,0.015728977616454864
2024-05-10,-0.01793600000000006,-0.02056,-0.02235733333333337,-0.014,-0.010895761786534619,-0.03891441339660007,0.0,-0.02501488981536626
2024-05-17,0.03361333333333324,0.030466666666666666,0.028666666666666667,0.03833333333333333,0.039331838063251245,0.0544134165774135,0.011921650910217796,0.04337202199144774
2024-05-24,0.06391733333333337,0.06164,0.06236799999999969,0.06733333333333333,0.005781517142085635,0.0124368248934692,0.03534359868521775,0.03454332552693207
2024-05-31,0.018960666666666705,0.01582333333333333,0.016790666666666513,0.023666666666666666,0.029877333742326595,0.04410757108598795,0.005689511953664628,0.015280135823429575
2024-06-07,0.11140866666666678,0.10990333333333334,0.11140866666666659,0.11366666666666667,0.03529017555888814,0.04532617739081468,-0.011314649076158756,0.04069119286510592
2024-06-14,-0.01942266666666682,-0.020593333333333335,-0.01942266666666682,-0.017666666666666667,0.0008211263215938125,0.16126898716439442,-0.011444135452787108,0.014997321906802252
2024-06-21,-0.019371333333333216,-0.022063333333333334,-0.021426666666666667,-0.015333333333333332,-0.0268338912810433,-0.043536600669941805,-0.05209478936340106,-0.0158311345646438
2024-06-28,-0.004578000000000078,-0.00763,-0.007889666666666939,0.0,0.009283062641441964,-0.003865524167095513,0.018319268206299144,0.005898123324396876
2024-07-05,0.00804133333333341,0.004513333333333334,0.0064980000000000775,0.013333333333333334,-6.249666557434086e-05,-0.04064925327767488,-0.01798970988594506,0.011727078891258014
2024-07-12,0.035746333333333505,0.03268833333333333,0.029822333333333565,0.04033333333333333,0.04123970646072883,0.02774433390363895,-0.018319268206299144,0.03530031612223383
2024-07-19,-0.010042666666666918,-0.013626666666666667,-0.012770333333332868,-0.004666666666666667,0.07668871980990843,0.00411044773051894,-0.012440750923725541,-0.021374045801526687
2024-07-26,-0.024387333333333275,-0.027756666666666666,-0.028217666666666627,-0.019333333333333334,-0.035911012483869076,0.0036740249506206357,-0.018896209420390053,0.0015600624024960652
2024-08-02,-0.04000666666666667,-0.0409,-0.04000666666666667,-0.03866666666666667,-0.010456701442415173,-0.01568235582021349,-0.03852030662164019,-0.028037383177570097
2024-08-09,-0.04277566666666651,-0.04618166666666667,-0.048826000000000154,-0.03766666666666667,-0.0006812950306794852,-0.01768288893032488,-0.026709045018095012,-0.052350427350427386
2024-08-16,0.015600666666666705,0.01489,0.015600666666666511,0.016666666666666666,0.06921000047066928,0.07649720016450923,0.04116299172623816,0.028184892897406888
2024-08-23,-0.11952733333333347,-0.12232333333333334,-0.12642599999999976,-0.11533333333333333,-0.033506213549752806,-0.038489043014860336,0.0,-0.018092105263157854
2024-08-30,-0.011603000000000077,-0.014671666666666666,-0.012446666666666667,-0.007,0.19013324426458467,0.18465237590675465,-0.0065892647698369,-0.010608598548296988
2024-09-06,-0.09345399999999984,-0.09709,-0.09778199999999992,-0.088,-0.10439735031752373,-0.08968316763562467,-0.03316485586553597,-0.07787810383747173
2024-09-13,0.008072333333333178,0.0058983333333333336,0.008072333333333178,0.011333333333333334,0.005051335606283347,-0.031346836973773384,0.0,0.006119951040391758
2024-09-20,-0.008903333333333333,-0.010616666666666667,-0.008903333333333333,-0.006333333333333333,0.00877769360399494,-0.014015410123865979,0.0,0.010340632603406341
2024-09-27,-0.014857333333333177,-0.01854,-0.014857333333333372,-0.009333333333333334,-0.014048800424018015,-0.013848634425726591,0.0,-0.007826610475617057
2024-10-04,0.006132666666666822,0.00311,-0.005570666666666318,0.010666666666666666,-0.00825275102495504,-0.005898107189070356,0.0,0.031553398058252524
2024-10-11,-0.02114699999999973,-0.023245,-0.021146999999999923,-0.018,-0.013589093198399849,-0.008415317087936969,0.0,-0.025882352941176467
2024-10-18,-0.005232000000000117,-0.007386666666666666,-0.005231999999999535,-0.002,-0.07034599647779904,-0.016759776536312665,0.0,0.07367149758454117
2024-10-25,-0.02030599999999977,-0.02251,-0.02032066666666651,-0.017,-0.05246238341850695,-0.03616078820996804,0.0,-0.030371203599550034
2024-11-01,0.01303399999999965,0.009723333333333334,0.013034000000000039,0.018,0.032614757437417596,0.011016858155266762,0.0,0.015661252900232014
2024-11-08,0.0021826666666668218,-0.0008066666666666667,0.00013666666666686068,0.006666666666666667,-0.007165025591456486,-0.012181910871319812,0.0,0.013706453455168521
2024-11-15,0.11913400000000005,0.11589,0.11712399999999984,0.124,0.0034294880253831206,0.00439742390521336,0.0,0.11098591549295778
2024-11-22,0.017177666666666824,0.014185,0.016106000000000155,0.021666666666666667,0.09258217471670571,0.04496992014386891,0.0,0.01724137931034475
2024-11-29,0.002,0.002,0.002,0.002,-0.032455782540371514,-0.037410749956462874,0.0,0.0014955134596210673
2024-12-06,-0.003564000000000039,-0.00594,-0.012,0.0,0.03648316347757974,0.0407164217225191,0.0,0.0004977600796416404
2024-12-13,0.0021459999999999613,0.00091,0.00039133333333341095,0.004,-0.00016536618608220532,-0.01978669229903951,0.0,0.0034825870646766344
2024-12-20,0.010700000000000097,0.0085,0.008937333333333566,0.014,-0.01435989366796131,-0.012142961463831758,0.0,0.02379771938522568
2024-12-27,0.008390333333333546,0.006428333333333334,0.008390333333333255,0.011333333333333334,-0.0434880866513917,-0.04233636766848958,0.0,0.018886198547215516
2024-12-30,0.004065666666666705,0.003665,0.004065666666666512,0.004666666666666667,0.011318218795316692,0.008821745602911157,0.0,0.0066539923954371805
2025-01-10,-0.01403,-0.015383333333333334,-0.01403,-0.012,0.011798691987549015,0.00807782696616921,0.0,-0.016997167138810165
2025-01-17,0.022020666666666706,0.01959,0.0176906666666669,0.025666666666666667,-0.02787798008735387,-0.04865327897293481,0.0,0.014889529298751203
2025-01-24,0.011330333333333352,0.009995,0.01050866666666659,0.013333333333333334,0.04763645362795277,0.03203893454300877,0.0,0.009465215333648747
2025-01-31,0.00659833333333343,0.005441666666666667,0.006598333333333334,0.008333333333333333,0.012412620878128555,-0.015715421654812656,0.0,0.005625879043600568
2025-02-07,0.1353830000000001,0.13163833333333333,0.13166666666666665,0.141,0.1316035787655585,0.09954558204768449,0.0,0.12400932400932407
2025-02-14,0.007455333333333353,0.006203333333333333,0.007455333333333256,0.009333333333333334,0.024328305325563848,0.004030735634764193,0.0,0.04147656574035663
2025-02-21,0.011580666666666512,0.009523333333333333,0.011580666666666899,0.014666666666666666,-0.016795406772072252,-0.01499105618342933,0.0,0.012743926722421417
2025-02-28,-0.01535,-0.017583333333333333,-0.01535,-0.012,-0.022162998523329147,-0.03244012918270234,0.0,0.005505308690523014
2025-03-07,-0.017011333333333215,-0.019463333333333332,-0.017011333333333024,-0.013333333333333334,0.002747130433945477,0.0076674522517141686,0.0,-0.028940164254986356
2025-03-14,0.013295000000000097,0.009491666666666667,0.007215,0.019,0.035852457363930945,0.09094949837023125,0.0,-0.033830044301248474
2025-03-21,-0.021185999999999962,-0.02331,-0.027333333333333334,-0.018,-0.04132371187047301,-0.040354655336320655,0.0,-0.016256773655689893
2025-03-28,0.009453333333333333,0.006866666666666667,-0.0013333333333333333,0.013333333333333334,-0.007347094634928997,-0.013646564098416802,0.0,0.012711864406779627
2025-04-04,-0.03561299999999988,-0.037355,-0.035923999999999845,-0.033,-0.06602406939855554,-0.08204886447486981,0.0,-0.07071129707112966
2025-04-11,0.11956133333333341,0.11704666666666666,0.1151400000000002,0.12333333333333334,0.08926360297280089,0.08141118678128723,0.0,0.11661413777577678
2025-04-18,0.02666666666666667,0.02666666666666667,0.02666666666666667,0.02666666666666667,0.06615476476803317,0.05658565794635595,0.0,0.07298387096774195
2025-04-25,0.032921999999999924,0.03087,0.03243099999999996,0.036,0.1611830844911204,-0.026215764634610728,0.0,0.03870725291243904
2025-05-02,0.041106666666666666,0.04006666666666667,0.041106666666666666,0.042666666666666665,0.021467109218388014,0.02864740116395703,0.0,0.03183791606367592
2025-05-09,-0.07071699999999992,-0.073195,-0.07633333333333334,-0.067,-0.052904195243068664,-0.04791493927717838,0.0,-0.050841514726507664
2025-05-16,0.05270533333333326,0.04962,0.04832400000000004,0.05733333333333333,0.01947035985397183,0.01852402077804971,0.0,0.0624307351311415
2025-05-23,-0.07506599999999987,-0.07844333333333334,-0.07672933333333329,-0.07,-0.05140759353739721,0.017221434247718825,0.0,-0.07301808066759385
2025-05-30,-0.008589333333333003,-0.012093333333333333,-0.014666666666666666,-0.0033333333333333335,-0.009170008822878883,0.02987450926099866,0.0,-0.010127531882970775
2025-06-06,0.007743333333333333,0.00535,0.0077433333333331395,0.011333333333333334,0.005037213443969124,-0.01867606391150689,0.0,0.0037893141341416303
2025-06-13,0.04869066666666671,0.04737333333333334,0.048,0.050666666666666665,-0.0017999923227992598,0.007827865243299703,0.0,0.04303510758776907
2025-06-20,0.05487033333333355,0.052561666666666666,0.05478233333333298,0.058333333333333334,0.1343064236850886,0.06846668414256363,0.0,0.03944987332609484
2025-06-27,-0.09797233333333347,-0.10039833333333334,-0.104,-0.09433333333333334,-0.08650041873514336,-0.010804081743918559,0.0,-0.06754874651810583
2025-07-04,-0.04655466666666665,-0.049146666666666665,-0.04840866666666639,-0.042666666666666665,-0.02517410130825437,-0.027392478550825494,0.0,-0.035474234503360735
2025-07-11,0.052627000000000215,0.04971166666666667,0.05247599999999996,0.057,0.0576789909031874,0.01852096713260276,0.0,0.04916763453348816
2025-07-18,0.018105000000000194,0.016175,0.014,0.021,0.007459608380288252,-0.007650151612095479,0.0,-0.08118081180811809
2025-07-25,0.023676666666666665,0.02235,0.023676666666666665,0.025666666666666667,-0.0404227870885,-0.025846602377214367,0.0,0.014859437751004068
2025-08-01,-0.003839000000000039,-0.005065,-0.003839000000000233,-0.002,0.03971453355096122,0.02373141486810515,0.0,-0.002374356944994105
2025-08-08,0.1063613333333334,0.10304666666666666,0.09849333333333334,0.11133333333333334,0.07807721194570538,0.07611221468460605,0.0,0.17175723919079733
2025-08-15,-0.05277033333333345,-0.05506166666666667,-0.05634366666666659,-0.04933333333333333,-0.03318945162755638,-0.02647870645293271,0.0,-0.04807041299932291
2025-08-22,0.014508000000000078,0.011513333333333334,0.006317000000000117,0.019,0.007850245471065831,0.011519954206393068,0.0,0.019203413940256153
2025-08-29,0.001272666666666822,-0.0023233333333333335,-0.005999999999999806,0.006666666666666667,0.0840327153219691,0.07675031389817244,0.0,0.007676203768318235
2025-09-05,0.16186233333333347,0.15888166666666667,0.16177333333333332,0.16633333333333333,-0.03134452803022969,-0.016358171695107115,0.0,0.17036011080332414
2025-09-12,-0.02364933333333339,-0.02586,-0.02987333333333333,-0.02033333333333333,-0.030003772955803254,-0.03614065552420198,0.0,-0.01804733727810648
2025-09-19,-0.03196366666666669,-0.03416166666666667,-0.037333333333333336,-0.028666666666666667,-0.03134432991555747,-0.04877309381306627,0.0,-0.025911419102139233
2025-09-26,0.0017009999999999612,0.000835,0.0017010000000001553,0.003,0.0032357654336205854,-0.0038243703447395916,0.0,0.00278379214351987
