offset,pred_date,buy_date,j,rank,shares,limit,open,filled,code
0,2018-09-28,2018-10-01,2471,3,100,631,621.0,True,63450
0,2018-09-28,2018-10-01,639,4,100,741,721.0,True,29290
0,2018-09-28,2018-10-01,3222,8,100,844,829.0,True,75370
0,2018-10-05,2018-10-09,1231,1,100,744,721.0,True,39350
0,2018-10-05,2018-10-09,639,3,100,692,676.0,True,29290
0,2018-10-05,2018-10-09,2418,13,100,578,557.0,True,62740
0,2018-10-12,2018-10-15,4280,5,100,686,676.0,True,97650
0,2018-10-12,2018-10-15,639,6,100,721,707.0,True,29290
0,2018-10-19,2018-10-22,2370,2,100,846,825.0,True,61990
0,2018-10-19,2018-10-22,1457,5,600,166,164.0,True,42930
0,2018-10-19,2018-10-22,3796,6,200,362,355.0,True,86220
0,2018-10-26,2018-10-29,1487,1,100,573,557.0,True,43450
0,2018-10-26,2018-10-29,2069,2,300,255,252.0,True,55630
0,2018-11-02,2018-11-05,3749,6,200,419,412.0,True,84230
0,2018-11-02,2018-11-05,2038,7,100,612,594.0,True,54080
0,2018-11-09,2018-11-12,2885,7,100,995,979.0,True,69850
0,2018-11-09,2018-11-12,899,8,1200,79,78.0,True,33900
0,2018-11-09,2018-11-12,816,12,500,181,174.0,True,32370
0,2018-11-16,2018-11-19,4119,8,100,529,514.0,True,94190
0,2018-11-16,2018-11-19,506,19,700,141,138.0,True,26730
0,2018-11-16,2018-11-19,2024,34,200,447,444.0,True,53630
0,2018-11-22,2018-11-26,997,5,100,936,843.0,True,35560
0,2018-11-22,2018-11-26,1422,13,100,961,935.0,True,42380
0,2018-11-30,2018-12-03,435,4,100,721,707.0,True,24680
0,2018-11-30,2018-12-03,685,8,100,719,695.0,True,30310
0,2018-11-30,2018-12-03,506,11,600,144,141.0,True,26730
0,2018-12-07,2018-12-10,1668,6,100,614,598.0,True,45860
0,2018-12-07,2018-12-10,2347,10,100,668,636.0,True,61750
0,2018-12-07,2018-12-10,3887,11,200,339,329.0,True,89270
0,2018-12-14,2018-12-17,1719,4,100,976,955.0,True,46680
0,2018-12-14,2018-12-17,899,5,1400,70,67.0,True,33900
0,2018-12-14,2018-12-17,2594,6,100,981,980.0,True,65330
0,2018-12-21,2018-12-25,1231,2,200,399,344.0,True,39350
0,2018-12-21,2018-12-25,4386,9,700,135,121.0,True,99800
0,2018-12-21,2018-12-25,3225,13,300,332,310.0,True,75440
0,2019-01-04,2019-01-07,3630,3,100,512,522.0,False,81680
0,2019-01-04,2019-01-07,2406,4,100,962,954.0,True,62570
0,2019-01-11,2019-01-15,2038,3,200,469,455.0,True,54080
0,2019-01-11,2019-01-15,3383,4,100,727,728.0,False,78180
0,2019-01-11,2019-01-15,197,10,100,964,934.0,True,19450
0,2019-01-18,2019-01-21,2406,5,100,956,943.0,True,62570
0,2019-01-18,2019-01-21,3968,7,200,398,396.0,True,91190
0,2019-01-18,2019-01-21,242,13,100,822,806.0,True,20090
0,2019-01-25,2019-01-28,78,14,100,790,776.0,True,17220
0,2019-01-25,2019-01-28,2038,15,100,525,522.0,True,54080
0,2019-02-01,2019-02-04,3774,1,100,698,695.0,True,85580
0,2019-02-01,2019-02-04,3703,4,200,343,342.0,True,83370
0,2019-02-01,2019-02-04,1903,6,300,308,306.0,True,50170
0,2019-02-08,2019-02-12,3755,5,200,401,397.0,True,85080
0,2019-02-08,2019-02-12,3887,6,300,263,255.0,True,89270
0,2019-02-15,2019-02-18,1136,1,200,415,404.0,True,37820
0,2019-02-15,2019-02-18,1671,5,200,499,480.0,True,45910
0,2019-02-15,2019-02-18,3420,10,100,726,715.0,True,78680
0,2019-02-22,2019-02-25,2501,2,100,960,947.0,True,63870
0,2019-02-22,2019-02-25,1045,7,100,802,789.0,True,36490
0,2019-02-22,2019-02-25,1051,15,100,875,866.0,True,36570
0,2019-03-01,2019-03-04,992,3,100,884,870.0,True,35480
0,2019-03-01,2019-03-04,3073,5,100,765,753.0,True,72830
0,2019-03-01,2019-03-04,1797,6,100,848,836.0,True,48130
0,2019-03-08,2019-03-11,3266,2,600,144,157.0,False,76120
0,2019-03-08,2019-03-11,3041,4,100,553,543.0,True,72410
0,2019-03-08,2019-03-11,3222,6,100,684,670.0,True,75370
0,2019-03-15,2019-03-18,3253,2,300,329,322.0,True,75990
0,2019-03-15,2019-03-18,3073,5,100,690,685.0,True,72830
0,2019-03-22,2019-03-25,3630,7,100,517,504.0,True,81680
0,2019-03-29,2019-04-01,1903,2,300,257,256.0,True,50170
0,2019-03-29,2019-04-01,3830,4,100,530,520.0,True,87720
0,2019-04-05,2019-04-08,2666,1,300,267,264.0,True,66320
0,2019-04-05,2019-04-08,3630,4,100,510,502.0,True,81680
0,2019-04-05,2019-04-08,917,8,100,935,917.0,True,34150
0,2019-04-12,2019-04-15,2263,5,100,938,926.0,True,60460
0,2019-04-19,2019-04-22,1786,2,200,497,496.0,True,47790
0,2019-04-19,2019-04-22,2279,6,100,681,669.0,True,60690
0,2019-04-19,2019-04-22,1416,7,100,930,906.0,True,42280
0,2019-04-26,2019-05-07,992,5,100,979,958.0,True,35480
0,2019-04-26,2019-05-07,167,9,100,578,574.0,True,18980
0,2019-04-26,2019-05-07,612,10,100,896,873.0,True,28840
0,2019-05-10,2019-05-13,2139,3,200,461,455.0,True,58090
0,2019-05-10,2019-05-13,734,4,200,424,410.0,True,31030
0,2019-05-10,2019-05-13,163,5,200,387,381.0,True,18900
0,2019-05-17,2019-05-20,423,4,100,501,492.0,True,24400
0,2019-05-17,2019-05-20,3357,8,100,582,561.0,True,77770
0,2019-05-17,2019-05-20,1045,9,100,923,917.0,True,36490
0,2019-05-24,2019-05-27,152,16,200,421,415.0,True,18730
0,2019-05-24,2019-05-27,2596,17,100,762,760.0,True,65350
0,2019-05-31,2019-06-03,1389,7,100,965,930.0,True,41870
0,2019-05-31,2019-06-03,750,11,100,664,641.0,True,31340
0,2019-05-31,2019-06-03,3206,12,200,495,479.0,True,75130
0,2019-06-07,2019-06-10,292,12,100,729,726.0,True,21740
0,2019-06-07,2019-06-10,685,17,100,649,649.0,False,30310
0,2019-06-14,2019-06-17,1762,6,100,914,897.0,True,47450
0,2019-06-14,2019-06-17,3383,8,100,848,847.0,True,78180
0,2019-06-21,2019-06-24,3854,7,100,730,717.0,True,88600
0,2019-06-21,2019-06-24,3879,10,100,994,988.0,True,89140
0,2019-06-28,2019-07-01,992,2,100,905,898.0,True,35480
0,2019-06-28,2019-07-01,3262,4,100,522,522.0,False,76080
0,2019-07-05,2019-07-08,4055,7,100,808,789.0,True,93070
0,2019-07-05,2019-07-08,3073,8,100,706,689.0,True,72830
0,2019-07-12,2019-07-16,2231,2,100,768,753.0,True,59890
0,2019-07-26,2019-07-29,3403,8,100,810,791.0,True,78440
0,2019-08-02,2019-08-05,2677,13,100,652,635.0,True,66440
0,2019-08-02,2019-08-05,2560,14,100,931,930.0,True,64820
0,2019-08-02,2019-08-05,163,16,200,415,406.0,True,18900
0,2019-08-09,2019-08-13,2325,8,100,804,779.0,True,61430
0,2019-08-09,2019-08-13,2069,9,600,165,159.0,True,55630
0,2019-08-09,2019-08-13,2901,10,400,237,229.0,True,70140
0,2019-08-16,2019-08-19,2656,4,100,921,900.0,True,66190
0,2019-08-16,2019-08-19,3755,13,200,395,391.0,True,85080
0,2019-08-23,2019-08-26,1762,8,100,831,805.0,True,47450
0,2019-08-23,2019-08-26,2756,9,100,966,940.0,True,67780
0,2019-08-30,2019-09-02,2665,9,100,803,782.0,True,66300
0,2019-08-30,2019-09-02,152,13,200,433,428.0,True,18730
0,2019-08-30,2019-09-02,2656,15,100,599,593.0,True,66190
0,2019-09-06,2019-09-09,1077,8,300,311,307.0,True,36800
0,2019-09-06,2019-09-09,1719,14,100,909,893.0,True,46680
0,2019-09-13,2019-09-17,3629,13,100,912,890.0,True,81670
0,2019-09-13,2019-09-17,1020,28,800,112,110.0,True,36060
0,2019-09-20,2019-09-24,4118,2,100,844,826.0,True,94180
0,2019-09-20,2019-09-24,540,7,100,635,620.0,True,27340
0,2019-09-27,2019-09-30,540,1,100,632,611.0,True,27340
0,2019-09-27,2019-09-30,2270,7,100,921,893.0,True,60580
0,2019-10-04,2019-10-07,2434,1,100,672,665.0,True,62980
0,2019-10-04,2019-10-07,154,5,100,771,764.0,True,18790
0,2019-10-11,2019-10-15,2434,1,100,685,679.0,True,62980
0,2019-10-11,2019-10-15,1659,3,300,322,311.0,True,45760
0,2019-10-18,2019-10-21,1903,1,300,251,246.0,True,50170
0,2019-10-18,2019-10-21,3854,2,100,678,665.0,True,88600
0,2019-10-18,2019-10-21,3668,6,100,990,971.0,True,82490
0,2019-10-25,2019-10-28,3403,1,100,795,775.0,True,78440
0,2019-10-25,2019-10-28,2210,2,100,918,906.0,True,59590
0,2019-11-01,2019-11-05,848,4,100,686,674.0,True,32990
0,2019-11-01,2019-11-05,781,5,100,956,953.0,True,31790
0,2019-11-01,2019-11-05,1903,8,300,258,259.0,False,50170
0,2019-11-08,2019-11-11,1072,2,100,880,864.0,True,36760
0,2019-11-08,2019-11-11,3283,4,100,823,817.0,True,76380
0,2019-11-08,2019-11-11,2729,6,100,534,527.0,True,67420
0,2019-11-15,2019-11-18,3371,1,100,937,902.0,True,78060
0,2019-11-15,2019-11-18,1668,3,200,368,337.0,True,45860
0,2019-11-15,2019-11-18,421,6,200,398,395.0,True,24370
0,2019-11-22,2019-11-25,2558,4,200,487,485.0,True,64800
0,2019-11-22,2019-11-25,2069,9,500,177,176.0,True,55630
0,2019-11-29,2019-12-02,2868,1,100,658,643.0,True,69580
0,2019-11-29,2019-12-02,1958,7,100,925,910.0,True,51950
0,2019-12-06,2019-12-09,3371,3,100,813,843.0,False,78060
0,2019-12-06,2019-12-09,685,6,100,854,838.0,True,30310
0,2019-12-06,2019-12-09,152,8,200,482,470.0,True,18730
0,2019-12-13,2019-12-16,3045,11,200,446,443.0,True,72460
0,2019-12-13,2019-12-16,3629,12,100,922,906.0,True,81670
0,2019-12-13,2019-12-16,2666,23,300,276,273.0,True,66320
0,2019-12-20,2019-12-23,3383,3,100,996,984.0,True,78180
0,2019-12-20,2019-12-23,2677,8,100,730,720.0,True,66440
0,2019-12-30,2020-01-06,3073,3,100,805,785.0,True,72830
0,2019-12-30,2020-01-06,3629,7,100,913,890.0,True,81670
0,2020-01-10,2020-01-14,3052,2,100,844,830.0,True,72560
0,2020-01-10,2020-01-14,3073,5,100,775,757.0,True,72830
0,2020-01-17,2020-01-20,2533,5,100,863,847.0,True,64400
0,2020-01-17,2020-01-20,3052,10,100,836,832.0,True,72560
0,2020-01-17,2020-01-20,1804,11,100,937,914.0,True,48260
0,2020-01-24,2020-01-27,3045,6,200,398,383.0,True,72460
0,2020-01-24,2020-01-27,3073,10,100,756,730.0,True,72830
0,2020-01-31,2020-02-03,2819,10,100,538,512.0,True,68790
0,2020-02-07,2020-02-10,3052,8,100,845,823.0,True,72560
0,2020-02-07,2020-02-10,1707,10,300,326,322.0,True,46510
0,2020-02-14,2020-02-17,1071,5,200,421,414.0,True,36750
0,2020-02-14,2020-02-17,1114,10,100,952,928.0,True,37500
0,2020-02-14,2020-02-17,502,12,100,635,523.0,True,26670
0,2020-02-21,2020-02-25,1055,13,200,347,317.0,True,36600
0,2020-02-21,2020-02-25,152,15,200,453,426.0,True,18730
0,2020-02-21,2020-02-25,1082,17,600,166,173.0,False,36860
0,2020-02-28,2020-03-02,1477,11,100,825,849.0,False,43310
0,2020-02-28,2020-03-02,4266,20,100,997,976.0,True,97430
0,2020-02-28,2020-03-02,3866,23,100,822,806.0,True,88900
0,2020-03-06,2020-03-09,1304,4,100,682,647.0,True,40280
0,2020-03-06,2020-03-09,2534,5,200,472,432.0,True,64440
0,2020-03-13,2020-03-16,1176,1,100,716,723.0,False,38510
0,2020-03-13,2020-03-16,815,2,800,113,116.0,False,32360
0,2020-03-13,2020-03-16,1160,3,100,523,553.0,False,38260
0,2020-03-19,2020-03-23,1528,2,100,933,915.0,True,43940
0,2020-03-19,2020-03-23,2263,3,600,161,156.0,True,60460
0,2020-03-19,2020-03-23,2618,4,100,872,825.0,True,65580
0,2020-03-27,2020-03-30,1224,1,100,684,647.0,True,39280
0,2020-03-27,2020-03-30,2699,3,100,933,930.0,True,66770
0,2020-04-03,2020-04-06,3830,1,100,586,570.0,True,87720
0,2020-04-03,2020-04-06,3883,4,100,780,757.0,True,89200
0,2020-04-03,2020-04-06,2666,6,600,166,158.0,True,66320
0,2020-04-10,2020-04-13,4394,16,100,817,807.0,True,99910
0,2020-04-10,2020-04-13,432,17,200,443,430.0,True,24610
0,2020-04-10,2020-04-13,2654,19,100,951,932.0,True,66170
0,2020-04-17,2020-04-20,3968,4,300,306,299.0,True,91190
0,2020-04-17,2020-04-20,3811,5,100,732,711.0,True,87080
0,2020-04-17,2020-04-20,3830,7,100,621,606.0,True,87720
0,2020-04-24,2020-04-27,410,2,300,332,325.0,True,24180
0,2020-04-24,2020-04-27,2058,4,100,871,855.0,True,54810
0,2020-04-24,2020-04-27,189,5,100,590,586.0,True,19340
0,2020-05-01,2020-05-07,274,3,100,878,870.0,True,21500
0,2020-05-01,2020-05-07,803,4,800,125,120.0,True,32020
0,2020-05-01,2020-05-07,266,7,1500,66,65.0,True,21340
0,2020-05-08,2020-05-11,639,2,100,840,835.0,True,29290
0,2020-05-08,2020-05-11,1167,3,600,153,151.0,True,38400
0,2020-05-15,2020-05-18,639,2,100,874,870.0,True,29290
0,2020-05-15,2020-05-18,1200,4,100,657,675.0,False,39040
0,2020-05-22,2020-05-25,266,1,1500,63,63.0,False,21340
0,2020-05-22,2020-05-25,803,6,800,125,125.0,False,32020
0,2020-05-29,2020-06-01,2596,6,100,761,760.0,True,65350
0,2020-05-29,2020-06-01,3862,7,100,715,707.0,True,88850
0,2020-05-29,2020-06-01,1200,16,100,686,683.0,True,39040
0,2020-06-05,2020-06-08,3356,1,200,437,434.0,True,77760
0,2020-06-12,2020-06-15,1136,2,400,246,243.0,True,37820
0,2020-06-12,2020-06-15,2757,14,200,378,375.0,True,67790
0,2020-06-12,2020-06-15,2748,19,100,919,910.0,True,67690
0,2020-06-19,2020-06-22,3862,10,100,774,759.0,True,88850
0,2020-06-19,2020-06-22,1797,18,100,986,970.0,True,48130
0,2020-06-26,2020-06-29,1113,3,200,488,471.0,True,37470
0,2020-06-26,2020-06-29,380,9,800,120,117.0,True,23700
0,2020-07-03,2020-07-06,2909,1,100,946,917.0,True,70350
0,2020-07-03,2020-07-06,1592,6,100,860,862.0,False,44820
0,2020-07-10,2020-07-13,944,4,100,593,587.0,True,34520
0,2020-07-17,2020-07-20,717,1,100,833,811.0,True,30800
0,2020-07-17,2020-07-20,1487,4,100,852,835.0,True,43450
0,2020-07-22,2020-07-27,944,2,100,605,594.0,True,34520
0,2020-07-31,2020-08-03,3010,2,100,847,827.0,True,71910
0,2020-07-31,2020-08-03,1792,4,100,758,741.0,True,48000
0,2020-07-31,2020-08-03,2302,6,300,293,296.0,False,60930
0,2020-08-07,2020-08-11,28,2,100,629,621.0,True,14290
0,2020-08-07,2020-08-11,2180,14,400,230,228.0,True,59120
0,2020-08-07,2020-08-11,3271,15,100,669,676.0,False,76180
0,2020-08-14,2020-08-17,1200,1,100,999,1030.0,False,39040
0,2020-08-14,2020-08-17,502,8,200,433,427.0,True,26670
0,2020-08-14,2020-08-17,3371,11,100,979,958.0,True,78060
0,2020-08-21,2020-08-24,2355,5,100,932,918.0,True,61840
0,2020-08-21,2020-08-24,2833,8,100,877,864.0,True,69050
0,2020-08-28,2020-08-31,2596,2,100,872,885.0,False,65350
0,2020-08-28,2020-08-31,375,6,700,133,131.0,True,23530
0,2020-08-28,2020-08-31,1200,9,100,952,949.0,True,39040
0,2020-09-04,2020-09-07,2833,4,100,860,850.0,True,69050
0,2020-09-04,2020-09-07,1711,6,100,721,710.0,True,46580
0,2020-09-04,2020-09-07,2596,7,100,913,898.0,True,65350
0,2020-09-11,2020-09-14,2565,17,200,471,461.0,True,64890
0,2020-09-11,2020-09-14,1647,18,200,404,399.0,True,45580
0,2020-09-11,2020-09-14,3822,22,300,268,267.0,True,87400
0,2020-09-18,2020-09-23,3824,5,500,168,164.0,True,87460
0,2020-09-18,2020-09-23,945,6,100,936,918.0,True,34540
0,2020-09-18,2020-09-23,1475,12,100,998,953.0,True,43260
0,2020-09-25,2020-09-28,540,3,100,581,575.0,True,27340
0,2020-09-25,2020-09-28,2687,4,100,556,551.0,True,66590
0,2020-10-02,2020-10-05,2716,1,300,310,318.0,False,67210
0,2020-10-02,2020-10-05,3854,9,100,537,534.0,True,88600
0,2020-10-02,2020-10-05,2241,11,100,943,920.0,True,60160
0,2020-10-09,2020-10-12,945,2,100,998,989.0,True,34540
0,2020-10-09,2020-10-12,2565,3,100,518,508.0,True,64890
0,2020-10-16,2020-10-19,2716,1,300,331,329.0,True,67210
0,2020-10-16,2020-10-19,1457,11,300,315,309.0,True,42930
0,2020-10-23,2020-10-26,1475,11,100,994,977.0,True,43260
0,2020-10-23,2020-10-26,4247,35,200,485,484.0,True,97090
0,2020-10-30,2020-11-02,1265,4,100,656,650.0,True,39780
0,2020-11-06,2020-11-09,2955,2,100,936,903.0,True,70880
0,2020-11-13,2020-11-16,3341,5,100,813,809.0,True,77450
0,2020-11-13,2020-11-16,728,7,100,754,740.0,True,30940
0,2020-11-13,2020-11-16,942,12,100,718,707.0,True,34470
0,2020-11-20,2020-11-24,796,3,100,751,744.0,True,31950
0,2020-11-20,2020-11-24,423,4,100,529,517.0,True,24400
0,2020-11-20,2020-11-24,3630,8,100,769,767.0,True,81680
0,2020-11-27,2020-11-30,1280,7,100,612,602.0,True,39950
0,2020-12-04,2020-12-07,3383,4,100,946,932.0,True,78180
0,2020-12-11,2020-12-14,2363,3,500,172,172.0,False,61920
0,2020-12-11,2020-12-14,577,8,100,949,934.0,True,27920
0,2020-12-18,2020-12-21,390,4,100,632,624.0,True,23850
0,2020-12-18,2020-12-21,541,9,100,837,823.0,True,27350
0,2020-12-25,2020-12-28,945,2,100,903,885.0,True,34540
0,2020-12-25,2020-12-28,4384,12,1100,89,89.0,False,99780
0,2020-12-25,2020-12-28,1061,15,100,680,667.0,True,36660
0,2020-12-30,2021-01-04,541,9,100,850,839.0,True,27350
0,2020-12-30,2021-01-04,1235,10,100,736,730.0,True,39390
0,2021-01-08,2021-01-12,1804,5,100,906,888.0,True,48260
0,2021-01-08,2021-01-12,3010,6,100,834,815.0,True,71910
0,2021-01-08,2021-01-12,541,8,100,855,921.0,False,27350
0,2021-01-15,2021-01-18,1491,14,100,635,619.0,True,43500
0,2021-01-22,2021-01-25,1487,1,100,940,937.0,True,43450
0,2021-01-22,2021-01-25,1891,4,200,494,489.0,True,49970
0,2021-01-22,2021-01-25,3010,12,100,831,824.0,True,71910
0,2021-01-29,2021-02-01,4064,6,100,948,925.0,True,93240
0,2021-01-29,2021-02-01,1491,10,100,570,562.0,True,43500
0,2021-01-29,2021-02-01,184,11,100,779,762.0,True,19290
0,2021-02-05,2021-02-08,3767,1,100,984,965.0,True,85410
0,2021-02-05,2021-02-08,1348,5,100,771,756.0,True,40970
0,2021-02-05,2021-02-08,3744,8,100,781,772.0,True,83990
0,2021-02-12,2021-02-15,540,7,100,592,585.0,True,27340
0,2021-02-12,2021-02-15,369,11,100,729,705.0,True,23420
0,2021-02-12,2021-02-15,1659,18,200,345,325.0,True,45760
0,2021-02-19,2021-02-22,375,5,700,142,141.0,True,23530
0,2021-02-19,2021-02-22,2190,11,100,984,970.0,True,59330
0,2021-02-19,2021-02-22,152,30,200,339,332.0,True,18730
0,2021-02-26,2021-03-01,3597,10,100,955,949.0,True,81250
0,2021-02-26,2021-03-01,1671,14,200,381,380.0,True,45910
0,2021-03-05,2021-03-08,3886,9,1800,53,52.0,True,89250
0,2021-03-05,2021-03-08,3088,11,200,498,494.0,True,73150
0,2021-03-12,2021-03-15,540,14,100,626,614.0,True,27340
0,2021-03-12,2021-03-15,3639,19,100,994,977.0,True,81850
0,2021-03-12,2021-03-15,3804,20,100,810,802.0,True,86990
0,2021-03-19,2021-03-22,1466,9,100,902,876.0,True,43120
0,2021-03-19,2021-03-22,3804,10,100,800,786.0,True,86990
0,2021-03-26,2021-03-29,3647,6,100,737,730.0,True,82030
0,2021-04-02,2021-04-05,541,8,100,933,912.0,True,27350
0,2021-04-02,2021-04-05,3579,9,100,643,633.0,True,80950
0,2021-04-09,2021-04-12,2660,4,400,219,216.0,True,66250
0,2021-04-09,2021-04-12,2657,7,100,919,901.0,True,66200
0,2021-04-09,2021-04-12,215,9,100,661,650.0,True,19670
0,2021-04-16,2021-04-19,2691,1,100,724,704.0,True,66640
0,2021-04-16,2021-04-19,771,2,100,969,941.0,True,31680
0,2021-04-23,2021-04-26,427,1,100,741,727.0,True,24530
0,2021-04-23,2021-04-26,1671,4,200,346,340.0,True,45910
0,2021-04-23,2021-04-26,3045,7,300,327,322.0,True,72460
0,2021-04-30,2021-05-06,2660,1,400,211,207.0,True,66250
0,2021-04-30,2021-05-06,1162,2,100,733,732.0,True,38340
0,2021-05-07,2021-05-10,432,6,200,402,400.0,True,24610
0,2021-05-14,2021-05-17,1888,3,100,932,923.0,True,49920
0,2021-05-14,2021-05-17,1235,6,100,609,604.0,True,39390
0,2021-05-14,2021-05-17,1182,7,100,580,580.0,False,38580
0,2021-05-21,2021-05-24,3755,10,200,382,370.0,True,85080
0,2021-05-21,2021-05-24,3866,16,100,805,787.0,True,88900
0,2021-05-28,2021-05-31,540,17,100,610,596.0,True,27340
0,2021-05-28,2021-05-31,3767,21,100,845,832.0,True,85410
0,2021-05-28,2021-05-31,1022,23,300,311,300.0,True,36080
0,2021-06-04,2021-06-07,1235,5,100,631,619.0,True,39390
0,2021-06-04,2021-06-07,4394,8,100,890,884.0,True,99910
0,2021-06-11,2021-06-14,3876,2,100,716,700.0,True,89080
0,2021-06-11,2021-06-14,3579,5,100,669,654.0,True,80950
0,2021-06-11,2021-06-14,4280,7,100,769,752.0,True,97650
0,2021-06-18,2021-06-21,2124,2,100,812,782.0,True,57260
0,2021-06-18,2021-06-21,3968,3,200,439,420.0,True,91190
0,2021-06-18,2021-06-21,3864,6,100,801,782.0,True,88870
0,2021-06-25,2021-06-28,820,2,300,319,312.0,True,32420
0,2021-06-25,2021-06-28,3579,3,100,654,652.0,True,80950
0,2021-06-25,2021-06-28,1159,5,600,164,160.0,True,38250
0,2021-07-02,2021-07-05,3855,4,100,600,589.0,True,88640
0,2021-07-02,2021-07-05,2210,7,100,661,649.0,True,59590
0,2021-07-02,2021-07-05,1964,10,100,913,889.0,True,52080
0,2021-07-09,2021-07-12,1235,7,100,621,620.0,True,39390
0,2021-07-09,2021-07-12,1077,8,100,645,648.0,False,36800
0,2021-07-09,2021-07-12,2748,12,100,833,831.0,True,67690
0,2021-07-16,2021-07-19,1235,8,100,623,613.0,True,39390
0,2021-07-16,2021-07-19,2038,18,200,400,392.0,True,54080
0,2021-07-16,2021-07-19,3052,21,200,405,394.0,True,72560
0,2021-07-21,2021-07-26,1964,10,100,893,890.0,True,52080
0,2021-07-21,2021-07-26,3627,13,200,372,370.0,True,81650
0,2021-07-30,2021-08-02,1416,6,100,616,603.0,True,42280
0,2021-07-30,2021-08-02,3052,8,200,408,404.0,True,72560
0,2021-07-30,2021-08-02,1761,9,100,746,735.0,True,47430
0,2021-08-06,2021-08-10,3050,1,200,423,405.0,True,72540
0,2021-08-06,2021-08-10,1761,2,100,844,831.0,True,47430
0,2021-08-13,2021-08-16,1903,7,400,243,237.0,True,50170
0,2021-08-13,2021-08-16,3871,12,300,324,318.0,True,88970
0,2021-08-13,2021-08-16,840,14,100,707,694.0,True,32840
0,2021-08-20,2021-08-23,2855,4,100,695,700.0,False,69380
0,2021-08-27,2021-08-30,2691,9,100,695,685.0,True,66640
0,2021-08-27,2021-08-30,2139,17,100,526,520.0,True,58090
0,2021-08-27,2021-08-30,3871,18,300,324,320.0,True,88970
0,2021-09-03,2021-09-06,184,10,100,749,743.0,True,19290
0,2021-09-03,2021-09-06,1822,14,100,994,983.0,True,48840
0,2021-09-10,2021-09-13,2691,4,100,717,703.0,True,66640
0,2021-09-10,2021-09-13,380,5,1200,79,77.0,True,23700
0,2021-09-10,2021-09-13,3871,8,300,332,326.0,True,88970
0,2021-09-17,2021-09-21,3470,6,100,726,700.0,True,79400
0,2021-09-17,2021-09-21,2666,8,400,217,208.0,True,66320
0,2021-09-24,2021-09-27,2677,3,100,577,570.0,True,66440
0,2021-09-24,2021-09-27,3151,7,100,949,933.0,True,74200
0,2021-09-24,2021-09-27,3627,9,200,402,395.0,True,81650
0,2021-10-01,2021-10-04,3856,1,100,632,622.0,True,88690
0,2021-10-01,2021-10-04,3861,4,100,503,498.0,True,88810
0,2021-10-01,2021-10-04,3647,10,100,681,672.0,True,82030
0,2021-10-08,2021-10-11,2677,5,100,554,546.0,True,66440
0,2021-10-15,2021-10-18,3861,4,100,526,515.0,True,88810
0,2021-10-15,2021-10-18,3627,7,200,399,395.0,True,81650
0,2021-10-22,2021-10-25,189,3,100,703,690.0,True,19340
0,2021-10-22,2021-10-25,2819,5,100,508,503.0,True,68790
0,2021-10-29,2021-11-01,1416,3,100,579,549.0,True,42280
0,2021-10-29,2021-11-01,3311,4,100,758,751.0,True,77020
0,2021-10-29,2021-11-01,2535,5,100,754,748.0,True,64450
0,2021-11-05,2021-11-08,3866,8,100,720,709.0,True,88900
0,2021-11-05,2021-11-08,3861,9,100,515,505.0,True,88810
0,2021-11-12,2021-11-15,3222,6,100,855,850.0,True,75370
0,2021-11-12,2021-11-15,3970,8,100,884,877.0,True,91300
0,2021-11-19,2021-11-22,1903,8,400,250,243.0,True,50170
0,2021-11-19,2021-11-22,1797,12,100,861,841.0,True,48130
0,2021-11-26,2021-11-29,2691,4,100,619,594.0,True,66640
0,2021-11-26,2021-11-29,2355,5,100,834,795.0,True,61840
0,2021-12-03,2021-12-06,1243,1,100,618,608.0,True,39480
0,2021-12-03,2021-12-06,3526,6,300,306,305.0,True,80160
0,2021-12-03,2021-12-06,1077,7,100,908,880.0,True,36800
0,2021-12-10,2021-12-13,1840,2,100,691,688.0,True,49180
0,2021-12-10,2021-12-13,2827,3,100,783,766.0,True,68970
0,2021-12-10,2021-12-13,2404,5,100,569,557.0,True,62550
0,2021-12-17,2021-12-20,2568,2,300,275,269.0,True,64930
0,2021-12-17,2021-12-20,3526,3,300,298,290.0,True,80160
0,2021-12-24,2021-12-27,1022,2,200,341,332.0,True,36080
0,2021-12-24,2021-12-27,2904,3,700,127,125.0,True,70220
0,2021-12-30,2022-01-04,4334,4,100,930,913.0,True,98780
0,2021-12-30,2022-01-04,1903,5,300,261,259.0,True,50170
0,2022-01-07,2022-01-11,3222,1,100,798,798.0,False,75370
0,2022-01-07,2022-01-11,3877,3,100,954,930.0,True,89090
0,2022-01-07,2022-01-11,1491,18,100,581,569.0,True,43500
0,2022-01-14,2022-01-17,3401,8,100,918,902.0,True,78400
0,2022-01-14,2022-01-17,3357,10,100,585,584.0,True,77770
0,2022-01-14,2022-01-17,2664,16,100,765,752.0,True,66290
0,2022-01-21,2022-01-24,2729,5,200,426,418.0,True,67420
0,2022-01-21,2022-01-24,3405,7,100,663,660.0,True,78470
0,2022-01-21,2022-01-24,223,8,100,704,694.0,True,19760
0,2022-01-28,2022-01-31,1903,2,400,246,242.0,True,50170
0,2022-01-28,2022-01-31,2628,4,100,766,760.0,True,65690
0,2022-01-28,2022-01-31,2234,5,100,767,752.0,True,59920
0,2022-02-04,2022-02-07,3470,12,100,730,716.0,True,79400
0,2022-02-04,2022-02-07,3737,15,100,831,814.0,True,83870
0,2022-02-10,2022-02-14,1745,2,100,591,570.0,True,47120
0,2022-02-10,2022-02-14,3561,8,100,734,716.0,True,80700
0,2022-02-18,2022-02-21,840,4,100,703,690.0,True,32840
0,2022-02-25,2022-02-28,3854,5,100,665,654.0,True,88600
0,2022-02-25,2022-02-28,151,7,100,614,605.0,True,18710
0,2022-03-04,2022-03-07,3856,2,100,657,645.0,True,88690
0,2022-03-04,2022-03-07,3526,5,300,272,262.0,True,80160
0,2022-03-04,2022-03-07,540,8,100,658,646.0,True,27340
0,2022-03-11,2022-03-14,103,6,1500,63,62.0,True,17830
0,2022-03-18,2022-03-22,184,7,100,741,734.0,True,19290
0,2022-03-18,2022-03-22,3206,11,100,567,560.0,True,75130
0,2022-03-25,2022-03-28,540,6,100,658,652.0,True,27340
0,2022-03-25,2022-03-28,3856,7,100,670,658.0,True,88690
0,2022-04-01,2022-04-04,2210,6,100,695,690.0,True,59590
0,2022-04-01,2022-04-04,2377,12,100,641,630.0,True,62100
0,2022-04-08,2022-04-11,103,8,1500,66,65.0,True,17830
0,2022-04-08,2022-04-11,3856,12,100,614,600.0,True,88690
0,2022-04-15,2022-04-18,3517,3,100,805,785.0,True,80050
0,2022-04-15,2022-04-18,3856,4,100,612,596.0,True,88690
0,2022-04-22,2022-04-25,3856,1,100,602,589.0,True,88690
0,2022-04-22,2022-04-25,840,5,100,661,625.0,True,32840
0,2022-04-28,2022-05-02,103,2,1700,57,55.0,True,17830
0,2022-04-28,2022-05-02,151,8,100,575,564.0,True,18710
0,2022-05-06,2022-05-09,2722,2,100,924,891.0,True,67300
0,2022-05-06,2022-05-09,3385,4,100,979,966.0,True,78200
0,2022-05-13,2022-05-16,840,5,100,752,743.0,True,32840
0,2022-05-13,2022-05-16,3043,11,200,364,360.0,True,72440
0,2022-05-13,2022-05-16,3579,27,200,441,436.0,True,80950
0,2022-05-20,2022-05-23,151,5,100,601,591.0,True,18710
0,2022-05-20,2022-05-23,3420,9,100,966,1008.0,False,78680
0,2022-05-20,2022-05-23,1643,10,100,939,925.0,True,45540
0,2022-05-27,2022-05-30,286,3,100,851,837.0,True,21630
0,2022-05-27,2022-05-30,3043,11,200,354,355.0,False,72440
0,2022-06-03,2022-06-06,765,3,200,397,390.0,True,31590
0,2022-06-03,2022-06-06,540,4,100,649,632.0,True,27340
0,2022-06-10,2022-06-13,3206,6,100,595,581.0,True,75130
0,2022-06-17,2022-06-20,815,5,700,141,141.0,False,32360
0,2022-06-17,2022-06-20,1459,7,100,959,943.0,True,42980
0,2022-06-17,2022-06-20,4280,10,100,739,725.0,True,97650
0,2022-06-24,2022-06-27,223,3,100,712,706.0,True,19760
0,2022-06-24,2022-06-27,2666,23,500,181,180.0,True,66320
0,2022-06-24,2022-06-27,3861,24,200,444,439.0,True,88810
0,2022-07-01,2022-07-04,3654,1,100,851,842.0,True,82170
0,2022-07-01,2022-07-04,2408,6,100,595,589.0,True,62620
0,2022-07-08,2022-07-11,820,2,300,300,295.0,True,32420
0,2022-07-08,2022-07-11,3654,4,100,872,862.0,True,82170
0,2022-07-08,2022-07-11,151,5,100,618,611.0,True,18710
0,2022-07-15,2022-07-19,2210,2,100,621,610.0,True,59590
0,2022-07-15,2022-07-19,151,6,100,623,612.0,True,18710
0,2022-07-15,2022-07-19,3703,7,300,255,250.0,True,83370
0,2022-07-22,2022-07-25,3854,2,100,684,673.0,True,88600
0,2022-07-22,2022-07-25,2677,4,100,530,520.0,True,66440
0,2022-07-29,2022-08-01,3703,5,300,261,256.0,True,83370
0,2022-07-29,2022-08-01,3401,8,100,938,920.0,True,78400
0,2022-07-29,2022-08-01,6,11,100,972,960.0,True,13750
0,2022-08-05,2022-08-08,151,4,100,623,623.0,False,18710
0,2022-08-05,2022-08-08,167,5,100,835,819.0,True,18980
0,2022-08-12,2022-08-15,4333,4,600,145,143.0,True,98760
0,2022-08-12,2022-08-15,3856,5,100,627,613.0,True,88690
0,2022-08-12,2022-08-15,840,9,100,818,809.0,True,32840
0,2022-08-19,2022-08-22,1243,1,100,754,740.0,True,39480
0,2022-08-19,2022-08-22,3869,2,200,436,428.0,True,88930
0,2022-08-26,2022-08-29,1822,3,100,510,494.0,True,48840
0,2022-08-26,2022-08-29,1170,8,100,916,886.0,True,38430
0,2022-09-02,2022-09-05,3207,2,100,958,935.0,True,75140
0,2022-09-02,2022-09-05,3869,4,200,440,433.0,True,88930
0,2022-09-09,2022-09-12,154,9,100,737,729.0,True,18790
0,2022-09-09,2022-09-12,3873,10,100,714,701.0,True,89030
0,2022-09-16,2022-09-20,2139,10,200,464,458.0,True,58090
0,2022-09-16,2022-09-20,71,12,100,912,895.0,True,17120
0,2022-09-16,2022-09-20,3579,14,200,446,439.0,True,80950
0,2022-09-22,2022-09-26,3045,14,200,432,420.0,True,72460
0,2022-09-22,2022-09-26,3967,16,100,739,710.0,True,91150
0,2022-09-30,2022-10-03,3045,10,200,401,390.0,True,72460
0,2022-09-30,2022-10-03,3610,12,100,898,877.0,True,81410
0,2022-10-07,2022-10-11,2377,4,100,574,557.0,True,62100
0,2022-10-07,2022-10-11,2779,5,600,144,144.0,False,68190
0,2022-10-07,2022-10-11,223,6,100,718,696.0,True,19760
0,2022-10-14,2022-10-17,2234,4,100,689,675.0,True,59920
0,2022-10-14,2022-10-17,3876,5,100,661,645.0,True,89080
0,2022-10-14,2022-10-17,3744,7,100,778,762.0,True,83990
0,2022-10-21,2022-10-24,2779,2,700,135,134.0,True,68190
0,2022-10-21,2022-10-24,3744,3,100,778,775.0,True,83990
0,2022-10-28,2022-10-31,3437,6,100,962,956.0,True,78930
0,2022-10-28,2022-10-31,223,8,100,714,707.0,True,19760
0,2022-10-28,2022-10-31,4062,12,100,934,922.0,True,93190
0,2022-11-04,2022-11-07,2523,7,100,715,711.0,True,64180
0,2022-11-04,2022-11-07,840,9,100,774,762.0,True,32840
0,2022-11-04,2022-11-07,2467,10,100,691,680.0,True,63390
0,2022-11-11,2022-11-14,3861,6,200,434,425.0,True,88810
0,2022-11-11,2022-11-14,2399,7,100,855,840.0,True,62470
0,2022-11-18,2022-11-21,2884,1,100,614,603.0,True,69820
0,2022-11-18,2022-11-21,1511,9,100,672,649.0,True,43760
0,2022-11-25,2022-11-28,944,5,100,584,578.0,True,34520
0,2022-11-25,2022-11-28,3704,10,400,209,212.0,False,83380
0,2022-12-02,2022-12-05,2189,1,100,562,555.0,True,59320
0,2022-12-02,2022-12-05,3662,2,100,953,937.0,True,82370
0,2022-12-02,2022-12-05,1539,5,100,838,824.0,True,44100
0,2022-12-09,2022-12-12,718,2,100,592,590.0,True,30820
0,2022-12-09,2022-12-12,3864,5,100,776,760.0,True,88870
0,2022-12-16,2022-12-19,2901,4,200,437,425.0,True,70140
0,2022-12-23,2022-12-26,1888,3,100,810,795.0,True,49920
0,2022-12-23,2022-12-26,307,5,100,665,652.0,True,21980
0,2022-12-30,2023-01-04,3874,3,100,807,794.0,True,89040
0,2023-01-06,2023-01-10,2775,1,100,950,938.0,True,68140
0,2023-01-06,2023-01-10,1022,6,200,439,431.0,True,36080
0,2023-01-13,2023-01-16,184,5,100,922,901.0,True,19290
0,2023-01-20,2023-01-23,1012,2,100,765,759.0,True,35800
0,2023-01-20,2023-01-23,1539,3,100,831,822.0,True,44100
0,2023-01-20,2023-01-23,3517,5,100,734,723.0,True,80050
0,2023-01-27,2023-01-30,4393,2,100,748,734.0,True,99900
0,2023-01-27,2023-01-30,3437,5,100,985,970.0,True,78930
0,2023-02-03,2023-02-06,2819,3,100,664,659.0,True,68790
0,2023-02-03,2023-02-06,3623,5,100,745,739.0,True,81580
0,2023-02-03,2023-02-06,3684,9,100,930,918.0,True,82810
0,2023-02-10,2023-02-13,257,2,400,225,221.0,True,21200
0,2023-02-10,2023-02-13,1021,7,200,358,350.0,True,36070
0,2023-02-10,2023-02-13,2202,9,100,791,775.0,True,59490
0,2023-02-17,2023-02-20,4201,1,100,952,946.0,True,96250
0,2023-02-17,2023-02-20,1888,4,100,834,816.0,True,49920
0,2023-02-17,2023-02-20,2936,5,100,555,545.0,True,70680
0,2023-02-24,2023-02-27,307,2,100,642,631.0,True,21980
0,2023-02-24,2023-02-27,2692,3,100,735,715.0,True,66660
0,2023-02-24,2023-02-27,1057,9,100,779,760.0,True,36620
0,2023-03-03,2023-03-06,3874,3,100,817,802.0,True,89040
0,2023-03-03,2023-03-06,3654,5,100,882,866.0,True,82170
0,2023-03-10,2023-03-13,39,4,400,239,232.0,True,14430
0,2023-03-10,2023-03-13,1487,9,100,778,755.0,True,43450
0,2023-03-17,2023-03-20,1138,1,100,699,678.0,True,37870
0,2023-03-17,2023-03-20,3676,2,300,332,324.0,True,82600
0,2023-03-17,2023-03-20,990,3,100,975,956.0,True,35460
0,2023-03-24,2023-03-27,3874,7,100,814,799.0,True,89040
0,2023-03-24,2023-03-27,1888,8,100,813,806.0,True,49920
0,2023-03-31,2023-04-03,2936,2,100,684,701.0,False,70680
0,2023-03-31,2023-04-03,3440,3,600,143,141.0,True,78970
0,2023-03-31,2023-04-03,421,8,100,541,536.0,True,24370
0,2023-04-07,2023-04-10,4096,7,100,1000,983.0,True,93680
0,2023-04-07,2023-04-10,3647,8,100,660,653.0,True,82030
0,2023-04-14,2023-04-17,3767,10,100,858,843.0,True,85410
0,2023-04-14,2023-04-17,1412,14,100,602,593.0,True,42200
0,2023-04-21,2023-04-24,1815,2,100,717,704.0,True,48470
0,2023-04-21,2023-04-24,3517,8,100,795,781.0,True,80050
0,2023-04-21,2023-04-24,1680,10,100,857,838.0,True,46110
0,2023-04-28,2023-05-01,3787,8,100,888,872.0,True,85960
0,2023-04-28,2023-05-01,3517,10,100,804,799.0,True,80050
0,2023-05-02,2023-05-08,1408,1,100,507,495.0,True,42150
0,2023-05-02,2023-05-08,3787,3,100,885,873.0,True,85960
0,2023-05-02,2023-05-08,3767,4,100,868,845.0,True,85410
0,2023-05-12,2023-05-15,3871,2,200,395,389.0,True,88970
0,2023-05-12,2023-05-15,3660,4,200,350,341.0,True,82300
0,2023-05-12,2023-05-15,2558,5,100,594,588.0,True,64800
0,2023-05-19,2023-05-22,3854,7,100,718,704.0,True,88600
0,2023-05-19,2023-05-22,152,10,200,402,395.0,True,18730
0,2023-05-19,2023-05-22,1707,17,300,314,304.0,True,46510
0,2023-05-26,2023-05-29,307,4,100,654,649.0,True,21980
0,2023-05-26,2023-05-29,2348,5,100,741,764.0,False,61760
0,2023-05-26,2023-05-29,152,12,200,388,387.0,True,18730
0,2023-06-02,2023-06-05,653,2,100,640,637.0,True,29750
0,2023-06-02,2023-06-05,540,3,100,757,755.0,True,27340
0,2023-06-02,2023-06-05,1888,6,100,911,915.0,False,49920
0,2023-06-09,2023-06-12,4097,2,100,967,949.0,True,93690
0,2023-06-09,2023-06-12,3854,3,100,699,688.0,True,88600
0,2023-06-16,2023-06-19,3647,4,100,639,627.0,True,82030
0,2023-06-16,2023-06-19,2578,5,100,969,951.0,True,65050
0,2023-06-23,2023-06-26,3206,11,100,582,572.0,True,75130
0,2023-06-30,2023-07-03,3517,5,100,986,968.0,True,80050
0,2023-06-30,2023-07-03,992,11,100,884,875.0,True,35480
0,2023-07-07,2023-07-10,4343,8,100,988,987.0,True,98960
0,2023-07-07,2023-07-10,197,10,100,965,950.0,True,19450
0,2023-07-07,2023-07-10,3647,11,100,638,629.0,True,82030
0,2023-07-14,2023-07-18,53,4,200,355,348.0,True,15140
0,2023-07-14,2023-07-18,4398,5,200,424,416.0,True,99950
0,2023-07-14,2023-07-18,2408,11,100,573,562.0,True,62620
0,2023-07-21,2023-07-24,214,12,100,1000,989.0,True,19660
0,2023-07-28,2023-07-31,1412,3,100,684,679.0,True,42200
0,2023-07-28,2023-07-31,936,5,100,950,990.0,False,34400
0,2023-07-28,2023-07-31,3787,8,100,879,880.0,False,85960
0,2023-08-04,2023-08-07,247,5,100,763,746.0,True,20600
0,2023-08-04,2023-08-07,2558,6,100,555,543.0,True,64800
0,2023-08-04,2023-08-07,1680,12,100,962,947.0,True,46110
0,2023-08-10,2023-08-14,3820,2,200,389,394.0,False,87370
0,2023-08-10,2023-08-14,2779,3,300,311,320.0,False,68190
0,2023-08-10,2023-08-14,3849,4,100,639,627.0,True,88440
0,2023-08-18,2023-08-21,675,1,500,178,174.0,True,30100
0,2023-08-18,2023-08-21,412,5,100,835,819.0,True,24240
0,2023-08-18,2023-08-21,2535,15,100,647,640.0,True,64450
0,2023-08-25,2023-08-28,607,5,100,536,545.0,False,28760
0,2023-08-25,2023-08-28,297,11,100,795,787.0,True,21800
0,2023-09-01,2023-09-04,607,1,100,564,553.0,True,28760
0,2023-09-01,2023-09-04,540,3,100,770,764.0,True,27340
0,2023-09-01,2023-09-04,638,6,100,812,797.0,True,29270
0,2023-09-08,2023-09-11,540,3,100,768,760.0,True,27340
0,2023-09-08,2023-09-11,1888,8,100,930,920.0,True,49920
0,2023-09-08,2023-09-11,760,10,100,979,960.0,True,31510
0,2023-09-15,2023-09-19,4115,3,100,921,905.0,True,94140
0,2023-09-15,2023-09-19,823,4,100,977,960.0,True,32460
0,2023-09-15,2023-09-19,3874,9,100,897,880.0,True,89040
0,2023-09-22,2023-09-25,2819,4,100,604,597.0,True,68790
0,2023-09-29,2023-10-02,2141,4,100,865,850.0,True,58160
0,2023-09-29,2023-10-02,2819,7,100,595,589.0,True,68790
0,2023-10-06,2023-10-10,3854,5,100,720,713.0,True,88600
0,2023-10-06,2023-10-10,2848,17,200,410,403.0,True,69270
0,2023-10-13,2023-10-16,4394,1,100,949,924.0,True,99910
0,2023-10-13,2023-10-16,3388,11,100,813,797.0,True,78230
0,2023-10-20,2023-10-23,2210,8,100,732,718.0,True,59590
0,2023-10-20,2023-10-23,4393,9,100,854,830.0,True,99900
0,2023-10-20,2023-10-23,247,11,100,770,751.0,True,20600
0,2023-10-27,2023-10-30,3493,1,200,337,328.0,True,79710
0,2023-10-27,2023-10-30,3854,6,100,728,709.0,True,88600
0,2023-10-27,2023-10-30,1487,10,100,677,665.0,True,43450
0,2023-11-02,2023-11-06,2533,1,100,592,587.0,True,64400
0,2023-11-02,2023-11-06,820,2,200,397,392.0,True,32420
0,2023-11-02,2023-11-06,247,7,100,778,769.0,True,20600
0,2023-11-10,2023-11-13,2477,2,200,483,471.0,True,63560
0,2023-11-10,2023-11-13,2558,4,100,566,556.0,True,64800
0,2023-11-10,2023-11-13,1637,5,100,790,774.0,True,45480
0,2023-11-17,2023-11-20,4097,4,100,944,926.0,True,93690
0,2023-11-17,2023-11-20,3854,5,100,707,696.0,True,88600
0,2023-11-24,2023-11-27,3855,5,100,572,562.0,True,88640
0,2023-12-01,2023-12-04,4097,9,100,904,895.0,True,93690
0,2023-12-01,2023-12-04,2189,10,100,842,817.0,True,59320
0,2023-12-08,2023-12-11,1858,7,100,969,960.0,True,49360
0,2023-12-15,2023-12-18,103,1,1700,57,58.0,False,17830
0,2023-12-15,2023-12-18,2189,4,100,805,781.0,True,59320
0,2023-12-15,2023-12-18,3854,5,100,705,691.0,True,88600
0,2023-12-22,2023-12-25,1922,5,200,418,411.0,True,50740
0,2023-12-22,2023-12-25,2408,6,200,435,427.0,True,62620
0,2023-12-29,2024-01-04,877,2,100,919,901.0,True,33550
0,2023-12-29,2024-01-04,2189,5,100,798,813.0,False,59320
0,2023-12-29,2024-01-04,3493,7,300,325,320.0,True,79710
0,2024-01-05,2024-01-09,3434,11,100,512,508.0,True,78880
0,2024-01-05,2024-01-09,540,15,100,748,735.0,True,27340
0,2024-01-12,2024-01-15,3493,1,300,330,325.0,True,79710
0,2024-01-12,2024-01-15,3854,5,100,737,724.0,True,88600
0,2024-01-19,2024-01-22,2408,3,200,448,441.0,True,62620
0,2024-01-26,2024-01-29,3584,10,100,679,666.0,True,81030
0,2024-01-26,2024-01-29,415,24,100,581,573.0,True,24280
0,2024-02-02,2024-02-05,936,1,100,964,955.0,True,34400
0,2024-02-02,2024-02-05,1637,7,100,785,775.0,True,45480
0,2024-02-02,2024-02-05,3493,12,200,385,383.0,True,79710
0,2024-02-09,2024-02-13,2660,2,300,329,315.0,True,66250
0,2024-02-09,2024-02-13,1922,4,200,442,439.0,True,50740
0,2024-02-09,2024-02-13,129,5,100,501,500.0,True,18270
0,2024-02-16,2024-02-19,954,3,100,769,753.0,True,34750
0,2024-02-16,2024-02-19,820,11,200,401,394.0,True,32420
0,2024-02-16,2024-02-19,4057,13,100,622,611.0,True,93100
0,2024-02-22,2024-02-26,3022,1,100,762,742.0,True,72130
0,2024-02-22,2024-02-26,3854,14,100,739,725.0,True,88600
0,2024-03-01,2024-03-04,3854,4,100,746,736.0,True,88600
0,2024-03-01,2024-03-04,2189,5,100,853,840.0,True,59320
0,2024-03-01,2024-03-04,71,7,100,999,991.0,True,17120
0,2024-03-08,2024-03-11,4115,1,100,906,886.0,True,94140
0,2024-03-08,2024-03-11,3874,2,100,871,854.0,True,89040
0,2024-03-08,2024-03-11,4168,10,200,391,383.0,True,95350
0,2024-03-15,2024-03-18,3854,6,100,728,719.0,True,88600
0,2024-03-15,2024-03-18,3481,7,100,804,790.0,True,79550
0,2024-03-22,2024-03-25,4115,3,100,920,907.0,True,94140
0,2024-03-29,2024-04-01,1991,1,100,874,858.0,True,52620
0,2024-03-29,2024-04-01,2056,2,100,548,541.0,True,54760
0,2024-03-29,2024-04-01,996,3,100,822,810.0,True,35530
0,2024-04-05,2024-04-08,3076,2,100,533,530.0,True,72910
0,2024-04-05,2024-04-08,2819,6,100,642,633.0,True,68790
0,2024-04-12,2024-04-15,1185,5,100,622,604.0,True,38640
0,2024-04-12,2024-04-15,242,9,100,698,685.0,True,20090
0,2024-04-12,2024-04-15,3493,11,200,395,385.0,True,79710
0,2024-04-19,2024-04-22,545,2,400,219,154.0,True,27430
0,2024-04-19,2024-04-22,3046,4,200,435,430.0,True,72470
0,2024-04-26,2024-04-30,3076,1,100,510,504.0,True,72910
0,2024-04-26,2024-04-30,660,5,100,918,910.0,True,29840
0,2024-05-02,2024-05-07,1185,3,100,577,576.0,True,38640
0,2024-05-02,2024-05-07,820,4,200,434,426.0,True,32420
0,2024-05-10,2024-05-13,2450,11,300,267,261.0,True,63190
0,2024-05-10,2024-05-13,2558,14,100,641,636.0,True,64800
0,2024-05-17,2024-05-20,4266,5,100,863,845.0,True,97430
0,2024-05-17,2024-05-20,2231,8,100,802,790.0,True,59890
0,2024-05-17,2024-05-20,944,11,100,947,930.0,True,34520
0,2024-05-31,2024-06-03,307,12,100,774,764.0,True,21980
0,2024-06-07,2024-06-10,3849,1,100,805,797.0,True,88440
0,2024-06-07,2024-06-10,3434,3,100,678,665.0,True,78880
0,2024-06-07,2024-06-10,179,7,100,847,830.0,True,19210
0,2024-06-14,2024-06-17,3876,2,100,752,738.0,True,89080
0,2024-06-21,2024-06-24,3493,3,200,394,391.0,True,79710
0,2024-06-21,2024-06-24,874,7,1100,88,90.0,False,33500
0,2024-06-28,2024-07-01,3647,5,100,697,684.0,True,82030
0,2024-06-28,2024-07-01,3561,9,100,737,727.0,True,80700
0,2024-07-05,2024-07-08,1185,16,100,780,765.0,True,38640
0,2024-07-05,2024-07-08,2819,17,100,558,548.0,True,68790
0,2024-07-05,2024-07-08,2492,18,100,943,930.0,True,63730
0,2024-07-12,2024-07-16,1185,1,100,755,742.0,True,38640
0,2024-07-12,2024-07-16,2408,10,100,606,595.0,True,62620
0,2024-07-12,2024-07-16,996,16,100,819,807.0,True,35530
0,2024-07-19,2024-07-22,771,2,100,829,812.0,True,31680
0,2024-07-19,2024-07-22,996,3,100,816,801.0,True,35530
0,2024-07-26,2024-07-29,4070,8,100,813,813.0,False,93320
0,2024-07-26,2024-07-29,1903,9,200,460,459.0,True,50170
0,2024-08-02,2024-08-05,174,3,100,520,490.0,True,190A0
0,2024-08-02,2024-08-05,3849,6,100,795,740.0,True,88440
0,2024-08-09,2024-08-13,944,2,100,857,862.0,False,34520
0,2024-08-09,2024-08-13,3447,14,400,212,211.0,True,79080
0,2024-08-09,2024-08-13,1119,19,400,240,240.0,False,37580
0,2024-08-16,2024-08-19,2154,1,100,787,769.0,True,58450
0,2024-08-16,2024-08-19,2028,2,100,572,558.0,True,53810
0,2024-08-16,2024-08-19,835,4,100,627,614.0,True,32710
0,2024-08-23,2024-08-26,4318,5,100,750,739.0,True,98450
0,2024-08-23,2024-08-26,2154,6,100,750,738.0,True,58450
0,2024-08-30,2024-09-02,835,2,100,674,671.0,True,32710
0,2024-08-30,2024-09-02,307,3,100,803,788.0,True,21980
0,2024-08-30,2024-09-02,3855,4,100,594,587.0,True,88640
0,2024-09-06,2024-09-09,3584,7,100,660,642.0,True,81030
0,2024-09-06,2024-09-09,3044,17,100,504,488.0,True,72450
0,2024-09-06,2024-09-09,2640,18,100,770,740.0,True,65840
0,2024-09-13,2024-09-17,3854,9,100,698,690.0,True,88600
0,2024-09-13,2024-09-17,3044,10,200,481,478.0,True,72450
0,2024-09-20,2024-09-24,3254,8,100,733,719.0,True,76000
0,2024-09-20,2024-09-24,1429,9,100,676,667.0,True,42460
0,2024-09-27,2024-09-30,4394,4,100,933,891.0,True,99910
0,2024-10-04,2024-10-07,3108,7,100,818,817.0,True,73520
0,2024-10-11,2024-10-15,179,1,100,885,869.0,True,19210
0,2024-10-11,2024-10-15,1185,2,100,524,519.0,True,38640
0,2024-10-18,2024-10-21,3854,1,100,723,713.0,True,88600
0,2024-10-18,2024-10-21,3967,5,100,723,709.0,True,91150
0,2024-10-25,2024-10-28,3967,3,100,689,669.0,True,91150
0,2024-10-25,2024-10-28,2038,5,100,747,727.0,True,54080
0,2024-10-25,2024-10-28,247,6,100,829,810.0,True,20600
0,2024-11-01,2024-11-05,3856,5,100,988,971.0,True,88690
0,2024-11-01,2024-11-05,2546,8,100,693,680.0,True,64640
0,2024-11-08,2024-11-11,3071,1,100,856,835.0,True,72800
0,2024-11-08,2024-11-11,3690,2,200,425,415.0,True,82910
0,2024-11-08,2024-11-11,2231,3,100,910,892.0,True,59890
0,2024-11-15,2024-11-18,474,1,400,210,203.0,True,25860
0,2024-11-15,2024-11-18,2665,7,100,765,751.0,True,66300
0,2024-11-15,2024-11-18,307,8,100,746,731.0,True,21980
0,2024-11-22,2024-11-25,820,4,200,389,382.0,True,32420
0,2024-11-22,2024-11-25,3990,10,100,767,756.0,True,91930
0,2024-11-29,2024-12-02,3849,5,100,824,804.0,True,88440
0,2024-11-29,2024-12-02,3967,9,100,677,660.0,True,91150
0,2024-12-06,2024-12-09,2189,1,100,691,675.0,True,59320
0,2024-12-06,2024-12-09,3434,2,100,590,580.0,True,78880
0,2024-12-06,2024-12-09,1797,7,100,957,946.0,True,48130
0,2024-12-13,2024-12-16,3854,9,100,791,776.0,True,88600
0,2024-12-20,2024-12-23,4280,3,100,994,980.0,True,97650
0,2024-12-20,2024-12-23,4167,8,100,537,530.0,True,95340
0,2024-12-30,2025-01-06,161,6,100,529,519.0,True,18870
0,2024-12-30,2025-01-06,3854,7,100,814,803.0,True,88600
0,2025-01-10,2025-01-14,3579,3,200,465,456.0,True,80950
0,2025-01-10,2025-01-14,3434,9,100,683,667.0,True,78880
0,2025-01-17,2025-01-20,4394,5,100,1000,983.0,True,99910
0,2025-01-17,2025-01-20,3413,9,300,273,270.0,True,78590
0,2025-01-17,2025-01-20,3584,12,100,645,641.0,True,81030
0,2025-01-24,2025-01-27,3849,8,100,852,851.0,True,88440
0,2025-01-31,2025-02-03,2208,4,100,593,579.0,True,59570
0,2025-01-31,2025-02-03,2677,7,100,768,752.0,True,66440
0,2025-01-31,2025-02-03,3044,9,100,516,502.0,True,72450
0,2025-02-07,2025-02-10,2729,3,100,522,515.0,True,67420
0,2025-02-14,2025-02-17,860,5,100,991,961.0,True,33200
0,2025-02-14,2025-02-17,2038,9,100,790,776.0,True,54080
0,2025-02-14,2025-02-17,942,13,100,862,825.0,True,34470
0,2025-02-21,2025-02-25,3967,5,100,600,586.0,True,91150
0,2025-02-21,2025-02-25,2024,8,200,459,444.0,True,53630
0,2025-02-28,2025-03-03,639,17,100,872,885.0,False,29290
0,2025-02-28,2025-03-03,1880,22,100,782,777.0,True,49770
0,2025-03-07,2025-03-10,3854,3,100,740,730.0,True,88600
0,2025-03-07,2025-03-10,3434,4,100,660,658.0,True,78880
0,2025-03-07,2025-03-10,3493,5,200,475,467.0,True,79710
0,2025-03-14,2025-03-17,161,8,100,501,494.0,True,18870
0,2025-03-21,2025-03-24,820,4,200,455,449.0,True,32420
0,2025-03-28,2025-03-31,2038,6,100,781,751.0,True,54080
0,2025-03-28,2025-03-31,3883,10,100,649,617.0,True,89200
0,2025-04-04,2025-04-07,3222,3,100,879,787.0,True,75370
0,2025-04-04,2025-04-07,1429,4,100,550,510.0,True,42460
0,2025-04-04,2025-04-07,3856,5,100,904,827.0,True,88690
0,2025-04-11,2025-04-14,3861,9,200,492,485.0,True,88810
0,2025-04-11,2025-04-14,3584,11,100,656,651.0,True,81030
0,2025-04-18,2025-04-21,815,1,500,199,192.0,True,32360
0,2025-04-18,2025-04-21,3856,2,100,918,900.0,True,88690
0,2025-04-18,2025-04-21,2210,4,100,885,870.0,True,59590
0,2025-04-25,2025-04-28,2210,3,100,888,873.0,True,59590
0,2025-04-25,2025-04-28,1012,4,100,785,778.0,True,35800
0,2025-05-02,2025-05-07,247,1,100,901,887.0,True,20600
0,2025-05-02,2025-05-07,1979,15,100,783,765.0,True,52470
0,2025-05-02,2025-05-07,1429,17,100,576,566.0,True,42460
0,2025-05-09,2025-05-12,2105,2,300,312,305.0,True,56580
0,2025-05-09,2025-05-12,1429,7,100,577,568.0,True,42460
0,2025-05-09,2025-05-12,1418,11,100,851,836.0,True,42310
0,2025-05-16,2025-05-19,2596,3,100,545,534.0,True,65350
0,2025-05-16,2025-05-19,1707,7,300,270,270.0,False,46510
0,2025-05-16,2025-05-19,3820,9,100,516,501.0,True,87370
0,2025-05-23,2025-05-26,2024,3,100,551,538.0,True,53630
0,2025-05-23,2025-05-26,4044,4,100,703,693.0,True,92740
0,2025-05-30,2025-06-02,4044,4,100,736,717.0,True,92740
0,2025-05-30,2025-06-02,2210,6,100,871,849.0,True,59590
0,2025-05-30,2025-06-02,3043,7,200,386,377.0,True,72440
0,2025-06-06,2025-06-09,3434,2,100,619,608.0,True,78880
0,2025-06-06,2025-06-09,3043,7,200,367,361.0,True,72440
0,2025-06-06,2025-06-09,3071,12,100,821,811.0,True,72800
0,2025-06-13,2025-06-16,4143,9,100,936,920.0,True,94700
0,2025-06-13,2025-06-16,161,12,200,469,462.0,True,18870
0,2025-06-20,2025-06-23,815,1,400,217,211.0,True,32360
0,2025-06-20,2025-06-23,2210,4,100,848,826.0,True,59590
0,2025-06-27,2025-06-30,3647,3,100,674,661.0,True,82030
0,2025-06-27,2025-06-30,2677,18,100,972,959.0,True,66440
0,2025-07-04,2025-07-07,3772,14,200,414,408.0,True,85500
0,2025-07-04,2025-07-07,4143,17,100,951,937.0,True,94700
0,2025-07-04,2025-07-07,452,23,100,766,755.0,True,24910
0,2025-07-11,2025-07-14,3772,2,200,430,423.0,True,85500
0,2025-07-11,2025-07-14,3854,4,100,690,677.0,True,88600
0,2025-07-11,2025-07-14,3434,19,100,791,799.0,False,78880
0,2025-07-18,2025-07-22,1185,3,100,632,620.0,True,38640
0,2025-07-18,2025-07-22,3584,12,100,705,690.0,True,81030
0,2025-07-25,2025-07-28,1777,14,300,313,308.0,True,47670
0,2025-07-25,2025-07-28,3584,15,100,726,719.0,True,81030
0,2025-08-01,2025-08-04,1880,8,100,934,908.0,True,49770
0,2025-08-01,2025-08-04,820,10,100,518,503.0,True,32420
0,2025-08-08,2025-08-12,2368,9,200,454,447.0,True,61970
0,2025-08-08,2025-08-12,2208,14,100,661,650.0,True,59570
0,2025-08-15,2025-08-18,765,3,200,334,327.0,True,31590
0,2025-08-15,2025-08-18,3690,13,100,518,505.0,True,82910
0,2025-08-15,2025-08-18,3883,15,100,714,701.0,True,89200
0,2025-08-22,2025-08-25,3690,11,100,522,518.0,True,82910
0,2025-08-29,2025-09-01,2349,2,200,369,370.0,False,61770
0,2025-09-05,2025-09-08,3579,2,100,527,521.0,True,80950
0,2025-09-05,2025-09-08,3690,9,100,519,509.0,True,82910
0,2025-09-05,2025-09-08,3434,16,100,922,909.0,True,78880
0,2025-09-12,2025-09-16,2210,2,100,958,933.0,True,59590
0,2025-09-12,2025-09-16,638,19,100,879,864.0,True,29270
0,2025-09-19,2025-09-22,3854,3,100,820,805.0,True,88600
0,2025-09-19,2025-09-22,3434,5,100,905,889.0,True,78880
