month,train_first,train_last,train_rows,score_days,score_rows,seconds
2018-09,2017-01-04,2018-09-19,445167,2,1985,9.1
2018-10,2017-01-04,2018-09-27,449987,8,8442,8.4
2018-11,2017-01-04,2018-10-25,469660,10,10182,8.4
2018-12,2017-01-04,2018-11-29,494573,7,7517,8.7
2019-01,2017-01-04,2018-12-20,509580,8,8681,9.1
2019-02,2017-01-04,2019-01-24,531043,8,7638,9.4
2019-03,2017-01-04,2019-02-21,549174,10,9876,9.7
2019-04,2017-01-04,2019-03-28,572545,8,7629,9.8
2019-05,2017-01-04,2019-04-24,591330,8,7775,10.0
2019-06,2017-01-04,2019-05-30,610400,8,7308,10.3
2019-07,2017-01-04,2019-06-27,629031,8,7299,10.8
2019-08,2017-01-04,2019-07-25,646402,10,8934,10.8
2019-09,2017-01-04,2019-08-29,668095,8,7074,11.1
2019-10,2017-01-04,2019-09-26,683384,8,7406,11.2
2019-11,2017-01-04,2019-10-24,700264,10,10027,11.6
2019-12,2017-01-04,2019-11-28,723836,9,9540,12.4
2020-01,2017-01-04,2019-12-27,745446,8,9016,12.9
2020-02,2017-01-04,2020-01-30,766808,8,9445,12.7
2020-03,2017-01-04,2020-02-27,787459,8,11351,12.7
2020-04,2017-01-04,2020-03-26,813820,8,9531,13.2
2020-05,2017-01-04,2020-04-22,837965,10,10999,13.6
2020-06,2017-01-04,2020-05-28,861926,8,9490,14.0
2020-07,2017-01-04,2020-06-25,885363,10,11066,14.0
2020-08,2017-01-04,2020-07-30,911448,8,8233,14.3
2020-09,2017-01-04,2020-08-27,930991,8,7706,14.6
2020-10,2017-01-04,2020-09-24,950399,10,11536,14.9
2020-11,2017-01-04,2020-10-28,976128,8,8963,15.2
2020-12,2017-01-04,2020-11-26,997040,10,11744,16.4
2021-01,2017-01-04,2020-12-29,1023895,8,9614,16.5
2021-02,2017-01-04,2021-01-28,1046745,8,9803,16.0
2021-03,2017-01-04,2021-02-25,1068395,8,10074,16.3
2021-04,2017-01-04,2021-03-25,1093640,10,12006,17.0
2021-05,2017-01-04,2021-04-23,1119742,8,9172,17.1
2021-06,2017-01-04,2021-05-27,1142649,8,8624,17.3
2021-07,2017-01-04,2021-06-24,1164623,10,10008,17.4
2021-08,2017-01-04,2021-07-29,1187956,8,7984,18.0
2021-09,2017-01-04,2021-08-26,1206842,8,8587,18.3
2021-10,2017-01-04,2021-09-22,1225338,10,10918,16.6
2021-11,2017-01-04,2021-10-27,1252480,8,8250,16.7
2021-12,2017-01-04,2021-11-25,1271448,10,10866,19.2
2022-01,2017-01-04,2021-12-28,1296779,8,8633,20.1
2022-02,2017-01-04,2022-01-27,1317035,8,8306,20.0
2022-03,2017-01-04,2022-02-24,1336008,8,8643,20.4
2022-04,2017-01-04,2022-03-24,1356261,10,10624,21.2
2022-05,2017-01-04,2022-04-22,1379148,8,8085,20.3
2022-06,2017-01-04,2022-05-26,1399301,8,8338,18.1
2022-07,2017-01-04,2022-06-23,1420118,10,9840,19.1
2022-08,2017-01-04,2022-07-28,1444171,8,7764,18.1
2022-09,2017-01-04,2022-08-25,1462428,10,10089,18.0
2022-10,2017-01-04,2022-09-29,1485409,8,8154,18.3
2022-11,2017-01-04,2022-10-26,1503935,8,8277,18.9
2022-12,2017-01-04,2022-11-24,1523459,10,10206,18.8
2023-01,2017-01-04,2022-12-27,1546957,8,7833,19.1
2023-02,2017-01-04,2023-01-26,1565867,8,8299,19.4
2023-03,2017-01-04,2023-02-22,1584912,10,11718,19.2
2023-04,2017-01-04,2023-03-30,1612392,8,8972,19.7
2023-05,2017-01-04,2023-04-24,1632003,8,9333,19.9
2023-06,2017-01-04,2023-05-25,1654726,10,12098,20.5
2023-07,2017-01-04,2023-06-29,1684861,8,9845,20.4
2023-08,2017-01-04,2023-07-27,1708205,8,9768,21.0
2023-09,2017-01-04,2023-08-24,1731560,10,12161,21.3
2023-10,2017-01-04,2023-09-28,1760337,8,9719,21.6
2023-11,2017-01-04,2023-10-25,1782792,8,9310,21.8
2023-12,2017-01-04,2023-11-22,1804958,10,11686,22.0
2024-01,2017-01-04,2023-12-25,1830515,8,9856,22.7
2024-02,2017-01-04,2024-01-25,1853635,8,10349,22.9
2024-03,2017-01-04,2024-02-21,1876576,10,12960,22.9
2024-04,2017-01-04,2024-03-28,1907993,8,9452,23.8
2024-05,2017-01-04,2024-04-23,1930201,10,10791,23.4
2024-06,2017-01-04,2024-05-30,1956392,8,7721,24.0
2024-07,2017-01-04,2024-06-27,1976159,8,8355,24.3
2024-08,2017-01-04,2024-07-25,1995446,10,11792,24.3
2024-09,2017-01-04,2024-08-29,2023778,8,8078,24.7
2024-10,2017-01-04,2024-09-26,2042183,8,7581,25.3
2024-11,2017-01-04,2024-10-24,2060732,10,9462,25.3
2024-12,2017-01-04,2024-11-28,2083260,9,8785,25.7
2025-01,2017-01-04,2024-12-27,2103331,8,8134,25.6
2025-02,2017-01-04,2025-01-30,2122806,8,8171,25.9
2025-03,2017-01-04,2025-02-27,2140854,8,8345,26.2
2025-04,2017-01-04,2025-03-27,2160572,8,9942,26.7
2025-05,2017-01-04,2025-04-23,2183419,10,11836,27.1
2025-06,2017-01-04,2025-05-29,2211274,8,8149,26.9
2025-07,2017-01-04,2025-06-26,2232125,8,8373,27.1
2025-08,2017-01-04,2025-07-24,2251937,10,11310,27.7
2025-09,2017-01-04,2025-08-28,2278405,6,7012,27.9
