offset,first,last,n_days,equity,n_orders,n_filled,invested,n_held_end,n_pending_end,traded_value,cost_paid,skip_reason,n_stop,n_stop_stuck,ret
0,2018-10-01,2018-10-05,5,293812.10000000003,3,3,True,0,0,429300.0,1287.9,,0,0,-0.020626333333333215
0,2018-10-09,2018-10-12,4,288449.1000000001,3,3,True,1,0,321000.0,963.0000000000001,,0,0,-0.01787666666666647
0,2018-10-15,2018-10-19,5,306665.20000000007,2,2,True,0,0,361300.0,1083.9,,0,0,0.06072033333333326
0,2018-10-22,2018-10-26,5,288043.3000000001,3,3,True,1,0,407300.0,1221.9,,0,0,-0.062072999999999885
0,2018-10-29,2018-11-02,5,306408.1000000001,2,2,True,1,0,278400.0,835.2,,0,0,0.06121599999999996
0,2018-11-05,2018-11-09,5,308201.10000000015,2,2,True,0,0,369000.0,1107.0,,0,0,0.005976666666666861
0,2018-11-12,2018-11-16,5,304037.6000000002,3,3,True,0,0,554500.0,1663.5,,0,0,-0.013878333333333139
0,2018-11-19,2018-11-22,4,309259.3000000002,3,3,True,1,0,426100.0,1278.3,,0,0,0.017405666666666705
0,2018-11-26,2018-11-30,5,312616.70000000024,2,2,True,0,0,414200.0,1242.6000000000001,,0,0,0.01119133333333341
0,2018-12-03,2018-12-07,5,294717.7000000003,3,3,True,0,0,433000.0,1299.0,,0,0,-0.05966333333333314
0,2018-12-10,2018-12-14,5,282814.9000000003,3,3,True,0,0,367600.0,1102.8,,0,0,-0.03967599999999996
0,2018-12-17,2018-12-21,5,250283.8000000003,3,3,True,0,0,543700.0,1631.1,,0,0,-0.10843700000000002
0,2018-12-25,2018-12-28,4,274954.80000000034,3,3,True,1,0,443000.0,1329.0,,0,0,0.08223666666666676
0,2019-01-04,2019-01-04,1,274354.80000000034,0,0,True,1,0,0.0,0.0,one_day_week,0,0,-0.002
0,2019-01-07,2019-01-11,5,279637.9000000004,2,1,True,0,0,272300.0,816.9,,0,0,0.01761033333333345
0,2019-01-15,2019-01-18,4,289498.5000000004,3,2,True,0,0,379800.0,1139.4,,0,0,0.03286866666666678
0,2019-01-21,2019-01-25,5,292746.90000000043,3,3,True,1,0,417200.0,1251.6,,0,0,0.010828000000000077
0,2019-01-28,2019-02-01,5,285001.7000000004,2,2,True,0,0,348400.0,1045.2,,0,0,-0.025817333333333373
0,2019-02-04,2019-02-08,5,274912.40000000043,3,3,True,1,0,363100.0,1089.3000000000002,,0,0,-0.03363099999999996
0,2019-02-12,2019-02-15,4,265539.7000000004,2,2,True,0,0,390900.0,1172.7,,0,0,-0.031242333333333372
0,2019-02-18,2019-02-22,5,278406.7000000004,3,3,True,0,0,511000.0,1533.0,,0,0,0.04289
0,2019-02-25,2019-03-01,5,286516.4000000005,3,3,True,0,0,530100.0,1590.3000000000002,,0,0,0.027032333333333568
0,2019-03-04,2019-03-08,5,281152.70000000054,3,3,True,0,0,487900.0,1463.7,,0,0,-0.017878999999999846
0,2019-03-11,2019-03-15,5,278586.0000000005,3,2,True,1,0,188900.0,566.7,,0,0,-0.008555666666666706
0,2019-03-18,2019-03-22,4,286227.5000000006,2,2,True,2,0,219500.0,658.5,,0,0,0.02547166666666686
0,2019-03-25,2019-03-29,5,278638.0000000006,1,1,True,1,0,196500.0,589.5,,0,0,-0.025298333333333332
0,2019-04-01,2019-04-05,5,290721.90000000055,2,2,True,0,0,338700.0,1016.1,,0,0,0.04027966666666655
0,2019-04-08,2019-04-12,5,285615.6000000006,3,3,True,2,0,302100.0,906.3,,0,0,-0.017020999999999765
0,2019-04-15,2019-04-19,5,304991.1000000007,1,1,True,0,0,341500.0,1024.5,,0,0,0.0645850000000002
0,2019-04-22,2019-04-26,5,298765.0000000007,3,3,True,0,0,508700.0,1526.1000000000001,,0,0,-0.02075366666666659
0,2019-05-07,2019-05-10,4,293732.80000000075,3,3,True,0,0,477400.0,1432.1999999999998,,0,0,-0.016773999999999845
0,2019-05-13,2019-05-17,5,290443.0000000008,3,3,True,0,0,496600.0,1489.8000000000002,,0,0,-0.010965999999999768
0,2019-05-20,2019-05-24,5,284832.0000000008,3,3,True,1,0,337000.0,1011.0,,0,0,-0.018703333333333332
0,2019-05-27,2019-05-31,5,287310.0000000009,2,2,True,0,0,374000.0,1122.0,,0,0,0.008260000000000194
0,2019-06-03,2019-06-07,5,288865.6000000009,3,3,True,1,0,414800.0,1244.4,,0,0,0.00518533333333345
0,2019-06-10,2019-06-14,5,293229.40000000095,2,1,True,1,0,145400.0,436.20000000000005,,0,0,0.014546000000000156
0,2019-06-17,2019-06-21,5,297062.3000000009,2,2,True,1,0,355700.0,1067.1000000000001,,0,0,0.012776333333333218
0,2019-06-24,2019-06-28,5,292247.70000000094,2,2,True,1,0,338200.0,1014.6,,0,0,-0.01604866666666659
0,2019-07-01,2019-07-05,5,301866.60000000097,2,1,True,1,0,193700.0,581.0999999999999,,0,0,0.03206300000000008
0,2019-07-08,2019-07-12,5,301286.50000000093,2,2,True,2,0,226700.0,680.1,,0,0,-0.001933666666666783
0,2019-07-16,2019-07-19,4,313560.60000000097,1,1,True,3,0,75300.0,225.9,,0,0,0.040913666666666786
0,2019-07-22,2019-07-26,5,318853.90000000095,0,0,True,2,0,68900.0,206.70000000000002,,0,0,0.017644333333333293
0,2019-07-29,2019-08-02,5,306857.60000000097,1,1,True,0,0,332100.0,996.3000000000001,,0,0,-0.03998766666666663
0,2019-08-05,2019-08-09,5,311911.900000001,3,3,True,0,0,481900.0,1445.6999999999998,,0,0,0.016847666666666823
0,2019-08-13,2019-08-16,4,308000.30000000104,3,3,True,1,0,437200.0,1311.6000000000001,,0,0,-0.013038666666666589
0,2019-08-19,2019-08-23,5,283063.100000001,2,2,True,1,0,312400.0,937.2,,0,0,-0.08312400000000005
0,2019-08-26,2019-08-30,5,289223.6000000011,2,2,True,0,0,446500.0,1339.5,,0,0,0.020535000000000195
0,2019-09-02,2019-09-06,5,299586.3000000011,3,3,True,1,0,379100.0,1137.3,,0,0,0.03454233333333337
0,2019-09-09,2019-09-13,5,300027.60000000114,2,2,True,1,0,352900.0,1058.7,,0,0,0.0014710000000001551
0,2019-09-17,2019-09-20,4,298662.9000000012,2,2,True,1,0,354900.0,1064.7,,0,0,-0.004548999999999845
0,2019-09-24,2019-09-27,4,294201.9000000012,2,2,True,1,0,287000.0,861.0,,0,0,-0.01487
0,2019-09-30,2019-10-04,5,285904.6000000012,2,2,True,1,0,299100.0,897.3000000000001,,0,0,-0.02765766666666663
0,2019-10-07,2019-10-11,5,287935.8000000012,2,2,True,1,0,289600.0,868.8000000000001,,0,0,0.006770666666666705
0,2019-10-15,2019-10-18,4,318630.20000000123,2,2,True,0,0,435200.0,1305.6,,0,0,0.10231466666666675
0,2019-10-21,2019-10-25,4,321694.20000000123,3,3,True,1,0,412000.0,1236.0,,0,0,0.010213333333333333
0,2019-10-28,2019-11-01,5,328161.20000000123,2,2,True,0,0,411000.0,1233.0,,0,0,0.021556666666666665
0,2019-11-05,2019-11-08,4,337354.40000000125,3,2,True,0,0,335600.0,1006.8,,0,0,0.03064400000000004
0,2019-11-11,2019-11-15,5,369728.20000000123,3,3,True,0,0,475400.0,1426.2,,0,0,0.10791266666666663
0,2019-11-18,2019-11-22,5,355682.8000000012,3,3,True,1,0,381800.0,1145.4,,0,0,-0.046818000000000075
0,2019-11-25,2019-11-29,5,358867.4000000012,2,2,True,1,0,371800.0,1115.4,,0,0,0.010615333333333256
0,2019-12-02,2019-12-06,5,360484.20000000123,2,2,True,0,0,394400.0,1183.1999999999998,,0,0,0.005389333333333489
0,2019-12-09,2019-12-13,5,356027.60000000126,3,2,True,0,0,352200.0,1056.6000000000001,,0,0,-0.014855333333333255
0,2019-12-16,2019-12-20,5,349936.4000000013,3,3,True,1,0,430400.0,1291.2,,0,0,-0.020303999999999846
0,2019-12-23,2019-12-27,5,352318.6000000013,2,2,True,2,0,272600.0,817.8,,0,0,0.007940666666666705
0,2019-12-30,2019-12-30,1,352249.8000000013,0,0,True,1,0,89600.0,268.8,one_day_week,0,0,-0.00022933333333329453
0,2020-01-06,2020-01-10,5,347912.6000000013,2,2,True,1,0,312400.0,937.2,,0,0,-0.014457333333333372
0,2020-01-14,2020-01-17,4,342508.4000000013,2,2,True,0,0,401400.0,1204.2,,0,0,-0.01801400000000004
0,2020-01-20,2020-01-24,5,340798.00000000134,3,3,True,1,0,436800.0,1310.4,,0,0,-0.005701333333333217
0,2020-01-27,2020-01-31,5,330735.6000000014,2,2,True,2,0,220800.0,662.4,,0,0,-0.033541333333333215
0,2020-02-03,2020-02-07,5,335587.20000000135,1,1,True,1,0,182800.0,548.4,,0,0,0.016171999999999923
0,2020-02-10,2020-02-14,4,335683.4000000014,2,2,True,0,0,434600.0,1303.8,,0,0,0.0003206666666668995
0,2020-02-17,2020-02-21,5,345781.5000000014,3,3,True,0,0,467300.0,1401.9,,0,0,0.03366033333333326
0,2020-02-25,2020-02-28,4,333125.3000000014,3,2,True,0,0,285400.0,856.2,,0,0,-0.042187333333333375
0,2020-03-02,2020-03-06,5,328205.4000000014,3,2,True,1,0,273300.0,819.9000000000001,,0,0,-0.01639966666666655
0,2020-03-09,2020-03-13,5,278607.6000000015,2,2,True,0,0,332600.0,997.8,,0,0,-0.16532599999999978
0,2020-03-16,2020-03-19,4,278607.6000000015,3,0,False,0,0,0.0,0.0,,0,0,0.0
0,2020-03-23,2020-03-27,5,314194.3000000015,3,3,True,1,0,471100.0,1413.3000000000002,,0,0,0.11862233333333337
0,2020-03-30,2020-04-03,5,286225.2000000015,2,2,True,0,0,389700.0,1169.1000000000001,,0,0,-0.09323033333333326
0,2020-04-06,2020-04-10,5,317362.40000000154,3,3,True,0,0,487600.0,1462.8000000000002,,0,0,0.10379066666666671
0,2020-04-13,2020-04-17,5,309123.1000000016,3,3,True,0,0,513100.0,1539.3000000000002,,0,0,-0.0274643333333331
0,2020-04-20,2020-04-24,5,312879.40000000165,3,3,True,0,0,447900.0,1343.7,,0,0,0.012521000000000155
0,2020-04-27,2020-05-01,4,331968.0000000017,3,3,True,0,0,503800.0,1511.4,,0,0,0.06362866666666678
0,2020-05-07,2020-05-08,2,334967.0000000017,3,3,True,1,0,467000.0,1401.0,,0,0,0.009996666666666666
0,2020-05-11,2020-05-15,5,333494.8000000017,2,2,True,1,0,357400.0,1072.1999999999998,,0,0,-0.004907333333333372
0,2020-05-18,2020-05-22,5,354711.00000000175,2,1,True,1,0,194600.0,583.8,,0,0,0.0707206666666669
0,2020-05-25,2020-05-29,5,366405.00000000175,2,0,True,0,0,102000.0,306.0,,0,0,0.03898
0,2020-06-01,2020-06-05,5,382224.20000000176,3,3,True,2,0,293600.0,880.8,,0,0,0.0527306666666667
0,2020-06-08,2020-06-12,5,381343.80000000173,1,1,True,0,0,326800.0,980.4,,0,0,-0.002934666666666744
0,2020-06-15,2020-06-19,5,392431.0000000018,3,3,True,1,0,437600.0,1312.8,,0,0,0.036957333333333564
0,2020-06-22,2020-06-26,5,397373.0000000018,2,2,True,1,0,386000.0,1158.0,,0,0,0.016473333333333333
0,2020-06-29,2020-07-03,5,375173.10000000184,2,2,True,1,0,333300.0,999.9000000000001,,0,0,-0.07399966666666655
0,2020-07-06,2020-07-10,5,370198.00000000186,2,1,True,2,0,91700.0,275.1,,0,0,-0.01658366666666659
0,2020-07-13,2020-07-17,5,370201.1000000019,1,1,True,1,0,232300.0,696.9,,0,0,1.033333333344975e-05
0,2020-07-20,2020-07-22,3,374129.1000000019,2,2,True,2,0,224000.0,672.0,,0,0,0.013093333333333334
0,2020-07-27,2020-07-31,5,356012.2000000019,1,1,True,0,0,272300.0,816.9,,0,0,-0.060389666666666744
0,2020-08-03,2020-08-07,5,360654.60000000196,3,2,True,0,0,319200.0,957.6,,0,0,0.015474666666666938
0,2020-08-11,2020-08-14,4,362626.100000002,3,2,True,0,0,309500.0,928.5,,0,0,0.006571666666666861
0,2020-08-17,2020-08-21,5,396107.500000002,3,2,True,1,0,306200.0,918.6,,0,0,0.11160466666666655
0,2020-08-24,2020-08-28,5,389283.000000002,2,2,True,0,0,441500.0,1324.5,,0,0,-0.022748333333333332
0,2020-08-31,2020-09-04,5,384275.100000002,3,2,True,0,0,369300.0,1107.9,,0,0,-0.016692999999999885
0,2020-09-07,2020-09-11,5,407825.00000000204,3,3,True,0,0,516700.0,1550.1,,0,0,0.07849966666666675
0,2020-09-14,2020-09-18,5,411696.20000000205,3,3,True,0,0,509600.0,1528.8,,0,0,0.012904000000000039
0,2020-09-23,2020-09-25,3,409724.90000000206,3,3,True,1,0,457100.0,1371.3000000000002,,0,0,-0.006570999999999961
0,2020-09-28,2020-10-02,5,410403.0000000021,2,2,True,0,0,307300.0,921.8999999999999,,0,0,0.0022603333333334496
0,2020-10-05,2020-10-09,5,411586.9000000021,3,2,True,1,0,238700.0,716.1000000000001,,0,0,0.003946333333333411
0,2020-10-12,2020-10-16,5,401142.60000000213,2,2,True,1,0,248100.0,744.3000000000001,,0,0,-0.034814333333333294
0,2020-10-19,2020-10-23,5,404985.20000000217,2,2,True,1,0,385800.0,1157.4,,0,0,0.012808666666666782
0,2020-10-26,2020-10-30,5,397215.5000000022,2,2,True,2,0,289900.0,869.7,,0,0,-0.025898999999999846
0,2020-11-02,2020-11-06,4,407422.90000000224,1,1,True,2,0,164200.0,492.6,,0,0,0.034024666666666745
0,2020-11-09,2020-11-13,5,407179.80000000226,1,1,True,0,0,347700.0,1043.1,,0,0,-0.0008103333333332557
0,2020-11-16,2020-11-20,5,422476.1000000023,3,3,True,0,0,467900.0,1403.7,,0,0,0.05098766666666682
0,2020-11-24,2020-11-27,4,419907.5000000023,3,3,True,2,0,256200.0,768.6,,0,0,-0.008561999999999922
0,2020-11-30,2020-12-04,5,412321.40000000235,1,1,True,2,0,128700.0,386.1,,0,0,-0.025286999999999924
0,2020-12-07,2020-12-11,5,416628.7000000024,1,1,True,1,0,230900.0,692.7,,0,0,0.014357666666666822
0,2020-12-14,2020-12-18,5,417558.1000000024,2,1,True,1,0,190200.0,570.6,,0,0,0.0030980000000000777
0,2020-12-21,2020-12-25,5,423695.9000000024,2,2,True,0,0,387400.0,1162.2,,0,0,0.020459333333333295
0,2020-12-28,2020-12-30,3,425227.80000000243,3,2,True,1,0,222700.0,668.1,,0,0,0.005106333333333411
0,2021-01-04,2021-01-08,5,427306.80000000243,2,2,True,0,0,407000.0,1221.0,,0,0,0.00693
0,2021-01-12,2021-01-15,4,425995.90000000247,3,2,True,2,0,170300.0,510.9,,0,0,-0.0043696666666665504
0,2021-01-18,2021-01-22,5,424916.6000000025,1,1,True,0,0,293100.0,879.3,,0,0,-0.003597666666666628
0,2021-01-25,2021-01-29,5,420681.00000000256,3,3,True,0,0,545200.0,1635.6,,0,0,-0.014118666666666394
0,2021-02-01,2021-02-05,5,433887.8000000026,3,3,True,0,0,464400.0,1393.2,,0,0,0.04402266666666682
0,2021-02-08,2021-02-12,4,432990.20000000263,3,3,True,0,0,499200.0,1497.6000000000001,,0,0,-0.0029919999999999222
0,2021-02-15,2021-02-19,5,421557.1000000026,3,3,True,0,0,377700.0,1133.1,,0,0,-0.03811033333333345
0,2021-02-22,2021-02-26,4,417086.0000000026,3,3,True,1,0,423700.0,1271.1000000000001,,0,0,-0.01490366666666659
0,2021-03-01,2021-03-05,5,416378.10000000265,2,2,True,1,0,369300.0,1107.9,,0,0,-0.0023596666666665504
0,2021-03-08,2021-03-12,5,431164.5000000027,2,2,True,0,0,471200.0,1413.6000000000001,,0,0,0.049288000000000075
0,2021-03-15,2021-03-19,5,433812.0000000027,3,3,True,1,0,417500.0,1252.5,,0,0,0.008825
0,2021-03-22,2021-03-26,5,431377.6000000027,2,2,True,2,0,244800.0,734.4000000000001,,0,0,-0.00811466666666655
0,2021-03-29,2021-04-02,5,427878.6000000027,1,1,True,1,0,233000.0,699.0,,0,0,-0.011663333333333333
0,2021-04-05,2021-04-09,5,430457.20000000275,2,2,True,0,0,373800.0,1121.4,,0,0,0.00859533333333345
0,2021-04-12,2021-04-16,5,429369.5000000028,3,3,True,1,0,395900.0,1187.7,,0,0,-0.0036256666666665115
0,2021-04-19,2021-04-23,5,425528.7000000028,2,2,True,0,0,413600.0,1240.8,,0,0,-0.012802666666666627
0,2021-04-26,2021-04-30,4,416239.50000000285,3,3,True,1,0,396400.0,1189.2,,0,0,-0.030963999999999846
0,2021-05-06,2021-05-07,2,421954.3000000029,2,2,True,2,0,228400.0,685.2,,0,0,0.019049333333333487
0,2021-05-10,2021-05-14,5,401153.7000000029,1,1,True,0,0,300200.0,900.6000000000001,,0,0,-0.06933533333333325
0,2021-05-17,2021-05-21,5,404002.40000000293,3,2,True,1,0,217100.0,651.3000000000001,,0,0,0.009495666666666706
0,2021-05-24,2021-05-28,5,406400.0000000029,2,2,True,0,0,400800.0,1202.3999999999999,,0,0,0.007991999999999923
0,2021-05-31,2021-06-04,5,415251.1000000029,3,3,True,1,0,416300.0,1248.9,,0,0,0.029503666666666588
0,2021-06-07,2021-06-11,5,418358.50000000285,2,2,True,0,0,364200.0,1092.6,,0,0,0.010357999999999883
0,2021-06-14,2021-06-18,5,422678.1000000029,3,3,True,0,0,426800.0,1280.4,,0,0,0.014398666666666783
0,2021-06-21,2021-06-25,5,428613.5000000029,3,3,True,0,0,488200.0,1464.6000000000001,,0,0,0.019784666666666745
0,2021-06-28,2021-07-02,5,417812.60000000295,3,3,True,0,0,500300.0,1500.9,,0,0,-0.03600299999999988
0,2021-07-05,2021-07-09,5,412149.6000000029,3,3,True,0,0,421000.0,1263.0,,0,0,-0.01887666666666686
0,2021-07-12,2021-07-16,5,411279.0000000029,3,2,True,0,0,290200.0,870.6,,0,0,-0.0029019999999999224
0,2021-07-19,2021-07-21,3,410505.90000000293,3,3,True,1,0,357700.0,1073.1000000000001,,0,0,-0.0025769999999999222
0,2021-07-26,2021-07-30,5,409588.2000000029,2,2,True,0,0,405900.0,1217.7,,0,0,-0.0030590000000000387
0,2021-08-02,2021-08-06,5,414818.700000003,3,3,True,1,0,356500.0,1069.5,,0,0,0.017435000000000193
0,2021-08-10,2021-08-13,4,432041.600000003,2,2,True,0,0,425700.0,1277.1,,0,0,0.05740966666666675
0,2021-08-16,2021-08-20,5,423580.200000003,3,3,True,2,0,353800.0,1061.4,,0,0,-0.028204666666666746
0,2021-08-23,2021-08-27,5,431481.00000000297,1,0,True,0,0,166400.0,499.2,,0,0,0.02633599999999996
0,2021-08-30,2021-09-03,5,435156.80000000296,3,3,True,1,0,341400.0,1024.2,,0,0,0.012252666666666627
0,2021-09-06,2021-09-10,5,435327.80000000296,2,2,True,0,0,443000.0,1329.0000000000002,,0,0,0.00057
0,2021-09-13,2021-09-17,5,437150.7000000029,3,3,True,1,0,425700.0,1277.1,,0,0,0.006076333333333217
0,2021-09-21,2021-09-24,3,438827.6000000029,2,2,True,0,0,407700.0,1223.1000000000001,,0,0,0.00558966666666655
0,2021-09-27,2021-10-01,5,433264.4000000029,3,3,True,0,0,454400.0,1363.2,,0,0,-0.01854400000000004
0,2021-10-04,2021-10-08,5,430473.200000003,3,3,True,2,0,230400.0,691.2,,0,0,-0.009303999999999651
0,2021-10-11,2021-10-15,5,429834.70000000304,1,1,True,1,0,179500.0,538.5,,0,0,-0.0021283333333331394
0,2021-10-18,2021-10-22,5,427840.600000003,2,2,True,1,0,264700.0,794.1,,0,0,-0.006647000000000116
0,2021-10-25,2021-10-29,5,432556.200000003,2,2,True,0,0,294800.0,884.4000000000001,,0,0,0.01571866666666659
0,2021-11-01,2021-11-05,4,426457.80000000296,3,3,True,1,0,332800.0,998.4,,0,0,-0.02032800000000008
0,2021-11-08,2021-11-12,5,423771.2000000029,2,2,True,1,0,262200.0,786.6000000000001,,0,0,-0.00895533333333345
0,2021-11-15,2021-11-19,5,426425.30000000296,2,2,True,1,0,315300.0,945.9000000000001,,0,0,0.008847000000000117
0,2021-11-22,2021-11-26,4,423932.100000003,2,2,True,1,0,364400.0,1093.2,,0,0,-0.008310666666666511
0,2021-11-29,2021-12-03,5,408200.100000003,2,2,True,0,0,344000.0,1032.0,,0,0,-0.05244
0,2021-12-06,2021-12-10,5,403867.000000003,3,3,True,0,0,477700.0,1433.1000000000001,,0,0,-0.014443666666666589
0,2021-12-13,2021-12-17,5,392677.300000003,3,3,True,1,0,329900.0,989.7,,0,0,-0.03729900000000004
0,2021-12-20,2021-12-24,5,393127.20000000304,2,2,True,1,0,316700.0,950.1000000000001,,0,0,0.0014996666666667444
0,2021-12-27,2021-12-30,4,393711.000000003,2,2,True,1,0,305400.0,916.2,,0,0,0.0019459999999999612
0,2022-01-04,2022-01-07,4,384263.300000003,2,2,True,0,0,415900.0,1247.7,,0,0,-0.03149233333333337
0,2022-01-11,2022-01-14,4,382167.500000003,3,2,True,0,0,298600.0,895.8000000000001,,0,0,-0.006985999999999961
0,2022-01-17,2022-01-21,5,364075.10000000306,3,3,True,0,0,430800.0,1292.4,,0,0,-0.06030799999999988
0,2022-01-24,2022-01-28,5,362362.3000000031,3,3,True,0,0,437600.0,1312.8,,0,0,-0.005709333333333295
0,2022-01-31,2022-02-04,5,372643.40000000305,3,3,True,1,0,406300.0,1218.9,,0,0,0.03427033333333326
0,2022-02-07,2022-02-10,4,371771.10000000306,2,2,True,1,0,324100.0,972.3,,0,0,-0.002907666666666628
0,2022-02-14,2022-02-18,5,366816.10000000306,2,2,True,2,0,185000.0,555.0,,0,0,-0.016516666666666666
0,2022-02-21,2022-02-25,4,361398.40000000305,1,1,True,1,0,205900.0,617.7,,0,0,-0.01805900000000004
0,2022-02-28,2022-03-04,5,357915.600000003,2,2,True,0,0,327600.0,982.8000000000001,,0,0,-0.011609333333333489
0,2022-03-07,2022-03-11,5,347201.70000000304,3,3,True,2,0,271300.0,813.9000000000001,,0,0,-0.035712999999999884
0,2022-03-14,2022-03-18,5,370567.40000000305,1,1,True,1,0,278100.0,834.3,,0,0,0.0778856666666667
0,2022-03-22,2022-03-25,4,369911.40000000305,2,2,True,1,0,252000.0,756.0000000000001,,0,0,-0.0021866666666666666
0,2022-03-28,2022-04-01,5,360613.70000000304,2,2,True,1,0,265900.0,797.6999999999999,,0,0,-0.03099233333333337
0,2022-04-04,2022-04-08,5,355352.600000003,2,2,True,1,0,253700.0,761.1,,0,0,-0.017537000000000115
0,2022-04-11,2022-04-15,5,352212.100000003,2,2,True,1,0,313500.0,940.5,,0,0,-0.010468333333333333
0,2022-04-18,2022-04-22,5,353321.90000000305,2,2,True,1,0,263400.0,790.2,,0,0,0.0036993333333334884
0,2022-04-25,2022-04-28,4,355638.000000003,2,2,True,1,0,261300.0,783.9,,0,0,0.007720333333333255
0,2022-05-02,2022-05-06,2,354319.90000000305,2,2,True,1,0,272700.0,818.1,,0,0,-0.004393666666666589
0,2022-05-09,2022-05-13,5,348842.60000000306,2,2,True,0,0,459100.0,1377.3,,0,0,-0.018257666666666627
0,2022-05-16,2022-05-20,5,349136.50000000314,3,3,True,0,0,468700.0,1406.1,,0,0,0.0009796666666669384
0,2022-05-23,2022-05-27,5,349003.3000000032,3,2,True,1,0,244400.0,733.2,,0,0,-0.0004439999999998448
0,2022-05-30,2022-06-03,5,351496.9000000032,2,1,True,1,0,168800.0,506.4,,0,0,0.008312000000000116
0,2022-06-06,2022-06-10,5,350541.7000000032,2,2,True,2,0,218400.0,655.2,,0,0,-0.003184000000000039
0,2022-06-13,2022-06-17,5,350317.50000000326,1,1,True,0,0,241400.0,724.2,,0,0,-0.0007473333333331781
0,2022-06-20,2022-06-24,5,358688.50000000326,3,2,True,0,0,343000.0,1029.0,,0,0,0.027903333333333332
0,2022-06-27,2022-07-01,5,354814.4000000033,3,3,True,1,0,424700.0,1274.1,,0,0,-0.012913666666666589
0,2022-07-04,2022-07-08,5,354544.9000000033,2,2,True,0,0,356500.0,1069.5,,0,0,-0.0008983333333333333
0,2022-07-11,2022-07-15,5,355223.8000000033,3,3,True,0,0,473700.0,1421.1000000000001,,0,0,0.0022630000000000774
0,2022-07-19,2022-07-22,4,359213.40000000334,3,3,True,1,0,336800.0,1010.4000000000001,,0,0,0.013298666666666783
0,2022-07-25,2022-07-29,5,357512.20000000333,2,2,True,0,0,300400.0,901.2,,0,0,-0.005670666666666706
0,2022-08-01,2022-08-05,5,355949.0000000033,3,3,True,1,0,454400.0,1363.1999999999998,,0,0,-0.005210666666666705
0,2022-08-08,2022-08-12,4,349549.70000000333,2,1,True,0,0,233100.0,699.3000000000001,,0,0,-0.02133099999999996
0,2022-08-15,2022-08-19,5,349221.1000000033,3,3,True,1,0,376200.0,1128.6,,0,0,-0.0010953333333334498
0,2022-08-22,2022-08-26,5,348139.8000000033,2,2,True,1,0,327100.0,981.3000000000001,,0,0,-0.0036043333333332945
0,2022-08-29,2022-09-02,5,343321.70000000333,2,2,True,1,0,272700.0,818.0999999999999,,0,0,-0.016060333333333256
0,2022-09-05,2022-09-09,5,344603.8000000033,2,2,True,1,0,339300.0,1017.9,,0,0,0.004273666666666589
0,2022-09-12,2022-09-16,5,341865.30000000336,2,2,True,0,0,379500.0,1138.5,,0,0,-0.00912833333333314
0,2022-09-20,2022-09-22,3,335634.2000000034,3,3,True,1,0,443700.0,1331.1,,0,0,-0.020770333333333255
0,2022-09-26,2022-09-30,5,321573.3000000034,2,2,True,1,0,320300.0,960.9,,0,0,-0.04686966666666655
0,2022-10-03,2022-10-07,5,330850.20000000345,2,2,True,0,0,407700.0,1223.1000000000001,,0,0,0.03092300000000008
0,2022-10-11,2022-10-14,4,328403.5000000035,3,2,True,0,0,248900.0,746.7,,0,0,-0.00815566666666651
0,2022-10-17,2022-10-21,5,327157.10000000347,3,3,True,1,0,348800.0,1046.4,,0,0,-0.004154666666666744
0,2022-10-24,2022-10-28,5,326625.0000000035,2,2,True,0,0,410700.0,1232.1000000000001,,0,0,-0.001773666666666589
0,2022-10-31,2022-11-04,4,322780.9000000035,3,3,True,0,0,514700.0,1544.1000000000001,,0,0,-0.01281366666666659
0,2022-11-07,2022-11-11,5,326710.50000000355,3,3,True,1,0,356800.0,1070.4,,0,0,0.013098666666666783
0,2022-11-14,2022-11-18,5,329902.50000000355,2,2,True,1,0,336000.0,1008.0,,0,0,0.01064
0,2022-11-21,2022-11-25,4,327762.1000000036,2,2,True,1,0,246800.0,740.4000000000001,,0,0,-0.0071346666666665505
0,2022-11-28,2022-12-02,5,324760.90000000363,2,1,True,0,0,200400.0,601.2,,0,0,-0.010003999999999845
0,2022-12-05,2022-12-09,5,325927.90000000363,3,3,True,1,0,411000.0,1233.0,,0,0,0.00389
0,2022-12-12,2022-12-16,5,326044.40000000363,2,2,True,2,0,194500.0,583.5,,0,0,0.00038833333333333336
0,2022-12-19,2022-12-23,5,318219.90000000363,1,1,True,1,0,241500.0,724.5,,0,0,-0.026081666666666666
0,2022-12-26,2022-12-30,5,323627.40000000363,2,2,True,2,0,197500.0,592.5,,0,0,0.018025
0,2023-01-04,2023-01-06,3,314561.7000000037,1,1,True,1,0,221900.0,665.7,,0,0,-0.030218999999999843
0,2023-01-10,2023-01-13,4,307784.10000000364,2,2,True,2,0,259200.0,777.6,,0,0,-0.022592000000000115
0,2023-01-16,2023-01-20,5,320980.4000000037,1,1,True,0,0,367900.0,1103.7,,0,0,0.04398766666666682
0,2023-01-23,2023-01-27,5,321609.8000000037,3,3,True,1,0,390200.0,1170.6000000000001,,0,0,0.0020980000000000777
0,2023-01-30,2023-02-03,5,325454.90000000375,2,2,True,0,0,418300.0,1254.8999999999999,,0,0,0.012817000000000116
0,2023-02-06,2023-02-10,5,328153.0000000037,3,3,True,0,0,467300.0,1401.9,,0,0,0.008993666666666589
0,2023-02-13,2023-02-17,5,312779.60000000376,3,3,True,0,0,457800.0,1373.4,,0,0,-0.05124466666666655
0,2023-02-20,2023-02-24,4,306011.60000000376,3,3,True,0,0,456000.0,1368.0000000000002,,0,0,-0.02256
0,2023-02-27,2023-03-03,5,312323.50000000384,3,3,True,1,0,362700.0,1088.1,,0,0,0.02103966666666694
0,2023-03-06,2023-03-10,5,312962.6000000038,2,2,True,1,0,320300.0,960.9,,0,0,0.002130333333333256
0,2023-03-13,2023-03-17,5,303535.00000000384,2,2,True,0,0,409200.0,1227.6000000000001,,0,0,-0.03142533333333326
0,2023-03-20,2023-03-24,4,316217.40000000386,3,3,True,1,0,439200.0,1317.6,,0,0,0.042274666666666745
0,2023-03-27,2023-03-31,5,325335.20000000385,2,2,True,0,0,427400.0,1282.2,,0,0,0.030392666666666627
0,2023-04-03,2023-04-07,5,317975.8000000039,3,2,True,1,0,219800.0,659.4000000000001,,0,0,-0.024531333333333218
0,2023-04-10,2023-04-14,5,320337.90000000386,2,2,True,1,0,279300.0,837.9000000000001,,0,0,0.00787366666666659
0,2023-04-17,2023-04-21,5,321366.7000000039,2,2,True,0,0,390400.0,1171.1999999999998,,0,0,0.0034293333333334885
0,2023-04-24,2023-04-28,5,324975.4000000039,3,3,True,1,0,397100.0,1191.3,,0,0,0.01202900000000004
0,2023-05-01,2023-05-02,2,323955.30000000395,2,2,True,0,0,406700.0,1220.1000000000001,,0,0,-0.0034003333333332557
0,2023-05-08,2023-05-12,5,314551.800000004,3,3,True,0,0,434500.0,1303.5,,0,0,-0.031344999999999804
0,2023-05-15,2023-05-19,5,321996.900000004,3,3,True,0,0,418300.0,1254.8999999999999,,0,0,0.024816999999999922
0,2023-05-22,2023-05-26,5,317163.50000000396,3,3,True,0,0,477800.0,1433.4,,0,0,-0.01611133333333341
0,2023-05-29,2023-06-02,5,313817.20000000397,3,2,True,0,0,282100.0,846.3,,0,0,-0.011154333333333294
0,2023-06-05,2023-06-09,5,313671.300000004,3,2,True,1,0,215300.0,645.9000000000001,,0,0,-0.0004863333333332169
0,2023-06-12,2023-06-16,5,314497.500000004,2,2,True,1,0,324600.0,973.8,,0,0,0.002754000000000039
0,2023-06-19,2023-06-23,5,313937.60000000405,2,2,True,2,0,253300.0,759.9,,0,0,-0.001866333333333217
0,2023-06-26,2023-06-30,5,315598.5000000041,1,1,True,1,0,179700.0,539.1,,0,0,0.005536333333333411
0,2023-07-03,2023-07-07,5,311598.0000000041,2,2,True,0,0,433500.0,1300.5,,0,0,-0.013335
0,2023-07-10,2023-07-14,5,307266.8000000041,3,3,True,0,0,510400.0,1531.2000000000003,,0,0,-0.014437333333333179
0,2023-07-18,2023-07-21,4,305668.8000000042,3,3,True,2,0,266000.0,798.0,,0,0,-0.005326666666666473
0,2023-07-24,2023-07-28,5,309606.80000000424,1,1,True,0,0,354000.0,1062.0,,0,0,0.013126666666666861
0,2023-07-31,2023-08-04,5,306906.30000000424,3,1,True,0,0,133500.0,400.5,,0,0,-0.009001666666666666
0,2023-08-07,2023-08-10,4,312543.70000000426,3,3,True,0,0,454200.0,1362.6,,0,0,0.01879133333333341
0,2023-08-14,2023-08-18,5,317551.3000000043,3,1,True,0,0,130800.0,392.4,,0,0,0.016692000000000116
0,2023-08-21,2023-08-25,5,318703.5000000043,3,3,True,1,0,382600.0,1147.8,,0,0,0.0038406666666667053
0,2023-08-28,2023-09-01,5,313089.5000000043,2,1,True,0,0,238000.0,714.0,,0,0,-0.018713333333333332
0,2023-09-04,2023-09-08,5,306437.3000000043,3,3,True,0,0,417400.0,1252.2,,0,0,-0.022174000000000037
0,2023-09-11,2023-09-15,5,315321.8000000043,3,3,True,0,0,538500.0,1615.4999999999998,,0,0,0.029615
0,2023-09-19,2023-09-22,4,319235.2000000043,3,3,True,2,0,362200.0,1086.6,,0,0,0.013044666666666744
0,2023-09-25,2023-09-29,5,319306.40000000433,1,1,True,1,0,209600.0,628.8000000000001,,0,0,0.00023733333333337213
0,2023-10-02,2023-10-06,5,307611.5000000043,2,2,True,1,0,298300.0,894.9000000000001,,0,0,-0.03898300000000008
0,2023-10-10,2023-10-13,4,303873.7000000043,2,2,True,1,0,312600.0,937.8000000000001,,0,0,-0.012459333333333295
0,2023-10-16,2023-10-20,5,307518.2000000043,2,2,True,0,0,418500.0,1255.5,,0,0,0.012148333333333334
0,2023-10-23,2023-10-27,5,312419.9000000044,3,3,True,0,0,466100.0,1398.3,,0,0,0.016339000000000232
0,2023-10-30,2023-11-02,4,311102.2000000044,3,3,True,0,0,405900.0,1217.7,,0,0,-0.004392333333333372
0,2023-11-06,2023-11-10,5,302540.1000000044,3,3,True,0,0,420700.0,1262.1000000000001,,0,0,-0.028540333333333254
0,2023-11-13,2023-11-17,5,301961.0000000044,3,3,True,1,0,359700.0,1079.1000000000001,,0,0,-0.0019303333333332558
0,2023-11-20,2023-11-24,4,305800.5000000044,2,2,True,2,0,253500.0,760.5,,0,0,0.012798333333333333
0,2023-11-27,2023-12-01,5,310304.2000000045,1,1,True,1,0,232100.0,696.3,,0,0,0.015012333333333567
0,2023-12-04,2023-12-08,5,305820.80000000447,2,2,True,2,0,227800.0,683.4000000000001,,0,0,-0.014944666666666745
0,2023-12-11,2023-12-15,5,306638.1000000045,1,1,True,0,0,360900.0,1082.7,,0,0,0.0027243333333334886
0,2023-12-18,2023-12-22,5,305686.8000000045,3,2,True,1,0,217100.0,651.3000000000001,,0,0,-0.003170999999999961
0,2023-12-25,2023-12-29,5,314719.3000000046,2,2,True,0,0,422500.0,1267.5,,0,0,0.03010833333333353
0,2024-01-04,2024-01-05,2,316667.60000000463,3,2,True,1,0,283900.0,851.7,,0,0,0.006494333333333489
0,2024-01-09,2024-01-12,4,326291.50000000466,2,2,True,1,0,258700.0,776.1,,0,0,0.03207966666666674
0,2024-01-15,2024-01-19,5,325606.10000000463,2,2,True,2,0,261800.0,785.4000000000001,,0,0,-0.0022846666666667442
0,2024-01-22,2024-01-26,5,326476.00000000466,1,1,True,1,0,276700.0,830.1000000000001,,0,0,0.0028996666666667443
0,2024-01-29,2024-02-02,5,329707.3000000047,2,2,True,0,0,322900.0,968.7,,0,0,0.010771000000000155
0,2024-02-05,2024-02-09,5,334191.7000000047,3,3,True,0,0,505200.0,1515.6000000000001,,0,0,0.014948000000000078
0,2024-02-13,2024-02-16,4,349547.5000000047,3,3,True,0,0,481400.0,1444.2,,0,0,0.05118599999999996
0,2024-02-19,2024-02-22,4,349875.60000000475,3,3,True,1,0,357300.0,1071.9,,0,0,0.001093666666666783
0,2024-02-26,2024-03-01,5,348672.20000000484,2,2,True,0,0,367800.0,1103.4,,0,0,-0.004011333333333023
0,2024-03-04,2024-03-08,5,353612.50000000483,3,3,True,0,0,519900.0,1559.7,,0,0,0.016467666666666627
0,2024-03-11,2024-03-15,5,353957.90000000485,3,3,True,1,0,418200.0,1254.6,,0,0,0.001151333333333411
0,2024-03-18,2024-03-22,4,357179.90000000485,2,2,True,2,0,226000.0,678.0,,0,0,0.01074
0,2024-03-25,2024-03-29,5,358735.00000000483,1,1,True,0,0,348300.0,1044.9,,0,0,0.005183666666666589
0,2024-04-01,2024-04-05,5,349682.0000000049,3,3,True,1,0,351000.0,1053.0,,0,0,-0.030176666666666473
0,2024-04-08,2024-04-12,5,351427.7000000049,2,2,True,0,0,318100.0,954.3,,0,0,0.0058190000000000386
0,2024-04-15,2024-04-19,5,343085.8000000049,3,3,True,1,0,347300.0,1041.9,,0,0,-0.027806333333333412
0,2024-04-22,2024-04-26,5,375784.0000000049,2,2,True,1,0,300600.0,901.8,,0,0,0.10899400000000004
0,2024-04-30,2024-05-02,3,374951.5000000049,2,2,True,1,0,277500.0,832.5000000000001,,0,0,-0.002775
0,2024-05-07,2024-05-10,4,376095.70000000496,2,2,True,1,0,318600.0,955.8,,0,0,0.003814000000000233
0,2024-05-13,2024-05-17,5,381445.70000000496,2,2,True,0,0,350000.0,1050.0,,0,0,0.017833333333333333
0,2024-05-20,2024-05-24,5,379276.20000000496,3,3,True,3,0,256500.0,769.5,,0,0,-0.007231666666666667
0,2024-05-27,2024-05-31,5,387998.70000000496,0,0,True,2,0,92500.0,277.5,,0,0,0.029075
0,2024-06-03,2024-06-07,5,387723.400000005,1,1,True,0,0,325100.0,975.3,,0,0,-0.0009176666666666279
0,2024-06-10,2024-06-14,5,390494.000000005,3,3,True,2,0,309800.0,929.4000000000001,,0,0,0.00923533333333345
0,2024-06-17,2024-06-21,5,389319.000000005,1,1,True,1,0,225000.0,675.0,,0,0,-0.003916666666666666
0,2024-06-24,2024-06-28,5,390759.700000005,2,1,True,1,0,153100.0,459.3,,0,0,0.004802333333333372
0,2024-07-01,2024-07-05,5,388178.80000000505,2,2,True,0,0,360300.0,1080.9,,0,0,-0.008602999999999883
0,2024-07-08,2024-07-12,5,384739.3000000051,3,3,True,0,0,446500.0,1339.5,,0,0,-0.011464999999999805
0,2024-07-16,2024-07-19,4,378984.2000000052,3,3,True,1,0,351700.0,1055.1,,0,0,-0.019183666666666394
0,2024-07-22,2024-07-26,5,366142.8000000052,2,2,True,1,0,313800.0,941.4000000000001,,0,0,-0.04280466666666655
0,2024-07-29,2024-08-02,5,348422.6000000052,2,1,True,1,0,173400.0,520.2,,0,0,-0.059067333333333374
0,2024-08-05,2024-08-09,5,354875.50000000524,2,2,True,0,0,315700.0,947.0999999999999,,0,0,0.021509666666666743
0,2024-08-13,2024-08-16,4,366333.1000000052,3,1,True,0,0,180800.0,542.4,,0,0,0.03819199999999992
0,2024-08-19,2024-08-23,5,370129.00000000524,3,3,True,1,0,334700.0,1004.1000000000001,,0,0,0.012653000000000077
0,2024-08-26,2024-08-30,5,372258.3000000052,2,2,True,0,0,356900.0,1070.7,,0,0,0.007097666666666628
0,2024-09-02,2024-09-06,5,363852.3000000052,3,3,True,0,0,402000.0,1206.0000000000002,,0,0,-0.02802
0,2024-09-09,2024-09-13,5,360130.1000000053,3,3,True,1,0,307400.0,922.2,,0,0,-0.012407333333333178
0,2024-09-17,2024-09-20,4,368620.3000000053,2,2,True,1,0,336600.0,1009.8,,0,0,0.028300666666666707
0,2024-09-24,2024-09-27,4,369182.8000000053,2,2,True,2,0,212500.0,637.5,,0,0,0.001875
0,2024-09-30,2024-10-04,5,367719.90000000526,1,1,True,2,0,154300.0,462.9,,0,0,-0.004876333333333411
0,2024-10-07,2024-10-11,5,358680.1000000053,1,1,True,1,0,246600.0,739.8,,0,0,-0.030132666666666627
0,2024-10-15,2024-10-18,4,357944.6000000053,2,2,True,1,0,278500.0,835.5,,0,0,-0.0024516666666666667
0,2024-10-21,2024-10-25,5,350024.9000000053,2,2,True,0,0,339900.0,1019.7,,0,0,-0.026398999999999846
0,2024-10-28,2024-11-01,5,358097.2000000053,3,3,True,1,0,375900.0,1127.6999999999998,,0,0,0.02690766666666663
0,2024-11-05,2024-11-08,4,359674.70000000537,2,2,True,0,0,407500.0,1222.5,,0,0,0.005258333333333527
0,2024-11-11,2024-11-15,5,376784.4000000054,3,3,True,0,0,530100.0,1590.3000000000002,,0,0,0.05703233333333337
0,2024-11-18,2024-11-22,5,384199.7000000054,3,3,True,1,0,394900.0,1184.7,,0,0,0.02471766666666682
0,2024-11-25,2024-11-29,5,398043.3000000054,2,2,True,1,0,318800.0,956.4000000000001,,0,0,0.046145333333333254
0,2024-12-02,2024-12-06,5,399739.0000000054,2,2,True,0,0,368100.0,1104.3000000000002,,0,0,0.005652333333333372
0,2024-12-09,2024-12-13,5,393609.3000000054,3,3,True,2,0,309900.0,929.6999999999999,,0,0,-0.020432333333333372
0,2024-12-16,2024-12-20,5,392365.2000000054,1,1,True,1,0,214700.0,644.1,,0,0,-0.0041469999999999224
0,2024-12-23,2024-12-27,5,397244.5000000054,2,2,True,1,0,306900.0,920.7,,0,0,0.016264333333333294
0,2024-12-30,2024-12-30,1,397844.5000000054,0,0,True,1,0,0.0,0.0,one_day_week,0,0,0.002
0,2025-01-06,2025-01-10,5,384712.5000000054,2,2,True,1,0,244000.0,732.0,,0,0,-0.04377333333333333
0,2025-01-14,2025-01-17,4,374468.90000000544,2,2,True,0,0,381200.0,1143.6000000000001,,0,0,-0.03414533333333326
0,2025-01-20,2025-01-24,5,378681.3000000055,3,3,True,2,0,329200.0,987.6,,0,0,0.014041333333333605
0,2025-01-27,2025-01-31,5,390344.2000000055,1,1,True,0,0,345700.0,1037.1,,0,0,0.038876333333333214
0,2025-02-03,2025-02-07,5,398736.6000000055,3,3,True,2,0,269200.0,807.5999999999999,,0,0,0.027974666666666745
0,2025-02-10,2025-02-14,4,399204.5000000055,1,1,True,0,0,210700.0,632.1,,0,0,0.0015596666666665502
0,2025-02-17,2025-02-21,5,391963.7000000055,3,3,True,1,0,413600.0,1240.8,,0,0,-0.02413599999999996
0,2025-02-25,2025-02-28,4,395955.6000000055,2,2,True,1,0,302700.0,908.1,,0,0,0.013306333333333411
0,2025-03-03,2025-03-07,5,401301.70000000554,2,1,True,0,0,251300.0,753.9000000000001,,0,0,0.01782033333333345
0,2025-03-10,2025-03-14,5,400207.40000000555,3,3,True,2,0,298100.0,894.3,,0,0,-0.0036476666666666276
0,2025-03-17,2025-03-21,4,403305.3000000055,1,1,True,2,0,100700.0,302.1,,0,0,0.010326333333333217
0,2025-03-24,2025-03-28,5,404241.8000000055,1,1,True,1,0,254500.0,763.5,,0,0,0.0031216666666666667
0,2025-03-31,2025-04-04,5,385092.10000000556,2,2,True,0,0,349900.0,1049.7,,0,0,-0.06383233333333317
0,2025-04-07,2025-04-11,5,399324.1000000056,3,3,True,1,0,356000.0,1068.0,,0,0,0.0474400000000002
0,2025-04-14,2025-04-18,5,405975.5000000056,2,2,True,0,0,416200.0,1248.6,,0,0,0.022171333333333217
0,2025-04-21,2025-04-25,5,407716.2000000056,3,3,True,1,0,453100.0,1359.3,,0,0,0.005802333333333372
0,2025-04-28,2025-05-02,4,403745.7000000056,2,2,True,0,0,423500.0,1270.5,,0,0,-0.013235
0,2025-05-07,2025-05-09,3,409493.6000000056,3,3,True,0,0,450700.0,1352.1000000000001,,0,0,0.019159666666666745
0,2025-05-12,2025-05-16,5,407005.50000000565,3,3,True,0,0,462700.0,1388.1000000000001,,0,0,-0.00829366666666659
0,2025-05-19,2025-05-23,5,407931.50000000565,3,2,True,1,0,158000.0,474.0,,0,0,0.003086666666666667
0,2025-05-26,2025-05-30,5,410531.20000000566,2,2,True,0,0,300100.0,900.3000000000001,,0,0,0.008665666666666705
0,2025-06-02,2025-06-06,5,407643.70000000566,3,3,True,0,0,462500.0,1387.5,,0,0,-0.009625
0,2025-06-09,2025-06-13,5,400157.40000000567,3,3,True,1,0,362100.0,1086.3,,0,0,-0.024954333333333294
0,2025-06-16,2025-06-20,5,401848.00000000565,2,2,True,1,0,369800.0,1109.4,,0,0,0.005635333333333256
0,2025-06-23,2025-06-27,5,406295.50000000565,2,2,True,1,0,317500.0,952.5,,0,0,0.014825
0,2025-06-30,2025-07-04,5,406369.4000000057,2,2,True,0,0,408700.0,1226.1000000000001,,0,0,0.00024633333333360497
0,2025-07-07,2025-07-11,5,411644.2000000058,3,3,True,0,0,508400.0,1525.2,,0,0,0.017582666666666823
0,2025-07-14,2025-07-18,5,413326.3000000058,3,2,True,1,0,239300.0,717.9,,0,0,0.005607000000000116
0,2025-07-22,2025-07-25,4,417228.6000000058,2,2,True,1,0,265900.0,797.7,,0,0,0.013007666666666627
0,2025-07-28,2025-08-01,5,426019.1000000058,2,2,True,1,0,336500.0,1009.5,,0,0,0.029301666666666667
0,2025-08-04,2025-08-08,5,435414.2000000058,2,2,True,1,0,268300.0,804.9,,0,0,0.03131699999999992
0,2025-08-12,2025-08-15,4,436896.2000000058,2,2,True,0,0,406000.0,1218.0,,0,0,0.00494
0,2025-08-18,2025-08-22,5,437084.6000000058,3,3,True,2,0,237200.0,711.6,,0,0,0.0006280000000000776
0,2025-08-25,2025-08-29,5,437818.6000000058,1,1,True,2,0,122000.0,366.0,,0,0,0.002446666666666667
0,2025-09-01,2025-09-05,5,439955.9000000058,1,0,True,0,0,120900.0,362.70000000000005,,0,0,0.007124333333333294
0,2025-09-08,2025-09-12,5,440642.80000000575,3,3,True,1,0,337700.0,1013.1000000000001,,0,0,0.00228966666666655
0,2025-09-16,2025-09-19,4,439088.80000000575,2,2,True,1,0,318000.0,954.0,,0,0,-0.00518
0,2025-09-22,2025-09-26,4,440034.6000000057,2,2,True,1,0,351400.0,1054.1999999999998,,0,0,0.003152666666666434
