offset,date,j,side,shares,price,reason,code
0,2018-10-01,2038,buy,100.0,730.0,open_limit,54080
0,2018-10-01,4132,buy,100.0,635.0,open_limit,94380
0,2018-10-01,4110,buy,100.0,805.0,open_limit,94050
0,2018-10-05,4132,sell,100.0,626.0,close,94380
0,2018-10-05,4110,sell,100.0,816.0,close,94050
0,2018-10-09,1539,buy,100.0,972.0,open_limit,44100
0,2018-10-09,3403,buy,100.0,880.0,open_limit,78440
0,2018-10-12,1539,sell,100.0,945.0,close,44100
0,2018-10-12,3403,sell,100.0,856.0,close,78440
0,2018-10-15,2137,buy,100.0,750.0,open_limit,58050
0,2018-10-15,2885,buy,100.0,746.0,open_limit,69850
0,2018-10-19,2137,sell,100.0,739.0,close,58050
0,2018-10-19,2885,sell,100.0,747.0,close,69850
0,2018-10-22,78,buy,100.0,845.0,open_limit,17220
0,2018-10-22,1539,buy,100.0,921.0,open_limit,44100
0,2018-10-26,78,sell,100.0,823.0,close,17220
0,2018-10-29,2024,buy,200.0,405.0,open_limit,53630
0,2018-11-02,2024,sell,200.0,429.0,close,53630
0,2018-11-02,1539,sell,100.0,967.0,close,44100
0,2018-11-05,3855,buy,100.0,596.0,open_limit,88640
0,2018-11-05,150,buy,100.0,798.0,open_limit,18700
0,2018-11-09,2038,sell,100.0,617.0,close,54080
0,2018-11-12,78,buy,100.0,809.0,open_limit,17220
0,2018-11-16,150,sell,100.0,760.0,close,18700
0,2018-11-16,78,sell,100.0,790.0,close,17220
0,2018-11-16,3855,sell,100.0,582.0,close,88640
0,2018-11-19,3046,buy,100.0,597.0,open_limit,72470
0,2018-11-19,2038,buy,100.0,579.0,open_limit,54080
0,2018-11-26,150,buy,100.0,746.0,open_limit,18700
0,2018-11-30,3046,sell,100.0,588.0,close,72470
0,2018-11-30,2038,sell,100.0,585.0,close,54080
0,2018-12-03,3216,buy,100.0,850.0,open_limit,75230
0,2018-12-03,2024,buy,200.0,472.0,open_limit,53630
0,2018-12-07,2024,sell,200.0,426.0,close,53630
0,2018-12-07,150,sell,100.0,738.0,close,18700
0,2018-12-10,3044,buy,100.0,888.0,open_limit,72450
0,2018-12-10,179,buy,200.0,404.0,open_limit,19210
0,2018-12-14,3216,sell,100.0,736.0,close,75230
0,2018-12-14,179,sell,200.0,394.0,close,19210
0,2018-12-14,3044,sell,100.0,850.0,close,72450
0,2018-12-17,2833,buy,100.0,968.0,open_limit,69050
0,2018-12-17,78,buy,100.0,779.0,open_limit,17220
0,2018-12-17,2222,buy,100.0,912.0,open_limit,59760
0,2018-12-21,2833,sell,100.0,886.0,close,69050
0,2018-12-21,2222,sell,100.0,806.0,close,59760
0,2018-12-21,78,sell,100.0,724.0,close,17220
0,2018-12-25,3216,buy,100.0,577.0,open_limit,75230
0,2018-12-25,2227,buy,100.0,593.0,open_limit,59850
0,2018-12-25,2024,buy,200.0,349.0,open_limit,53630
0,2018-12-28,2024,sell,200.0,364.0,close,53630
0,2018-12-28,2227,sell,100.0,581.0,close,59850
0,2019-01-04,3216,sell,100.0,615.0,close,75230
0,2019-01-15,3893,buy,100.0,877.0,open_limit,89350
0,2019-01-15,150,buy,100.0,678.0,open_limit,18700
0,2019-01-15,3854,buy,100.0,816.0,open_limit,88600
0,2019-01-18,3893,sell,100.0,921.0,close,89350
0,2019-01-18,150,sell,100.0,693.0,close,18700
0,2019-01-21,1348,buy,100.0,764.0,open_limit,40970
0,2019-01-21,540,buy,100.0,585.0,open_limit,27340
0,2019-01-25,540,sell,100.0,587.0,close,27340
0,2019-01-25,3854,sell,100.0,855.0,close,88600
0,2019-01-28,3179,buy,100.0,897.0,open_limit,74630
0,2019-01-28,101,buy,100.0,971.0,open_limit,17800
0,2019-02-01,3179,sell,100.0,951.0,close,74630
0,2019-02-01,1348,sell,100.0,736.0,close,40970
0,2019-02-01,101,sell,100.0,946.0,close,17800
0,2019-02-04,3046,buy,100.0,502.0,open_limit,72470
0,2019-02-04,3893,buy,100.0,918.0,open_limit,89350
0,2019-02-04,3871,buy,200.0,342.0,open_limit,88970
0,2019-02-08,3871,sell,200.0,343.0,close,88970
0,2019-02-12,3248,buy,200.0,403.0,open_limit,75930
0,2019-02-15,3248,sell,200.0,413.0,close,75930
0,2019-02-15,3893,sell,100.0,879.0,close,89350
0,2019-02-15,3046,sell,100.0,484.0,close,72470
0,2019-02-18,78,buy,100.0,705.0,open_limit,17220
0,2019-02-18,3318,buy,100.0,773.0,open_limit,77150
0,2019-02-22,78,sell,100.0,742.0,close,17220
0,2019-02-22,3318,sell,100.0,795.0,close,77150
0,2019-02-25,3871,buy,200.0,355.0,open_limit,88970
0,2019-02-25,3893,buy,100.0,882.0,open_limit,89350
0,2019-02-25,3854,buy,100.0,864.0,open_limit,88600
0,2019-03-01,3893,sell,100.0,919.0,close,89350
0,2019-03-01,3871,sell,200.0,358.0,close,88970
0,2019-03-04,3890,buy,100.0,805.0,open_limit,89310
0,2019-03-04,3647,buy,200.0,480.0,open_limit,82030
0,2019-03-08,3890,sell,100.0,750.0,close,89310
0,2019-03-08,3854,sell,100.0,820.0,close,88600
0,2019-03-08,3647,sell,200.0,444.0,close,82030
0,2019-03-11,3041,buy,100.0,543.0,open_limit,72410
0,2019-03-11,2231,buy,100.0,970.0,open_limit,59890
0,2019-03-11,3854,buy,100.0,820.0,open_limit,88600
0,2019-03-15,3041,sell,100.0,517.0,close,72410
0,2019-03-15,3854,sell,100.0,833.0,close,88600
0,2019-03-15,2231,sell,100.0,948.0,close,59890
0,2019-03-18,2729,buy,200.0,375.0,open_limit,67420
0,2019-03-18,2551,buy,100.0,919.0,open_limit,64700
0,2019-03-18,4132,buy,100.0,634.0,open_limit,94380
0,2019-03-22,4132,sell,100.0,628.0,close,94380
0,2019-03-22,2551,sell,100.0,955.0,close,64700
0,2019-03-25,3854,buy,100.0,836.0,open_limit,88600
0,2019-03-25,3617,buy,100.0,868.0,open_limit,81510
0,2019-03-29,2729,sell,200.0,363.0,close,67420
0,2019-03-29,3617,sell,100.0,875.0,close,81510
0,2019-04-01,150,buy,100.0,781.0,open_limit,18700
0,2019-04-01,3893,buy,100.0,860.0,open_limit,89350
0,2019-04-05,3893,sell,100.0,956.0,close,89350
0,2019-04-05,150,sell,100.0,785.0,close,18700
0,2019-04-05,3854,sell,100.0,831.0,close,88600
0,2019-04-08,4064,buy,100.0,909.0,open_limit,93240
0,2019-04-08,4132,buy,100.0,629.0,open_limit,94380
0,2019-04-08,3854,buy,100.0,831.0,open_limit,88600
0,2019-04-12,4132,sell,100.0,629.0,close,94380
0,2019-04-12,3854,sell,100.0,821.0,close,88600
0,2019-04-15,3161,buy,100.0,970.0,open_limit,74380
0,2019-04-19,3161,sell,100.0,972.0,close,74380
0,2019-04-22,78,buy,100.0,740.0,open_limit,17220
0,2019-04-22,540,buy,100.0,601.0,open_limit,27340
0,2019-04-26,4064,sell,100.0,861.0,close,93240
0,2019-04-26,540,sell,100.0,611.0,close,27340
0,2019-04-26,78,sell,100.0,779.0,close,17220
0,2019-05-07,2024,buy,200.0,370.0,open_limit,53630
0,2019-05-07,247,buy,500.0,173.0,open_limit,20600
0,2019-05-07,2057,buy,300.0,251.0,open_limit,54800
0,2019-05-10,2024,sell,200.0,346.0,close,53630
0,2019-05-10,2057,sell,300.0,224.0,close,54800
0,2019-05-10,247,sell,500.0,162.0,close,20600
0,2019-05-13,2402,buy,100.0,971.0,open_limit,62500
0,2019-05-13,2038,buy,200.0,483.0,open_limit,54080
0,2019-05-13,3737,buy,100.0,977.0,open_limit,83870
0,2019-05-17,3737,sell,100.0,979.0,close,83870
0,2019-05-17,2402,sell,100.0,929.0,close,62500
0,2019-05-17,2038,sell,200.0,490.0,close,54080
0,2019-05-20,3813,buy,800.0,120.0,open_limit,87130
0,2019-05-20,2408,buy,100.0,542.0,open_limit,62620
0,2019-05-24,2408,sell,100.0,528.0,close,62620
0,2019-05-24,3813,sell,800.0,119.0,close,87130
0,2019-05-27,3854,buy,100.0,796.0,open_limit,88600
0,2019-05-27,1958,buy,100.0,922.0,open_limit,51950
0,2019-05-27,3058,buy,100.0,885.0,open_limit,72660
0,2019-05-31,3058,sell,100.0,867.0,close,72660
0,2019-05-31,1958,sell,100.0,914.0,close,51950
0,2019-06-03,540,buy,100.0,553.0,open_limit,27340
0,2019-06-03,2222,buy,100.0,805.0,open_limit,59760
0,2019-06-07,540,sell,100.0,578.0,close,27340
0,2019-06-07,3854,sell,100.0,766.0,close,88600
0,2019-06-07,2222,sell,100.0,884.0,close,59760
0,2019-06-10,992,buy,100.0,911.0,open_limit,35480
0,2019-06-10,4393,buy,100.0,969.0,open_limit,99900
0,2019-06-10,167,buy,100.0,616.0,open_limit,18980
0,2019-06-14,4393,sell,100.0,963.0,close,99900
0,2019-06-14,167,sell,100.0,621.0,close,18980
0,2019-06-17,4280,buy,100.0,646.0,open_limit,97650
0,2019-06-17,1762,buy,100.0,897.0,open_limit,47450
0,2019-06-21,4280,sell,100.0,624.0,close,97650
0,2019-06-21,1762,sell,100.0,897.0,close,47450
0,2019-06-24,410,buy,100.0,600.0,open_limit,24180
0,2019-06-24,3774,buy,100.0,680.0,open_limit,85580
0,2019-06-28,410,sell,100.0,594.0,close,24180
0,2019-06-28,3774,sell,100.0,685.0,close,85580
0,2019-07-01,3871,buy,200.0,389.0,open_limit,88970
0,2019-07-01,4118,buy,100.0,755.0,open_limit,94180
0,2019-07-05,4118,sell,100.0,780.0,close,94180
0,2019-07-05,3871,sell,200.0,401.0,close,88970
0,2019-07-08,410,buy,100.0,596.0,open_limit,24180
0,2019-07-08,3403,buy,100.0,810.0,open_limit,78440
0,2019-07-12,3403,sell,100.0,812.0,close,78440
0,2019-07-16,3871,buy,200.0,400.0,open_limit,88970
0,2019-07-19,992,sell,100.0,1078.0,close,35480
0,2019-07-19,410,sell,100.0,582.0,close,24180
0,2019-07-22,4118,buy,100.0,788.0,open_limit,94180
0,2019-07-22,820,buy,200.0,348.0,open_limit,32420
0,2019-07-26,820,sell,200.0,345.0,close,32420
0,2019-07-26,4118,sell,100.0,803.0,close,94180
0,2019-07-26,3871,sell,200.0,398.0,close,88970
0,2019-07-29,150,buy,100.0,706.0,open_limit,18700
0,2019-07-29,765,buy,200.0,383.0,open_limit,31590
0,2019-08-02,765,sell,200.0,371.0,close,31590
0,2019-08-05,223,buy,100.0,688.0,open_limit,19760
0,2019-08-05,1762,buy,100.0,880.0,open_limit,47450
0,2019-08-09,1762,sell,100.0,848.0,close,47450
0,2019-08-09,150,sell,100.0,668.0,close,18700
0,2019-08-09,223,sell,100.0,699.0,close,19760
0,2019-08-13,154,buy,100.0,729.0,open_limit,18790
0,2019-08-13,150,buy,100.0,654.0,open_limit,18700
0,2019-08-13,1958,buy,100.0,811.0,open_limit,51950
0,2019-08-16,1958,sell,100.0,809.0,close,51950
0,2019-08-19,4118,buy,100.0,787.0,open_limit,94180
0,2019-08-23,154,sell,100.0,751.0,close,18790
0,2019-08-23,150,sell,100.0,673.0,close,18700
0,2019-08-23,4118,sell,100.0,776.0,close,94180
0,2019-08-26,1762,buy,100.0,805.0,open_limit,47450
0,2019-08-26,4132,buy,100.0,680.0,open_limit,94380
0,2019-08-26,197,buy,100.0,830.0,open_limit,19450
0,2019-08-30,1762,sell,100.0,876.0,close,47450
0,2019-08-30,197,sell,100.0,857.0,close,19450
0,2019-09-02,3629,buy,100.0,912.0,open_limit,81670
0,2019-09-02,3809,buy,100.0,800.0,open_limit,87060
0,2019-09-06,3809,sell,100.0,805.0,close,87060
0,2019-09-06,4132,sell,100.0,691.0,close,94380
0,2019-09-06,3629,sell,100.0,881.0,close,81670
0,2019-09-09,840,buy,100.0,613.0,open_limit,32840
0,2019-09-09,167,buy,100.0,675.0,open_limit,18980
0,2019-09-09,3869,buy,200.0,353.0,open_limit,88930
0,2019-09-13,840,sell,100.0,641.0,close,32840
0,2019-09-13,167,sell,100.0,717.0,close,18980
0,2019-09-17,184,buy,100.0,640.0,open_limit,19290
0,2019-09-17,840,buy,100.0,641.0,open_limit,32840
0,2019-09-20,184,sell,100.0,659.0,close,19290
0,2019-09-20,3869,sell,200.0,358.0,close,88930
0,2019-09-24,958,buy,100.0,779.0,open_limit,34820
0,2019-09-24,540,buy,100.0,620.0,open_limit,27340
0,2019-09-27,540,sell,100.0,620.0,close,27340
0,2019-09-27,958,sell,100.0,865.0,close,34820
0,2019-09-30,4110,buy,100.0,713.0,open_limit,94050
0,2019-09-30,4118,buy,100.0,804.0,open_limit,94180
0,2019-10-04,840,sell,100.0,630.0,close,32840
0,2019-10-04,4118,sell,100.0,810.0,close,94180
0,2019-10-07,840,buy,100.0,630.0,open_limit,32840
0,2019-10-07,1762,buy,100.0,894.0,open_limit,47450
0,2019-10-11,840,sell,100.0,641.0,close,32840
0,2019-10-11,1762,sell,100.0,887.0,close,47450
0,2019-10-11,4110,sell,100.0,717.0,close,94050
0,2019-10-15,1475,buy,100.0,924.0,open_limit,43260
0,2019-10-15,540,buy,100.0,613.0,open_limit,27340
0,2019-10-15,3854,buy,100.0,675.0,open_limit,88600
0,2019-10-18,1475,sell,100.0,948.0,close,43260
0,2019-10-18,3854,sell,100.0,665.0,close,88600
0,2019-10-21,150,buy,100.0,716.0,open_limit,18700
0,2019-10-21,840,buy,100.0,651.0,open_limit,32840
0,2019-10-25,840,sell,100.0,666.0,close,32840
0,2019-10-25,150,sell,100.0,737.0,close,18700
0,2019-10-28,1475,buy,100.0,956.0,open_limit,43260
0,2019-10-28,4132,buy,100.0,723.0,open_limit,94380
0,2019-11-01,540,sell,100.0,654.0,close,27340
0,2019-11-01,4132,sell,100.0,708.0,close,94380
0,2019-11-05,189,buy,100.0,693.0,open_limit,19340
0,2019-11-05,848,buy,100.0,674.0,open_limit,32990
0,2019-11-08,848,sell,100.0,713.0,close,32990
0,2019-11-08,189,sell,100.0,697.0,close,19340
0,2019-11-11,3804,buy,100.0,901.0,open_limit,86990
0,2019-11-11,1711,buy,100.0,722.0,open_limit,46580
0,2019-11-15,3804,sell,100.0,896.0,close,86990
0,2019-11-15,1711,sell,100.0,714.0,close,46580
0,2019-11-18,1348,buy,100.0,845.0,open_limit,40970
0,2019-11-18,3271,buy,200.0,465.0,open_limit,76180
0,2019-11-22,3271,sell,200.0,459.0,close,76180
0,2019-11-25,189,buy,100.0,685.0,open_limit,19340
0,2019-11-29,1475,sell,100.0,944.0,close,43260
0,2019-11-29,1348,sell,100.0,810.0,close,40970
0,2019-11-29,189,sell,100.0,668.0,close,19340
0,2019-12-02,3813,buy,700.0,133.0,open_limit,87130
0,2019-12-02,1475,buy,100.0,948.0,open_limit,43260
0,2019-12-02,189,buy,100.0,673.0,open_limit,19340
0,2019-12-06,3813,sell,700.0,133.0,close,87130
0,2019-12-06,189,sell,100.0,693.0,close,19340
0,2019-12-09,2677,buy,100.0,740.0,open_limit,66440
0,2019-12-09,410,buy,100.0,633.0,open_limit,24180
0,2019-12-13,1475,sell,100.0,935.0,close,43260
0,2019-12-13,2677,sell,100.0,734.0,close,66440
0,2019-12-16,424,buy,100.0,712.0,open_limit,24450
0,2019-12-16,2113,buy,100.0,793.0,open_limit,57020
0,2019-12-20,410,sell,100.0,611.0,close,24180
0,2019-12-23,840,buy,100.0,727.0,open_limit,32840
0,2019-12-27,424,sell,100.0,712.0,close,24450
0,2019-12-27,2113,sell,100.0,773.0,close,57020
0,2020-01-06,189,buy,100.0,671.0,open_limit,19340
0,2020-01-06,540,buy,100.0,621.0,open_limit,27340
0,2020-01-10,540,sell,100.0,637.0,close,27340
0,2020-01-10,189,sell,100.0,703.0,close,19340
0,2020-01-14,424,buy,100.0,679.0,open_limit,24450
0,2020-01-14,540,buy,100.0,646.0,open_limit,27340
0,2020-01-17,424,sell,100.0,669.0,close,24450
0,2020-01-17,540,sell,100.0,640.0,close,27340
0,2020-01-20,189,buy,100.0,690.0,open_limit,19340
0,2020-01-20,3861,buy,100.0,555.0,open_limit,88810
0,2020-01-24,840,sell,100.0,715.0,close,32840
0,2020-01-24,189,sell,100.0,701.0,close,19340
0,2020-01-27,540,buy,100.0,624.0,open_limit,27340
0,2020-01-27,2022,buy,100.0,703.0,open_limit,53570
0,2020-01-31,540,sell,100.0,618.0,close,27340
0,2020-01-31,3861,sell,100.0,547.0,close,88810
0,2020-01-31,2022,sell,100.0,702.0,close,53570
0,2020-02-03,3088,buy,100.0,643.0,open_limit,73150
0,2020-02-03,840,buy,100.0,677.0,open_limit,32840
0,2020-02-03,3861,buy,100.0,541.0,open_limit,88810
0,2020-02-07,840,sell,100.0,705.0,close,32840
0,2020-02-10,2022,buy,100.0,685.0,open_limit,53570
0,2020-02-14,3088,sell,100.0,607.0,close,73150
0,2020-02-14,3861,sell,100.0,560.0,close,88810
0,2020-02-14,2022,sell,100.0,683.0,close,53570
0,2020-02-17,1475,buy,100.0,857.0,open_limit,43260
0,2020-02-17,540,buy,100.0,622.0,open_limit,27340
0,2020-02-17,3861,buy,100.0,552.0,open_limit,88810
0,2020-02-21,1475,sell,100.0,841.0,close,43260
0,2020-02-25,3248,buy,200.0,404.0,open_limit,75930
0,2020-02-28,3248,sell,200.0,362.0,close,75930
0,2020-02-28,540,sell,100.0,552.0,close,27340
0,2020-03-02,3868,buy,100.0,697.0,open_limit,88920
0,2020-03-02,3893,buy,100.0,909.0,open_limit,89350
0,2020-03-06,3868,sell,100.0,669.0,close,88920
0,2020-03-06,3893,sell,100.0,911.0,close,89350
0,2020-03-09,154,buy,100.0,711.0,open_limit,18790
0,2020-03-09,150,buy,100.0,703.0,open_limit,18700
0,2020-03-13,154,sell,100.0,680.0,close,18790
0,2020-03-13,3861,sell,100.0,359.0,close,88810
0,2020-03-13,150,sell,100.0,645.0,close,18700
0,2020-03-16,3892,buy,100.0,837.0,open_limit,89340
0,2020-03-23,154,buy,100.0,691.0,open_limit,18790
0,2020-03-23,3013,buy,100.0,919.0,open_limit,71980
0,2020-03-27,154,sell,100.0,861.0,close,18790
0,2020-03-27,3892,sell,100.0,928.0,close,89340
0,2020-03-27,3013,sell,100.0,1183.0,close,71980
0,2020-03-30,150,buy,100.0,804.0,open_limit,18700
0,2020-03-30,186,buy,100.0,947.0,open_limit,19300
0,2020-03-30,2180,buy,300.0,238.0,open_limit,59120
0,2020-04-03,186,sell,100.0,834.0,close,19300
0,2020-04-03,2180,sell,300.0,217.0,close,59120
0,2020-04-03,150,sell,100.0,706.0,close,18700
0,2020-04-06,154,buy,100.0,698.0,open_limit,18790
0,2020-04-06,3048,buy,100.0,735.0,open_limit,72500
0,2020-04-06,3892,buy,100.0,707.0,open_limit,89340
0,2020-04-10,3048,sell,100.0,829.0,close,72500
0,2020-04-10,154,sell,100.0,814.0,close,18790
0,2020-04-10,3892,sell,100.0,812.0,close,89340
0,2020-04-13,3804,buy,100.0,890.0,open_limit,86990
0,2020-04-13,184,buy,100.0,728.0,open_limit,19290
0,2020-04-13,4394,buy,100.0,807.0,open_limit,99910
0,2020-04-17,4394,sell,100.0,803.0,close,99910
0,2020-04-17,3804,sell,100.0,874.0,close,86990
0,2020-04-20,150,buy,100.0,735.0,open_limit,18700
0,2020-04-20,161,buy,100.0,509.0,open_limit,18870
0,2020-04-24,161,sell,100.0,517.0,close,18870
0,2020-04-24,150,sell,100.0,790.0,close,18700
0,2020-04-27,28,buy,100.0,587.0,open_limit,14290
0,2020-04-27,189,buy,100.0,586.0,open_limit,19340
0,2020-05-01,189,sell,100.0,595.0,close,19340
0,2020-05-07,154,buy,100.0,755.0,open_limit,18790
0,2020-05-08,28,sell,100.0,623.0,close,14290
0,2020-05-11,167,buy,100.0,790.0,open_limit,18980
0,2020-05-15,154,sell,100.0,698.0,close,18790
0,2020-05-18,150,buy,100.0,739.0,open_limit,18700
0,2020-05-22,150,sell,100.0,746.0,close,18700
0,2020-05-25,3737,buy,100.0,830.0,open_limit,83870
0,2020-05-29,184,sell,100.0,726.0,close,19290
0,2020-05-29,167,sell,100.0,802.0,close,18980
0,2020-06-01,1711,buy,100.0,725.0,open_limit,46580
0,2020-06-05,3737,sell,100.0,858.0,close,83870
0,2020-06-08,184,buy,100.0,741.0,open_limit,19290
0,2020-06-12,184,sell,100.0,730.0,close,19290
0,2020-06-12,1711,sell,100.0,715.0,close,46580
0,2020-06-15,3597,buy,100.0,950.0,open_limit,81250
0,2020-06-15,540,buy,100.0,562.0,open_limit,27340
0,2020-06-15,28,buy,100.0,569.0,open_limit,14290
0,2020-06-19,3597,sell,100.0,961.0,close,81250
0,2020-06-19,28,sell,100.0,596.0,close,14290
0,2020-06-19,540,sell,100.0,581.0,close,27340
0,2020-06-22,3597,buy,100.0,956.0,open_limit,81250
0,2020-06-22,81,buy,100.0,553.0,open_limit,17260
0,2020-06-22,1868,buy,100.0,718.0,open_limit,49630
0,2020-06-26,81,sell,100.0,574.0,close,17260
0,2020-06-26,1868,sell,100.0,710.0,close,49630
0,2020-06-29,1711,buy,100.0,726.0,open_limit,46580
0,2020-06-29,167,buy,100.0,759.0,open_limit,18980
0,2020-07-03,1711,sell,100.0,727.0,close,46580
0,2020-07-03,167,sell,100.0,741.0,close,18980
0,2020-07-06,2139,buy,100.0,547.0,open_limit,58090
0,2020-07-10,3597,sell,100.0,901.0,close,81250
0,2020-07-17,2139,sell,100.0,551.0,close,58090
0,2020-07-20,1711,buy,100.0,745.0,open_limit,46580
0,2020-07-20,167,buy,100.0,750.0,open_limit,18980
0,2020-07-27,3968,buy,200.0,322.0,open_limit,91190
0,2020-07-31,3968,sell,200.0,304.0,close,91190
0,2020-07-31,167,sell,100.0,714.0,close,18980
0,2020-08-03,3868,buy,100.0,686.0,open_limit,88920
0,2020-08-03,3737,buy,100.0,707.0,open_limit,83870
0,2020-08-07,3737,sell,100.0,729.0,close,83870
0,2020-08-07,3868,sell,100.0,730.0,close,88920
0,2020-08-07,1711,sell,100.0,686.0,close,46580
0,2020-08-11,28,buy,100.0,621.0,open_limit,14290
0,2020-08-11,167,buy,100.0,735.0,open_limit,18980
0,2020-08-11,3811,buy,100.0,681.0,open_limit,87080
0,2020-08-14,28,sell,100.0,646.0,close,14290
0,2020-08-14,167,sell,100.0,764.0,close,18980
0,2020-08-17,247,buy,400.0,198.0,open_limit,20600
0,2020-08-17,3597,buy,100.0,955.0,open_limit,81250
0,2020-08-21,3811,sell,100.0,692.0,close,87080
0,2020-08-21,247,sell,400.0,187.0,close,20600
0,2020-08-24,1475,buy,100.0,918.0,open_limit,43260
0,2020-08-24,1711,buy,100.0,699.0,open_limit,46580
0,2020-08-28,1475,sell,100.0,913.0,close,43260
0,2020-08-28,1711,sell,100.0,718.0,close,46580
0,2020-09-07,150,buy,100.0,868.0,open_limit,18700
0,2020-09-07,1711,buy,100.0,710.0,open_limit,46580
0,2020-09-11,1711,sell,100.0,755.0,close,46580
0,2020-09-14,184,buy,100.0,798.0,open_limit,19290
0,2020-09-18,3597,sell,100.0,1024.0,close,81250
0,2020-09-18,150,sell,100.0,887.0,close,18700
0,2020-09-23,3968,buy,200.0,379.0,open_limit,91190
0,2020-09-23,375,buy,700.0,133.0,open_limit,23530
0,2020-09-25,184,sell,100.0,803.0,close,19290
0,2020-09-25,3968,sell,200.0,381.0,close,91190
0,2020-09-28,540,buy,100.0,575.0,open_limit,27340
0,2020-09-28,432,buy,200.0,480.0,open_limit,24610
0,2020-10-02,432,sell,200.0,458.0,close,24610
0,2020-10-02,540,sell,100.0,591.0,close,27340
0,2020-10-02,375,sell,700.0,131.0,close,23530
0,2020-10-05,184,buy,100.0,777.0,open_limit,19290
0,2020-10-05,150,buy,100.0,891.0,open_limit,18700
0,2020-10-05,197,buy,100.0,761.0,open_limit,19450
0,2020-10-09,184,sell,100.0,786.0,close,19290
0,2020-10-09,197,sell,100.0,762.0,close,19450
0,2020-10-12,184,buy,100.0,789.0,open_limit,19290
0,2020-10-12,1711,buy,100.0,740.0,open_limit,46580
0,2020-10-16,1711,sell,100.0,717.0,close,46580
0,2020-10-19,167,buy,100.0,802.0,open_limit,18980
0,2020-10-23,184,sell,100.0,803.0,close,19290
0,2020-10-23,167,sell,100.0,798.0,close,18980
0,2020-10-26,151,buy,100.0,593.0,open_limit,18710
0,2020-10-26,3403,buy,100.0,779.0,open_limit,78440
0,2020-10-30,3403,sell,100.0,780.0,close,78440
0,2020-10-30,150,sell,100.0,835.0,close,18700
0,2020-11-02,3968,buy,200.0,359.0,open_limit,91190
0,2020-11-02,167,buy,100.0,777.0,open_limit,18980
0,2020-11-06,3968,sell,200.0,371.0,close,91190
0,2020-11-06,151,sell,100.0,575.0,close,18710
0,2020-11-06,167,sell,100.0,839.0,close,18980
0,2020-11-09,432,buy,200.0,479.0,open_limit,24610
0,2020-11-09,151,buy,100.0,580.0,open_limit,18710
0,2020-11-09,3403,buy,100.0,755.0,open_limit,78440
0,2020-11-13,432,sell,200.0,454.0,close,24610
0,2020-11-13,151,sell,100.0,569.0,close,18710
0,2020-11-16,223,buy,100.0,844.0,open_limit,19760
0,2020-11-16,375,buy,700.0,129.0,open_limit,23530
0,2020-11-20,223,sell,100.0,830.0,close,19760
0,2020-11-20,3403,sell,100.0,835.0,close,78440
0,2020-11-20,375,sell,700.0,126.0,close,23530
0,2020-11-24,1051,buy,100.0,927.0,open_limit,36570
0,2020-11-24,184,buy,100.0,824.0,open_limit,19290
0,2020-11-27,184,sell,100.0,821.0,close,19290
0,2020-11-27,1051,sell,100.0,949.0,close,36570
0,2020-11-30,3804,buy,100.0,906.0,open_limit,86990
0,2020-11-30,223,buy,100.0,826.0,open_limit,19760
0,2020-11-30,184,buy,100.0,823.0,open_limit,19290
0,2020-12-04,3804,sell,100.0,915.0,close,86990
0,2020-12-04,223,sell,100.0,778.0,close,19760
0,2020-12-07,3630,buy,100.0,719.0,open_limit,81680
0,2020-12-07,223,buy,100.0,780.0,open_limit,19760
0,2020-12-11,3630,sell,100.0,742.0,close,81680
0,2020-12-11,223,sell,100.0,775.0,close,19760
0,2020-12-14,167,buy,100.0,825.0,open_limit,18980
0,2020-12-14,150,buy,100.0,869.0,open_limit,18700
0,2020-12-18,150,sell,100.0,864.0,close,18700
0,2020-12-18,167,sell,100.0,838.0,close,18980
0,2020-12-21,150,buy,100.0,864.0,open_limit,18700
0,2020-12-21,247,buy,100.0,877.0,open_limit,20600
0,2020-12-25,184,sell,100.0,796.0,close,19290
0,2020-12-25,150,sell,100.0,883.0,close,18700
0,2020-12-25,247,sell,100.0,879.0,close,20600
0,2020-12-28,3647,buy,100.0,784.0,open_limit,82030
0,2020-12-28,167,buy,100.0,835.0,open_limit,18980
0,2020-12-28,3630,buy,100.0,730.0,open_limit,81680
0,2020-12-30,3630,sell,100.0,733.0,close,81680
0,2020-12-30,167,sell,100.0,838.0,close,18980
0,2021-01-04,184,buy,100.0,791.0,open_limit,19290
0,2021-01-04,247,buy,100.0,870.0,open_limit,20600
0,2021-01-08,3647,sell,100.0,801.0,close,82030
0,2021-01-08,247,sell,100.0,894.0,close,20600
0,2021-01-12,167,buy,100.0,836.0,open_limit,18980
0,2021-01-12,151,buy,100.0,617.0,open_limit,18710
0,2021-01-15,151,sell,100.0,631.0,close,18710
0,2021-01-18,540,buy,100.0,571.0,open_limit,27340
0,2021-01-22,540,sell,100.0,571.0,close,27340
0,2021-01-25,247,buy,100.0,854.0,open_limit,20600
0,2021-01-29,247,sell,100.0,874.0,close,20600
0,2021-02-01,151,buy,100.0,601.0,open_limit,18710
0,2021-02-05,184,sell,100.0,797.0,close,19290
0,2021-02-05,167,sell,100.0,844.0,close,18980
0,2021-02-05,151,sell,100.0,637.0,close,18710
0,2021-02-08,247,buy,100.0,897.0,open_limit,20600
0,2021-02-08,3767,buy,100.0,965.0,open_limit,85410
0,2021-02-08,540,buy,100.0,581.0,open_limit,27340
0,2021-02-12,247,sell,100.0,937.0,close,20600
0,2021-02-12,3767,sell,100.0,974.0,close,85410
0,2021-02-15,184,buy,100.0,800.0,open_limit,19290
0,2021-02-15,3487,buy,100.0,893.0,open_limit,79620
0,2021-02-19,184,sell,100.0,784.0,close,19290
0,2021-02-26,3487,sell,100.0,884.0,close,79620
0,2021-03-01,2210,buy,100.0,774.0,open_limit,59590
0,2021-03-01,223,buy,100.0,786.0,open_limit,19760
0,2021-03-05,2210,sell,100.0,787.0,close,59590
0,2021-03-05,223,sell,100.0,810.0,close,19760
0,2021-03-08,3630,buy,100.0,709.0,open_limit,81680
0,2021-03-08,3689,buy,100.0,861.0,open_limit,82890
0,2021-03-12,3689,sell,100.0,871.0,close,82890
0,2021-03-12,540,sell,100.0,614.0,close,27340
0,2021-03-15,2210,buy,100.0,793.0,open_limit,59590
0,2021-03-15,150,buy,100.0,859.0,open_limit,18700
0,2021-03-19,3630,sell,100.0,765.0,close,81680
0,2021-03-19,150,sell,100.0,895.0,close,18700
0,2021-03-22,3830,buy,100.0,761.0,open_limit,87720
0,2021-03-22,3647,buy,100.0,756.0,open_limit,82030
0,2021-03-26,3830,sell,100.0,762.0,close,87720
0,2021-03-29,540,buy,100.0,638.0,open_limit,27340
0,2021-04-02,3647,sell,100.0,720.0,close,82030
0,2021-04-05,150,buy,100.0,842.0,open_limit,18700
0,2021-04-09,2210,sell,100.0,772.0,close,59590
0,2021-04-09,540,sell,100.0,614.0,close,27340
0,2021-04-12,3830,buy,100.0,705.0,open_limit,87720
0,2021-04-12,2210,buy,100.0,778.0,open_limit,59590
0,2021-04-16,150,sell,100.0,846.0,close,18700
0,2021-04-16,3830,sell,100.0,723.0,close,87720
0,2021-04-19,540,buy,100.0,613.0,open_limit,27340
0,2021-04-19,4064,buy,100.0,957.0,open_limit,93240
0,2021-04-23,4064,sell,100.0,938.0,close,93240
0,2021-04-23,540,sell,100.0,609.0,close,27340
0,2021-04-26,184,buy,100.0,787.0,open_limit,19290
0,2021-04-26,3830,buy,100.0,715.0,open_limit,87720
0,2021-04-30,3830,sell,100.0,685.0,close,87720
0,2021-05-06,4132,buy,100.0,761.0,open_limit,94380
0,2021-05-07,184,sell,100.0,802.0,close,19290
0,2021-05-10,395,buy,100.0,727.0,open_limit,23950
0,2021-05-14,2210,sell,100.0,709.0,close,59590
0,2021-05-14,395,sell,100.0,789.0,close,23950
0,2021-05-14,4132,sell,100.0,702.0,close,94380
0,2021-05-17,4043,buy,100.0,730.0,open_limit,92730
0,2021-05-17,247,buy,100.0,813.0,open_limit,20600
0,2021-05-17,2210,buy,100.0,709.0,open_limit,59590
0,2021-05-21,2210,sell,100.0,683.0,close,59590
0,2021-05-21,4043,sell,100.0,729.0,close,92730
0,2021-05-21,247,sell,100.0,785.0,close,20600
0,2021-05-24,1891,buy,100.0,560.0,open_limit,49970
0,2021-05-24,184,buy,100.0,785.0,open_limit,19290
0,2021-05-24,3630,buy,100.0,708.0,open_limit,81680
0,2021-05-28,184,sell,100.0,769.0,close,19290
0,2021-05-28,3630,sell,100.0,728.0,close,81680
0,2021-05-31,540,buy,100.0,596.0,open_limit,27340
0,2021-05-31,3871,buy,200.0,350.0,open_limit,88970
0,2021-06-04,1891,sell,100.0,518.0,close,49970
0,2021-06-04,3871,sell,200.0,346.0,close,88970
0,2021-06-07,3871,buy,200.0,348.0,open_limit,88970
0,2021-06-07,1891,buy,100.0,518.0,open_limit,49970
0,2021-06-11,1891,sell,100.0,517.0,close,49970
0,2021-06-11,540,sell,100.0,595.0,close,27340
0,2021-06-11,3871,sell,200.0,348.0,close,88970
0,2021-06-14,2483,buy,100.0,880.0,open_limit,63630
0,2021-06-14,223,buy,100.0,752.0,open_limit,19760
0,2021-06-14,151,buy,100.0,650.0,open_limit,18710
0,2021-06-18,2483,sell,100.0,860.0,close,63630
0,2021-06-21,2483,buy,100.0,854.0,open_limit,63630
0,2021-06-25,223,sell,100.0,738.0,close,19760
0,2021-06-28,3866,buy,100.0,836.0,open_limit,88900
0,2021-07-02,3866,sell,100.0,837.0,close,88900
0,2021-07-02,2483,sell,100.0,868.0,close,63630
0,2021-07-05,854,buy,900.0,101.0,open_limit,33150
0,2021-07-05,3401,buy,100.0,925.0,open_limit,78400
0,2021-07-09,3401,sell,100.0,908.0,close,78400
0,2021-07-09,854,sell,900.0,100.0,close,33150
0,2021-07-12,3401,buy,100.0,918.0,open_limit,78400
0,2021-07-12,1487,buy,100.0,835.0,open_limit,43450
0,2021-07-16,1487,sell,100.0,832.0,close,43450
0,2021-07-19,540,buy,100.0,593.0,open_limit,27340
0,2021-07-21,151,sell,100.0,608.0,close,18710
0,2021-07-26,840,buy,100.0,727.0,open_limit,32840
0,2021-07-30,840,sell,100.0,722.0,close,32840
0,2021-07-30,3401,sell,100.0,913.0,close,78400
0,2021-08-02,150,buy,100.0,714.0,open_limit,18700
0,2021-08-02,3737,buy,100.0,709.0,open_limit,83870
0,2021-08-06,3737,sell,100.0,709.0,close,83870
0,2021-08-06,540,sell,100.0,606.0,close,27340
0,2021-08-06,150,sell,100.0,704.0,close,18700
0,2021-08-10,3871,buy,300.0,317.0,open_limit,88970
0,2021-08-10,1891,buy,100.0,513.0,open_limit,49970
0,2021-08-10,167,buy,100.0,848.0,open_limit,18980
0,2021-08-13,1891,sell,100.0,533.0,close,49970
0,2021-08-13,3871,sell,300.0,318.0,close,88970
0,2021-08-13,167,sell,100.0,850.0,close,18980
0,2021-08-16,840,buy,100.0,694.0,open_limit,32840
0,2021-08-16,1412,buy,100.0,582.0,open_limit,42200
0,2021-08-16,223,buy,100.0,748.0,open_limit,19760
0,2021-08-20,1412,sell,100.0,553.0,close,42200
0,2021-08-20,223,sell,100.0,743.0,close,19760
0,2021-08-23,1958,buy,100.0,864.0,open_limit,51950
0,2021-08-23,1891,buy,100.0,531.0,open_limit,49970
0,2021-08-27,840,sell,100.0,660.0,close,32840
0,2021-08-27,1891,sell,100.0,547.0,close,49970
0,2021-08-27,1958,sell,100.0,900.0,close,51950
0,2021-08-30,3737,buy,100.0,724.0,open_limit,83870
0,2021-08-30,223,buy,100.0,750.0,open_limit,19760
0,2021-08-30,3767,buy,100.0,769.0,open_limit,85410
0,2021-09-03,3737,sell,100.0,733.0,close,83870
0,2021-09-03,223,sell,100.0,753.0,close,19760
0,2021-09-03,3767,sell,100.0,790.0,close,85410
0,2021-09-06,1891,buy,100.0,555.0,open_limit,49970
0,2021-09-06,247,buy,100.0,765.0,open_limit,20600
0,2021-09-06,3871,buy,300.0,323.0,open_limit,88970
0,2021-09-10,1891,sell,100.0,568.0,close,49970
0,2021-09-10,3871,sell,300.0,326.0,close,88970
0,2021-09-13,1964,buy,100.0,939.0,open_limit,52080
0,2021-09-13,3871,buy,300.0,326.0,open_limit,88970
0,2021-09-17,1964,sell,100.0,928.0,close,52080
0,2021-09-17,247,sell,100.0,793.0,close,20600
0,2021-09-21,1891,buy,100.0,568.0,open_limit,49970
0,2021-09-21,3767,buy,100.0,797.0,open_limit,85410
0,2021-09-24,3871,sell,300.0,326.0,close,88970
0,2021-09-24,3767,sell,100.0,809.0,close,85410
0,2021-09-27,3866,buy,100.0,785.0,open_limit,88900
0,2021-09-27,3401,buy,100.0,954.0,open_limit,78400
0,2021-10-01,3401,sell,100.0,906.0,close,78400
0,2021-10-01,3866,sell,100.0,777.0,close,88900
0,2021-10-04,1958,buy,100.0,916.0,open_limit,51950
0,2021-10-04,540,buy,100.0,637.0,open_limit,27340
0,2021-10-08,540,sell,100.0,616.0,close,27340
0,2021-10-08,1958,sell,100.0,892.0,close,51950
0,2021-10-11,3206,buy,100.0,629.0,open_limit,75130
0,2021-10-11,3073,buy,100.0,797.0,open_limit,72830
0,2021-10-15,3073,sell,100.0,832.0,close,72830
0,2021-10-15,1891,sell,100.0,525.0,close,49970
0,2021-10-15,3206,sell,100.0,586.0,close,75130
0,2021-10-18,3767,buy,100.0,785.0,open_limit,85410
0,2021-10-18,3871,buy,300.0,317.0,open_limit,88970
0,2021-10-18,1412,buy,100.0,565.0,open_limit,42200
0,2021-10-22,3767,sell,100.0,784.0,close,85410
0,2021-10-22,1412,sell,100.0,546.0,close,42200
0,2021-10-22,3871,sell,300.0,314.0,close,88970
0,2021-10-25,189,buy,100.0,690.0,open_limit,19340
0,2021-10-25,247,buy,100.0,738.0,open_limit,20600
0,2021-10-25,223,buy,100.0,690.0,open_limit,19760
0,2021-10-29,247,sell,100.0,749.0,close,20600
0,2021-10-29,223,sell,100.0,677.0,close,19760
0,2021-11-01,3767,buy,100.0,777.0,open_limit,85410
0,2021-11-01,167,buy,100.0,827.0,open_limit,18980
0,2021-11-05,3767,sell,100.0,783.0,close,85410
0,2021-11-08,3871,buy,300.0,298.0,open_limit,88970
0,2021-11-12,167,sell,100.0,798.0,close,18980
0,2021-11-12,3871,sell,300.0,290.0,close,88970
0,2021-11-15,3744,buy,100.0,754.0,open_limit,83990
0,2021-11-15,3767,buy,100.0,776.0,open_limit,85410
0,2021-11-19,3767,sell,100.0,755.0,close,85410
0,2021-11-22,3737,buy,100.0,720.0,open_limit,83870
0,2021-11-26,3744,sell,100.0,730.0,close,83990
0,2021-11-26,3737,sell,100.0,725.0,close,83870
0,2021-11-26,189,sell,100.0,620.0,close,19340
0,2021-11-29,1051,buy,100.0,968.0,open_limit,36570
0,2021-11-29,4266,buy,100.0,819.0,open_limit,97430
0,2021-11-29,2483,buy,100.0,865.0,open_limit,63630
0,2021-12-03,4266,sell,100.0,841.0,close,97430
0,2021-12-03,1051,sell,100.0,957.0,close,36570
0,2021-12-03,2483,sell,100.0,899.0,close,63630
0,2021-12-06,3073,buy,100.0,774.0,open_limit,72830
0,2021-12-06,945,buy,100.0,911.0,open_limit,34540
0,2021-12-06,1761,buy,100.0,800.0,open_limit,47430
0,2021-12-10,3073,sell,100.0,804.0,close,72830
0,2021-12-10,945,sell,100.0,923.0,close,34540
0,2021-12-13,151,buy,100.0,608.0,open_limit,18710
0,2021-12-13,247,buy,100.0,706.0,open_limit,20600
0,2021-12-17,151,sell,100.0,602.0,close,18710
0,2021-12-17,1761,sell,100.0,797.0,close,47430
0,2021-12-17,247,sell,100.0,700.0,close,20600
0,2021-12-20,840,buy,100.0,640.0,open_limit,32840
0,2021-12-20,3206,buy,100.0,544.0,open_limit,75130
0,2021-12-20,3892,buy,100.0,972.0,open_limit,89340
0,2021-12-24,840,sell,100.0,655.0,close,32840
0,2021-12-24,3892,sell,100.0,978.0,close,89340
0,2021-12-24,3206,sell,100.0,535.0,close,75130
0,2021-12-27,945,buy,100.0,892.0,open_limit,34540
0,2021-12-27,167,buy,100.0,801.0,open_limit,18980
0,2021-12-27,3073,buy,100.0,770.0,open_limit,72830
0,2021-12-30,945,sell,100.0,921.0,close,34540
0,2021-12-30,3073,sell,100.0,766.0,close,72830
0,2021-12-30,167,sell,100.0,812.0,close,18980
0,2022-01-04,1958,buy,100.0,897.0,open_limit,51950
0,2022-01-04,3403,buy,100.0,732.0,open_limit,78440
0,2022-01-04,151,buy,100.0,612.0,open_limit,18710
0,2022-01-07,3403,sell,100.0,721.0,close,78440
0,2022-01-07,1958,sell,100.0,889.0,close,51950
0,2022-01-07,151,sell,100.0,607.0,close,18710
0,2022-01-11,540,buy,100.0,624.0,open_limit,27340
0,2022-01-11,760,buy,100.0,798.0,open_limit,31510
0,2022-01-11,1412,buy,100.0,502.0,open_limit,42200
0,2022-01-14,1412,sell,100.0,503.0,close,42200
0,2022-01-14,540,sell,100.0,636.0,close,27340
0,2022-01-17,223,buy,100.0,711.0,open_limit,19760
0,2022-01-17,1891,buy,100.0,503.0,open_limit,49970
0,2022-01-21,760,sell,100.0,787.0,close,31510
0,2022-01-21,1891,sell,100.0,503.0,close,49970
0,2022-01-21,223,sell,100.0,691.0,close,19760
0,2022-01-24,3811,buy,100.0,942.0,open_limit,87080
0,2022-01-24,2474,buy,100.0,686.0,open_limit,63490
0,2022-01-24,189,buy,100.0,635.0,open_limit,19340
0,2022-01-28,2474,sell,100.0,673.0,close,63490
0,2022-01-28,189,sell,100.0,650.0,close,19340
0,2022-01-31,540,buy,100.0,617.0,open_limit,27340
0,2022-01-31,1761,buy,100.0,744.0,open_limit,47430
0,2022-02-04,1761,sell,100.0,779.0,close,47430
0,2022-02-04,3811,sell,100.0,930.0,close,87080
0,2022-02-04,540,sell,100.0,635.0,close,27340
0,2022-02-07,1958,buy,100.0,877.0,open_limit,51950
0,2022-02-07,2467,buy,100.0,699.0,open_limit,63390
0,2022-02-07,154,buy,100.0,748.0,open_limit,18790
0,2022-02-10,2467,sell,100.0,705.0,close,63390
0,2022-02-10,1958,sell,100.0,888.0,close,51950
0,2022-02-14,3866,buy,100.0,739.0,open_limit,88900
0,2022-02-14,540,buy,100.0,631.0,open_limit,27340
0,2022-02-18,3866,sell,100.0,810.0,close,88900
0,2022-02-21,1958,buy,100.0,850.0,open_limit,51950
0,2022-02-25,154,sell,100.0,750.0,close,18790
0,2022-02-25,540,sell,100.0,652.0,close,27340
0,2022-02-28,2210,buy,100.0,708.0,open_limit,59590
0,2022-02-28,154,buy,100.0,764.0,open_limit,18790
0,2022-03-04,1958,sell,100.0,853.0,close,51950
0,2022-03-07,247,buy,100.0,665.0,open_limit,20600
0,2022-03-11,154,sell,100.0,722.0,close,18790
0,2022-03-11,247,sell,100.0,672.0,close,20600
0,2022-03-14,189,buy,100.0,696.0,open_limit,19340
0,2022-03-14,760,buy,100.0,779.0,open_limit,31510
0,2022-03-18,760,sell,100.0,800.0,close,31510
0,2022-03-18,2210,sell,100.0,696.0,close,59590
0,2022-03-18,189,sell,100.0,710.0,close,19340
0,2022-03-22,3654,buy,100.0,959.0,open_limit,82170
0,2022-03-22,540,buy,100.0,653.0,open_limit,27340
0,2022-03-22,151,buy,100.0,611.0,open_limit,18710
0,2022-03-25,151,sell,100.0,612.0,close,18710
0,2022-03-28,760,buy,100.0,780.0,open_limit,31510
0,2022-04-01,760,sell,100.0,766.0,close,31510
0,2022-04-01,3654,sell,100.0,920.0,close,82170
0,2022-04-04,154,buy,100.0,735.0,open_limit,18790
0,2022-04-04,3654,buy,100.0,925.0,open_limit,82170
0,2022-04-08,154,sell,100.0,736.0,close,18790
0,2022-04-08,540,sell,100.0,633.0,close,27340
0,2022-04-08,3654,sell,100.0,872.0,close,82170
0,2022-04-11,189,buy,100.0,665.0,open_limit,19340
0,2022-04-11,1762,buy,100.0,578.0,open_limit,47450
0,2022-04-11,2497,buy,100.0,818.0,open_limit,63810
0,2022-04-15,2497,sell,100.0,813.0,close,63810
0,2022-04-15,1762,sell,100.0,582.0,close,47450
0,2022-04-18,154,buy,100.0,725.0,open_limit,18790
0,2022-04-18,540,buy,100.0,620.0,open_limit,27340
0,2022-04-28,540,sell,100.0,625.0,close,27340
0,2022-04-28,189,sell,100.0,688.0,close,19340
0,2022-05-02,2558,buy,100.0,501.0,open_limit,64800
0,2022-05-02,3866,buy,100.0,963.0,open_limit,88900
0,2022-05-06,3866,sell,100.0,950.0,close,88900
0,2022-05-09,3866,buy,100.0,948.0,open_limit,88900
0,2022-05-13,154,sell,100.0,704.0,close,18790
0,2022-05-13,3866,sell,100.0,981.0,close,88900
0,2022-05-13,2558,sell,100.0,499.0,close,64800
0,2022-05-16,4110,buy,100.0,710.0,open_limit,94050
0,2022-05-16,3767,buy,100.0,887.0,open_limit,85410
0,2022-05-20,3767,sell,100.0,819.0,close,85410
0,2022-05-23,3744,buy,100.0,782.0,open_limit,83990
0,2022-05-23,3710,buy,500.0,198.0,open_limit,83460
0,2022-05-27,3744,sell,100.0,771.0,close,83990
0,2022-05-27,3710,sell,500.0,198.0,close,83460
0,2022-05-27,4110,sell,100.0,669.0,close,94050
0,2022-05-30,3610,buy,100.0,909.0,open_limit,81410
0,2022-05-30,3401,buy,100.0,898.0,open_limit,78400
0,2022-05-30,4110,buy,100.0,672.0,open_limit,94050
0,2022-06-03,4110,sell,100.0,665.0,close,94050
0,2022-06-06,3737,buy,100.0,803.0,open_limit,83870
0,2022-06-10,3610,sell,100.0,887.0,close,81410
0,2022-06-13,3610,buy,100.0,880.0,open_limit,81410
0,2022-06-17,3401,sell,100.0,882.0,close,78400
0,2022-06-20,1412,buy,200.0,423.0,open_limit,42200
0,2022-06-24,3610,sell,100.0,880.0,close,81410
0,2022-06-24,1412,sell,200.0,424.0,close,42200
0,2022-06-27,223,buy,100.0,706.0,open_limit,19760
0,2022-06-27,154,buy,100.0,715.0,open_limit,18790
0,2022-07-01,3737,sell,100.0,833.0,close,83870
0,2022-07-01,223,sell,100.0,695.0,close,19760
0,2022-07-04,861,buy,100.0,889.0,open_limit,33210
0,2022-07-04,2563,buy,100.0,978.0,open_limit,64860
0,2022-07-08,154,sell,100.0,717.0,close,18790
0,2022-07-08,2563,sell,100.0,972.0,close,64860
0,2022-07-11,154,buy,100.0,729.0,open_limit,18790
0,2022-07-11,820,buy,300.0,295.0,open_limit,32420
0,2022-07-15,154,sell,100.0,731.0,close,18790
0,2022-07-15,820,sell,300.0,299.0,close,32420
0,2022-07-15,861,sell,100.0,878.0,close,33210
0,2022-07-19,2103,buy,100.0,939.0,open_limit,56320
0,2022-07-19,3788,buy,300.0,310.0,open_limit,86000
0,2022-07-19,3073,buy,100.0,705.0,open_limit,72830
0,2022-07-22,3073,sell,100.0,723.0,close,72830
0,2022-07-22,3788,sell,300.0,314.0,close,86000
0,2022-07-22,2103,sell,100.0,948.0,close,56320
0,2022-07-25,3610,buy,100.0,906.0,open_limit,81410
0,2022-07-25,3854,buy,100.0,673.0,open_limit,88600
0,2022-07-25,3401,buy,100.0,931.0,open_limit,78400
0,2022-07-29,3854,sell,100.0,667.0,close,88600
0,2022-08-01,3737,buy,100.0,848.0,open_limit,83870
0,2022-08-05,3401,sell,100.0,914.0,close,78400
0,2022-08-05,3610,sell,100.0,953.0,close,81410
0,2022-08-08,3767,buy,100.0,852.0,open_limit,85410
0,2022-08-08,3744,buy,100.0,792.0,open_limit,83990
0,2022-08-12,3767,sell,100.0,856.0,close,85410
0,2022-08-15,154,buy,100.0,748.0,open_limit,18790
0,2022-08-19,3744,sell,100.0,782.0,close,83990
0,2022-08-22,2210,buy,100.0,640.0,open_limit,59590
0,2022-09-02,3737,sell,100.0,843.0,close,83870
0,2022-09-05,2558,buy,100.0,551.0,open_limit,64800
0,2022-09-09,2558,sell,100.0,565.0,close,64800
0,2022-09-12,3737,buy,100.0,852.0,open_limit,83870
0,2022-09-16,3737,sell,100.0,848.0,close,83870
0,2022-09-20,3073,buy,100.0,741.0,open_limit,72830
0,2022-09-22,154,sell,100.0,715.0,close,18790
0,2022-09-26,3045,buy,200.0,420.0,open_limit,72460
0,2022-09-30,3045,sell,200.0,394.0,close,72460
0,2022-10-07,3073,sell,100.0,707.0,close,72830
0,2022-10-11,223,buy,100.0,696.0,open_limit,19760
0,2022-10-11,154,buy,100.0,713.0,open_limit,18790
0,2022-10-14,2210,sell,100.0,647.0,close,59590
0,2022-10-14,223,sell,100.0,692.0,close,19760
0,2022-10-14,154,sell,100.0,698.0,close,18790
0,2022-10-17,3402,buy,100.0,731.0,open_limit,78410
0,2022-10-17,3073,buy,100.0,686.0,open_limit,72830
0,2022-10-17,2210,buy,100.0,642.0,open_limit,59590
0,2022-10-21,2210,sell,100.0,646.0,close,59590
0,2022-10-21,3402,sell,100.0,728.0,close,78410
0,2022-10-24,2069,buy,200.0,339.0,open_limit,55630
0,2022-10-24,2234,buy,100.0,681.0,open_limit,59920
0,2022-10-28,3073,sell,100.0,687.0,close,72830
0,2022-10-28,2234,sell,100.0,685.0,close,59920
0,2022-10-28,2069,sell,200.0,337.0,close,55630
0,2022-10-31,2325,buy,100.0,767.0,open_limit,61430
0,2022-10-31,3871,buy,200.0,397.0,open_limit,88970
0,2022-10-31,2069,buy,200.0,342.0,open_limit,55630
0,2022-11-04,2325,sell,100.0,759.0,close,61430
0,2022-11-04,2069,sell,200.0,350.0,close,55630
0,2022-11-04,3871,sell,200.0,382.0,close,88970
0,2022-11-07,154,buy,100.0,707.0,open_limit,18790
0,2022-11-07,3744,buy,100.0,765.0,open_limit,83990
0,2022-11-07,3871,buy,200.0,381.0,open_limit,88970
0,2022-11-11,154,sell,100.0,739.0,close,18790
0,2022-11-14,3830,buy,100.0,600.0,open_limit,87720
0,2022-11-18,3744,sell,100.0,769.0,close,83990
0,2022-11-21,3744,buy,100.0,771.0,open_limit,83990
0,2022-11-25,3744,sell,100.0,830.0,close,83990
0,2022-11-28,3073,buy,100.0,716.0,open_limit,72830
0,2022-12-02,3073,sell,100.0,698.0,close,72830
0,2022-12-02,3830,sell,100.0,600.0,close,87720
0,2022-12-05,4057,buy,200.0,489.0,open_limit,93100
0,2022-12-05,990,buy,100.0,974.0,open_limit,35460
0,2022-12-09,4057,sell,200.0,501.0,close,93100
0,2022-12-09,990,sell,100.0,984.0,close,35460
0,2022-12-12,1888,buy,100.0,847.0,open_limit,49920
0,2022-12-12,3045,buy,200.0,421.0,open_limit,72460
0,2022-12-16,1888,sell,100.0,859.0,close,49920
0,2022-12-16,3045,sell,200.0,427.0,close,72460
0,2022-12-19,1408,buy,100.0,507.0,open_limit,42150
0,2022-12-19,3206,buy,100.0,603.0,open_limit,75130
0,2022-12-23,1408,sell,100.0,502.0,close,42150
0,2022-12-23,3206,sell,100.0,592.0,close,75130
0,2022-12-23,3871,sell,200.0,366.0,close,88970
0,2022-12-26,3206,buy,100.0,597.0,open_limit,75130
0,2022-12-26,1888,buy,100.0,795.0,open_limit,49920
0,2022-12-26,154,buy,100.0,729.0,open_limit,18790
0,2022-12-30,1888,sell,100.0,813.0,close,49920
0,2023-01-04,1958,buy,100.0,952.0,open_limit,51950
0,2023-01-06,154,sell,100.0,749.0,close,18790
0,2023-01-06,3206,sell,100.0,574.0,close,75130
0,2023-01-10,1888,buy,100.0,797.0,open_limit,49920
0,2023-01-10,540,buy,100.0,703.0,open_limit,27340
0,2023-01-13,1888,sell,100.0,792.0,close,49920
0,2023-01-13,540,sell,100.0,723.0,close,27340
0,2023-01-13,1958,sell,100.0,944.0,close,51950
0,2023-01-16,1408,buy,100.0,505.0,open_limit,42150
0,2023-01-16,3684,buy,100.0,899.0,open_limit,82810
0,2023-01-16,3871,buy,200.0,373.0,open_limit,88970
0,2023-01-20,3684,sell,100.0,907.0,close,82810
0,2023-01-23,2460,buy,100.0,980.0,open_limit,63320
0,2023-01-27,1408,sell,100.0,518.0,close,42150
0,2023-01-27,2460,sell,100.0,999.0,close,63320
0,2023-01-30,540,buy,100.0,749.0,open_limit,27340
0,2023-01-30,3684,buy,100.0,926.0,open_limit,82810
0,2023-02-10,3871,sell,200.0,358.0,close,88970
0,2023-02-13,2210,buy,100.0,724.0,open_limit,59590
0,2023-02-17,3684,sell,100.0,956.0,close,82810
0,2023-02-20,3893,buy,100.0,980.0,open_limit,89350
0,2023-02-24,540,sell,100.0,725.0,close,27340
0,2023-02-27,840,buy,100.0,834.0,open_limit,32840
0,2023-03-03,840,sell,100.0,867.0,close,32840
0,2023-03-03,2210,sell,100.0,765.0,close,59590
0,2023-03-06,3206,buy,100.0,553.0,open_limit,75130
0,2023-03-06,540,buy,100.0,747.0,open_limit,27340
0,2023-03-10,540,sell,100.0,759.0,close,27340
0,2023-03-10,3893,sell,100.0,1021.0,close,89350
0,2023-03-13,1888,buy,100.0,850.0,open_limit,49920
0,2023-03-13,3874,buy,100.0,801.0,open_limit,89040
0,2023-03-17,3874,sell,100.0,797.0,close,89040
0,2023-03-17,3206,sell,100.0,543.0,close,75130
0,2023-03-20,3890,buy,100.0,956.0,open_limit,89310
0,2023-03-20,540,buy,100.0,733.0,open_limit,27340
0,2023-03-24,1888,sell,100.0,798.0,close,49920
0,2023-03-27,3874,buy,100.0,799.0,open_limit,89040
0,2023-03-31,3874,sell,100.0,806.0,close,89040
0,2023-03-31,3890,sell,100.0,988.0,close,89310
0,2023-03-31,540,sell,100.0,753.0,close,27340
0,2023-04-03,4168,buy,200.0,356.0,open_limit,95350
0,2023-04-03,877,buy,100.0,876.0,open_limit,33550
0,2023-04-03,197,buy,100.0,896.0,open_limit,19450
0,2023-04-07,877,sell,100.0,863.0,close,33550
0,2023-04-07,197,sell,100.0,870.0,close,19450
0,2023-04-10,3647,buy,100.0,653.0,open_limit,82030
0,2023-04-10,990,buy,100.0,971.0,open_limit,35460
0,2023-04-14,3647,sell,100.0,638.0,close,82030
0,2023-04-17,3854,buy,100.0,696.0,open_limit,88600
0,2023-04-21,4168,sell,200.0,358.0,close,95350
0,2023-04-24,540,buy,100.0,759.0,open_limit,27340
0,2023-04-28,990,sell,100.0,997.0,close,35460
0,2023-04-28,3854,sell,100.0,720.0,close,88600
0,2023-05-01,3737,buy,100.0,886.0,open_limit,83870
0,2023-05-01,3755,buy,200.0,398.0,open_limit,85080
0,2023-05-02,540,sell,100.0,772.0,close,27340
0,2023-05-08,1775,buy,100.0,500.0,open_limit,47650
0,2023-05-12,3755,sell,200.0,391.0,close,85080
0,2023-05-12,1775,sell,100.0,498.0,close,47650
0,2023-05-15,2558,buy,100.0,588.0,open_limit,64800
0,2023-05-19,2558,sell,100.0,585.0,close,64800
0,2023-05-22,3854,buy,100.0,704.0,open_limit,88600
0,2023-05-22,3861,buy,200.0,463.0,open_limit,88810
0,2023-05-26,3861,sell,200.0,460.0,close,88810
0,2023-05-26,3854,sell,100.0,689.0,close,88600
0,2023-05-29,3767,buy,100.0,811.0,open_limit,85410
0,2023-05-29,3744,buy,100.0,901.0,open_limit,83990
0,2023-06-02,3744,sell,100.0,918.0,close,83990
0,2023-06-12,3854,buy,100.0,688.0,open_limit,88600
0,2023-06-23,3737,sell,100.0,847.0,close,83870
0,2023-06-23,3854,sell,100.0,683.0,close,88600
0,2023-06-26,4064,buy,100.0,983.0,open_limit,93240
0,2023-06-26,4343,buy,100.0,960.0,open_limit,98960
0,2023-06-30,4064,sell,100.0,981.0,close,93240
0,2023-06-30,4343,sell,100.0,979.0,close,98960
0,2023-07-03,4057,buy,100.0,626.0,open_limit,93100
0,2023-07-03,3737,buy,100.0,856.0,open_limit,83870
0,2023-07-07,4057,sell,100.0,627.0,close,93100
0,2023-07-07,3737,sell,100.0,882.0,close,83870
0,2023-07-07,3767,sell,100.0,826.0,close,85410
0,2023-07-10,3647,buy,100.0,629.0,open_limit,82030
0,2023-07-10,4343,buy,100.0,987.0,open_limit,98960
0,2023-07-10,4280,buy,100.0,765.0,open_limit,97650
0,2023-07-14,4280,sell,100.0,809.0,close,97650
0,2023-07-14,3647,sell,100.0,625.0,close,82030
0,2023-07-14,4343,sell,100.0,970.0,close,98960
0,2023-07-18,3767,buy,100.0,820.0,open_limit,85410
0,2023-07-18,3737,buy,100.0,877.0,open_limit,83870
0,2023-07-18,4057,buy,100.0,615.0,open_limit,93100
0,2023-07-21,4057,sell,100.0,642.0,close,93100
0,2023-07-24,1348,buy,100.0,750.0,open_limit,40970
0,2023-07-28,1348,sell,100.0,762.0,close,40970
0,2023-07-31,1412,buy,100.0,679.0,open_limit,42200
0,2023-08-04,3737,sell,100.0,915.0,close,83870
0,2023-08-04,1412,sell,100.0,656.0,close,42200
0,2023-08-04,3767,sell,100.0,861.0,close,85410
0,2023-08-07,3767,buy,100.0,861.0,open_limit,85410
0,2023-08-07,4057,buy,100.0,630.0,open_limit,93100
0,2023-08-07,247,buy,100.0,746.0,open_limit,20600
0,2023-08-10,247,sell,100.0,786.0,close,20600
0,2023-08-14,3271,buy,200.0,479.0,open_limit,76180
0,2023-08-18,4057,sell,100.0,620.0,close,93100
0,2023-08-18,3271,sell,200.0,479.0,close,76180
0,2023-08-21,3854,buy,100.0,681.0,open_limit,88600
0,2023-08-21,4057,buy,100.0,622.0,open_limit,93100
0,2023-08-25,4057,sell,100.0,619.0,close,93100
0,2023-08-25,3854,sell,100.0,718.0,close,88600
0,2023-08-28,1680,buy,100.0,966.0,open_limit,46110
0,2023-08-28,2139,buy,100.0,709.0,open_limit,58090
0,2023-09-01,1680,sell,100.0,970.0,close,46110
0,2023-09-01,2139,sell,100.0,708.0,close,58090
0,2023-09-04,307,buy,100.0,678.0,open_limit,21980
0,2023-09-04,1637,buy,100.0,813.0,open_limit,45480
0,2023-09-08,3767,sell,100.0,953.0,close,85410
0,2023-09-11,760,buy,100.0,960.0,open_limit,31510
0,2023-09-15,760,sell,100.0,1017.0,close,31510
0,2023-09-15,307,sell,100.0,691.0,close,21980
0,2023-09-15,1637,sell,100.0,835.0,close,45480
0,2023-09-19,4043,buy,100.0,721.0,open_limit,92730
0,2023-09-19,3584,buy,100.0,675.0,open_limit,81030
0,2023-09-19,2210,buy,100.0,750.0,open_limit,59590
0,2023-09-22,2210,sell,100.0,746.0,close,59590
0,2023-09-25,1348,buy,100.0,772.0,open_limit,40970
0,2023-09-29,3584,sell,100.0,658.0,close,81030
0,2023-09-29,4043,sell,100.0,705.0,close,92730
0,2023-09-29,1348,sell,100.0,757.0,close,40970
0,2023-10-02,3481,buy,100.0,720.0,open_limit,79550
0,2023-10-02,1888,buy,100.0,960.0,open_limit,49920
0,2023-10-02,2141,buy,100.0,850.0,open_limit,58160
0,2023-10-06,2141,sell,100.0,810.0,close,58160
0,2023-10-10,4394,buy,100.0,953.0,open_limit,99910
0,2023-10-13,1888,sell,100.0,932.0,close,49920
0,2023-10-13,3481,sell,100.0,698.0,close,79550
0,2023-10-16,877,buy,100.0,880.0,open_limit,33550
0,2023-10-16,540,buy,100.0,728.0,open_limit,27340
0,2023-10-20,4394,sell,100.0,930.0,close,99910
0,2023-10-20,540,sell,100.0,721.0,close,27340
0,2023-10-20,877,sell,100.0,871.0,close,33550
0,2023-10-23,3481,buy,100.0,685.0,open_limit,79550
0,2023-10-23,540,buy,100.0,721.0,open_limit,27340
0,2023-10-23,4057,buy,100.0,651.0,open_limit,93100
0,2023-10-27,3481,sell,100.0,698.0,close,79550
0,2023-10-27,540,sell,100.0,730.0,close,27340
0,2023-10-30,3854,buy,100.0,709.0,open_limit,88600
0,2023-10-30,2139,buy,100.0,692.0,open_limit,58090
0,2023-11-02,4057,sell,100.0,672.0,close,93100
0,2023-11-02,2139,sell,100.0,694.0,close,58090
0,2023-11-02,3854,sell,100.0,711.0,close,88600
0,2023-11-06,4394,buy,100.0,956.0,open_limit,99910
0,2023-11-06,247,buy,100.0,769.0,open_limit,20600
0,2023-11-06,3684,buy,100.0,981.0,open_limit,82810
0,2023-11-10,247,sell,100.0,768.0,close,20600
0,2023-11-13,4057,buy,100.0,651.0,open_limit,93100
0,2023-11-17,3684,sell,100.0,934.0,close,82810
0,2023-11-20,3690,buy,200.0,434.0,open_limit,82910
0,2023-11-24,4057,sell,100.0,630.0,close,93100
0,2023-11-24,4394,sell,100.0,1019.0,close,99910
0,2023-11-24,3690,sell,200.0,443.0,close,82910
0,2023-11-27,197,buy,100.0,965.0,open_limit,19450
0,2023-11-27,3874,buy,100.0,852.0,open_limit,89040
0,2023-11-27,3855,buy,100.0,562.0,open_limit,88640
0,2023-12-01,3874,sell,100.0,858.0,close,89040
0,2023-12-01,197,sell,100.0,966.0,close,19450
0,2023-12-04,1745,buy,100.0,855.0,open_limit,47120
0,2023-12-04,3776,buy,100.0,763.0,open_limit,85630
0,2023-12-08,3776,sell,100.0,772.0,close,85630
0,2023-12-08,1745,sell,100.0,893.0,close,47120
0,2023-12-08,3855,sell,100.0,566.0,close,88640
0,2023-12-11,1637,buy,100.0,755.0,open_limit,45480
0,2023-12-11,996,buy,100.0,703.0,open_limit,35530
0,2023-12-11,1680,buy,100.0,984.0,open_limit,46110
0,2023-12-15,996,sell,100.0,712.0,close,35530
0,2023-12-15,1637,sell,100.0,741.0,close,45480
0,2023-12-18,3767,buy,100.0,961.0,open_limit,85410
0,2023-12-18,3737,buy,100.0,968.0,open_limit,83870
0,2023-12-29,3737,sell,100.0,960.0,close,83870
0,2023-12-29,3767,sell,100.0,1008.0,close,85410
0,2024-01-04,3690,buy,200.0,461.0,open_limit,82910
0,2024-01-04,2677,buy,100.0,632.0,open_limit,66440
0,2024-01-05,1680,sell,100.0,1080.0,close,46110
0,2024-01-05,2677,sell,100.0,649.0,close,66440
0,2024-01-09,540,buy,100.0,735.0,open_limit,27340
0,2024-01-09,2677,buy,100.0,653.0,open_limit,66440
0,2024-01-12,2677,sell,100.0,659.0,close,66440
0,2024-01-15,3684,buy,100.0,969.0,open_limit,82810
0,2024-01-19,3684,sell,100.0,954.0,close,82810
0,2024-01-19,540,sell,100.0,821.0,close,27340
0,2024-01-22,3854,buy,100.0,716.0,open_limit,88600
0,2024-01-22,1637,buy,100.0,765.0,open_limit,45480
0,2024-02-09,3854,sell,100.0,707.0,close,88600
0,2024-02-13,3854,buy,100.0,710.0,open_limit,88600
0,2024-02-16,3690,sell,200.0,499.0,close,82910
0,2024-02-16,1637,sell,100.0,753.0,close,45480
0,2024-02-19,815,buy,600.0,161.0,open_limit,32360
0,2024-02-19,4057,buy,100.0,611.0,open_limit,93100
0,2024-02-22,4057,sell,100.0,629.0,close,93100
0,2024-02-22,815,sell,600.0,163.0,close,32360
0,2024-02-26,3088,buy,100.0,848.0,open_limit,73150
0,2024-02-26,1348,buy,100.0,888.0,open_limit,40970
0,2024-03-01,1348,sell,100.0,867.0,close,40970
0,2024-03-01,3854,sell,100.0,732.0,close,88600
0,2024-03-04,4057,buy,100.0,625.0,open_limit,93100
0,2024-03-04,820,buy,200.0,396.0,open_limit,32420
0,2024-03-08,3088,sell,100.0,845.0,close,73150
0,2024-03-08,4057,sell,100.0,637.0,close,93100
0,2024-03-11,3854,buy,100.0,722.0,open_limit,88600
0,2024-03-11,3849,buy,100.0,770.0,open_limit,88440
0,2024-03-15,3849,sell,100.0,776.0,close,88440
0,2024-03-15,3854,sell,100.0,714.0,close,88600
0,2024-03-18,4057,buy,100.0,647.0,open_limit,93100
0,2024-03-18,765,buy,300.0,325.0,open_limit,31590
0,2024-03-22,4057,sell,100.0,671.0,close,93100
0,2024-03-22,820,sell,200.0,411.0,close,32420
0,2024-03-25,3481,buy,100.0,793.0,open_limit,79550
0,2024-03-25,2004,buy,100.0,805.0,open_limit,52880
0,2024-03-29,3481,sell,100.0,791.0,close,79550
0,2024-03-29,2004,sell,100.0,869.0,close,52880
0,2024-03-29,765,sell,300.0,335.0,close,31590
0,2024-04-01,996,buy,100.0,810.0,open_limit,35530
0,2024-04-01,765,buy,200.0,335.0,open_limit,31590
0,2024-04-01,3527,buy,100.0,747.0,open_limit,80180
0,2024-04-05,996,sell,100.0,801.0,close,35530
0,2024-04-05,3527,sell,100.0,716.0,close,80180
0,2024-04-08,3076,buy,100.0,530.0,open_limit,72910
0,2024-04-08,3046,buy,200.0,453.0,open_limit,72470
0,2024-04-12,3076,sell,100.0,528.0,close,72910
0,2024-04-12,765,sell,200.0,334.0,close,31590
0,2024-04-12,3046,sell,200.0,458.0,close,72470
0,2024-04-15,3967,buy,100.0,723.0,open_limit,91150
0,2024-04-15,4057,buy,100.0,687.0,open_limit,93100
0,2024-04-15,3493,buy,200.0,385.0,open_limit,79710
0,2024-04-19,4057,sell,100.0,704.0,close,93100
0,2024-04-19,3967,sell,100.0,716.0,close,91150
0,2024-04-22,3854,buy,100.0,735.0,open_limit,88600
0,2024-04-22,996,buy,100.0,785.0,open_limit,35530
0,2024-04-26,3493,sell,200.0,406.0,close,79710
0,2024-04-30,1745,buy,100.0,948.0,open_limit,47120
0,2024-05-02,1745,sell,100.0,970.0,close,47120
0,2024-05-02,996,sell,100.0,774.0,close,35530
0,2024-05-07,151,buy,100.0,989.0,open_limit,18710
0,2024-05-07,410,buy,200.0,428.0,open_limit,24180
0,2024-05-10,410,sell,200.0,479.0,close,24180
0,2024-05-10,3854,sell,100.0,798.0,close,88600
0,2024-05-10,151,sell,100.0,1005.0,close,18710
0,2024-05-13,1637,buy,100.0,738.0,open_limit,45480
0,2024-05-13,2210,buy,100.0,783.0,open_limit,59590
0,2024-05-13,3690,buy,100.0,538.0,open_limit,82910
0,2024-05-17,2210,sell,100.0,770.0,close,59590
0,2024-05-17,1637,sell,100.0,784.0,close,45480
0,2024-05-20,3854,buy,100.0,773.0,open_limit,88600
0,2024-05-20,3855,buy,100.0,599.0,open_limit,88640
0,2024-05-24,3690,sell,100.0,513.0,close,82910
0,2024-05-27,3861,buy,100.0,525.0,open_limit,88810
0,2024-05-31,3861,sell,100.0,525.0,close,88810
0,2024-05-31,3855,sell,100.0,602.0,close,88640
0,2024-06-03,3855,buy,100.0,603.0,open_limit,88640
0,2024-06-03,3849,buy,100.0,830.0,open_limit,88440
0,2024-06-07,3849,sell,100.0,790.0,close,88440
0,2024-06-07,3854,sell,100.0,739.0,close,88600
0,2024-06-07,3855,sell,100.0,599.0,close,88640
0,2024-06-10,3849,buy,100.0,797.0,open_limit,88440
0,2024-06-10,2208,buy,100.0,575.0,open_limit,59570
0,2024-06-10,3690,buy,100.0,515.0,open_limit,82910
0,2024-06-14,2208,sell,100.0,578.0,close,59570
0,2024-06-14,3849,sell,100.0,806.0,close,88440
0,2024-06-17,1880,buy,100.0,780.0,open_limit,49770
0,2024-06-17,3861,buy,100.0,522.0,open_limit,88810
0,2024-06-21,1880,sell,100.0,751.0,close,49770
0,2024-06-21,3861,sell,100.0,537.0,close,88810
0,2024-06-24,3493,buy,200.0,391.0,open_limit,79710
0,2024-06-24,179,buy,100.0,800.0,open_limit,19210
0,2024-06-28,3690,sell,100.0,506.0,close,82910
0,2024-06-28,179,sell,100.0,854.0,close,19210
0,2024-07-01,3584,buy,100.0,732.0,open_limit,81030
0,2024-07-01,2804,buy,100.0,684.0,open_limit,68580
0,2024-07-05,3584,sell,100.0,726.0,close,81030
0,2024-07-05,2804,sell,100.0,684.0,close,68580
0,2024-07-08,3043,buy,100.0,513.0,open_limit,72440
0,2024-07-08,3854,buy,100.0,794.0,open_limit,88600
0,2024-07-12,3043,sell,100.0,526.0,close,72440
0,2024-07-12,3493,sell,200.0,416.0,close,79710
0,2024-07-16,996,buy,100.0,807.0,open_limit,35530
0,2024-07-16,3967,buy,100.0,720.0,open_limit,91150
0,2024-07-19,3854,sell,100.0,814.0,close,88600
0,2024-07-19,3967,sell,100.0,700.0,close,91150
0,2024-07-22,3044,buy,100.0,614.0,open_limit,72450
0,2024-07-22,3804,buy,100.0,960.0,open_limit,86990
0,2024-07-26,3804,sell,100.0,946.0,close,86990
0,2024-07-26,996,sell,100.0,771.0,close,35530
0,2024-07-26,3044,sell,100.0,571.0,close,72450
0,2024-07-29,4394,buy,100.0,971.0,open_limit,99910
0,2024-07-29,4393,buy,100.0,796.0,open_limit,99900
0,2024-07-29,2210,buy,100.0,776.0,open_limit,59590
0,2024-08-02,4393,sell,100.0,758.0,close,99900
0,2024-08-02,2210,sell,100.0,728.0,close,59590
0,2024-08-05,3854,buy,100.0,691.0,open_limit,88600
0,2024-08-05,1429,buy,100.0,604.0,open_limit,42460
0,2024-08-09,4394,sell,100.0,883.0,close,99910
0,2024-08-09,1429,sell,100.0,679.0,close,42460
0,2024-08-13,3804,buy,100.0,899.0,open_limit,86990
0,2024-08-13,765,buy,300.0,321.0,open_limit,31590
0,2024-08-16,3804,sell,100.0,947.0,close,86990
0,2024-08-19,3855,buy,100.0,575.0,open_limit,88640
0,2024-08-23,3855,sell,100.0,583.0,close,88640
0,2024-08-26,2210,buy,100.0,753.0,open_limit,59590
0,2024-08-30,765,sell,300.0,325.0,close,31590
0,2024-09-02,3855,buy,100.0,587.0,open_limit,88640
0,2024-09-06,2210,sell,100.0,744.0,close,59590
0,2024-09-06,3854,sell,100.0,688.0,close,88600
0,2024-09-06,3855,sell,100.0,574.0,close,88640
0,2024-09-09,3849,buy,100.0,709.0,open_limit,88440
0,2024-09-09,3071,buy,100.0,930.0,open_limit,72800
0,2024-09-09,3967,buy,100.0,698.0,open_limit,91150
0,2024-09-13,3849,sell,100.0,728.0,close,88440
0,2024-09-13,3071,sell,100.0,910.0,close,72800
0,2024-09-13,3967,sell,100.0,717.0,close,91150
0,2024-09-17,3856,buy,100.0,943.0,open_limit,88690
0,2024-09-17,1429,buy,100.0,651.0,open_limit,42460
0,2024-09-17,1637,buy,100.0,805.0,open_limit,45480
0,2024-09-20,1637,sell,100.0,836.0,close,45480
0,2024-09-24,3967,buy,100.0,751.0,open_limit,91150
0,2024-10-04,3856,sell,100.0,1013.0,close,88690
0,2024-10-07,3179,buy,100.0,921.0,open_limit,74630
0,2024-10-11,3179,sell,100.0,911.0,close,74630
0,2024-10-15,3854,buy,100.0,710.0,open_limit,88600
0,2024-10-18,3854,sell,100.0,709.0,close,88600
0,2024-10-21,3855,buy,100.0,580.0,open_limit,88640
0,2024-10-25,3967,sell,100.0,676.0,close,91150
0,2024-10-25,1429,sell,100.0,616.0,close,42460
0,2024-10-25,3855,sell,100.0,568.0,close,88640
0,2024-10-28,3967,buy,100.0,669.0,open_limit,91150
0,2024-10-28,247,buy,100.0,810.0,open_limit,20600
0,2024-10-28,3883,buy,100.0,667.0,open_limit,89200
0,2024-11-01,3883,sell,100.0,680.0,close,89200
0,2024-11-01,3967,sell,100.0,711.0,close,91150
0,2024-11-05,4110,buy,100.0,619.0,open_limit,94050
0,2024-11-05,3776,buy,100.0,694.0,open_limit,85630
0,2024-11-08,3776,sell,100.0,712.0,close,85630
0,2024-11-08,247,sell,100.0,855.0,close,20600
0,2024-11-11,2231,buy,100.0,892.0,open_limit,59890
0,2024-11-11,3856,buy,100.0,977.0,open_limit,88690
0,2024-11-15,3856,sell,100.0,983.0,close,88690
0,2024-11-15,4110,sell,100.0,613.0,close,94050
0,2024-11-15,2231,sell,100.0,1040.0,close,59890
0,2024-11-18,3849,buy,100.0,782.0,open_limit,88440
0,2024-11-18,3854,buy,100.0,758.0,open_limit,88600
0,2024-11-18,2729,buy,100.0,530.0,open_limit,67420
0,2024-11-22,3849,sell,100.0,807.0,close,88440
0,2024-11-22,2729,sell,100.0,525.0,close,67420
0,2024-11-25,2729,buy,100.0,528.0,open_limit,67420
0,2024-11-25,3776,buy,100.0,704.0,open_limit,85630
0,2024-11-29,3776,sell,100.0,698.0,close,85630
0,2024-11-29,2729,sell,100.0,522.0,close,67420
0,2024-11-29,3854,sell,100.0,793.0,close,88600
0,2024-12-02,3967,buy,100.0,660.0,open_limit,91150
0,2024-12-02,3849,buy,100.0,804.0,open_limit,88440
0,2024-12-02,4394,buy,100.0,980.0,open_limit,99910
0,2024-12-06,3849,sell,100.0,812.0,close,88440
0,2024-12-06,3967,sell,100.0,671.0,close,91150
0,2024-12-09,3854,buy,100.0,791.0,open_limit,88600
0,2024-12-09,3849,buy,100.0,820.0,open_limit,88440
0,2024-12-13,3849,sell,100.0,810.0,close,88440
0,2024-12-13,4394,sell,100.0,982.0,close,99910
0,2024-12-13,3854,sell,100.0,776.0,close,88600
0,2024-12-16,3854,buy,100.0,776.0,open_limit,88600
0,2024-12-16,179,buy,100.0,933.0,open_limit,19210
0,2024-12-16,3013,buy,100.0,820.0,open_limit,71980
0,2024-12-20,3013,sell,100.0,807.0,close,71980
0,2024-12-23,4167,buy,100.0,530.0,open_limit,95340
0,2024-12-27,3854,sell,100.0,790.0,close,88600
0,2024-12-27,4167,sell,100.0,561.0,close,95340
0,2024-12-30,179,sell,100.0,993.0,close,19210
0,2025-01-06,3854,buy,100.0,803.0,open_limit,88600
0,2025-01-06,3849,buy,100.0,839.0,open_limit,88440
0,2025-01-06,3493,buy,200.0,467.0,open_limit,79710
0,2025-01-10,3849,sell,100.0,823.0,close,88440
0,2025-01-10,3493,sell,200.0,454.0,close,79710
0,2025-01-14,1429,buy,100.0,624.0,open_limit,42460
0,2025-01-14,1637,buy,100.0,781.0,open_limit,45480
0,2025-01-17,1637,sell,100.0,771.0,close,45480
0,2025-01-17,1429,sell,100.0,616.0,close,42460
0,2025-01-17,3854,sell,100.0,730.0,close,88600
0,2025-01-20,4167,buy,100.0,540.0,open_limit,95340
0,2025-01-20,3849,buy,100.0,847.0,open_limit,88440
0,2025-01-20,4394,buy,100.0,983.0,open_limit,99910
0,2025-01-31,3849,sell,100.0,893.0,close,88440
0,2025-02-03,1429,buy,100.0,636.0,open_limit,42460
0,2025-02-14,4394,sell,100.0,1017.0,close,99910
0,2025-02-17,3855,buy,100.0,597.0,open_limit,88640
0,2025-02-21,4167,sell,100.0,503.0,close,95340
0,2025-02-25,2038,buy,100.0,748.0,open_limit,54080
0,2025-02-28,2038,sell,100.0,767.0,close,54080
0,2025-02-28,3855,sell,100.0,610.0,close,88640
0,2025-03-03,2024,buy,200.0,451.0,open_limit,53630
0,2025-03-03,2208,buy,100.0,586.0,open_limit,59570
0,2025-03-07,2024,sell,200.0,485.0,close,53630
0,2025-03-07,2208,sell,100.0,581.0,close,59570
0,2025-03-10,3855,buy,100.0,616.0,open_limit,88640
0,2025-03-10,4167,buy,100.0,519.0,open_limit,95340
0,2025-03-14,1429,sell,100.0,617.0,close,42460
0,2025-03-14,4167,sell,100.0,520.0,close,95340
0,2025-03-17,1429,buy,100.0,619.0,open_limit,42460
0,2025-03-17,3493,buy,200.0,471.0,open_limit,79710
0,2025-03-21,1429,sell,100.0,630.0,close,42460
0,2025-03-24,832,buy,300.0,258.0,open_limit,32640
0,2025-03-28,3855,sell,100.0,626.0,close,88640
0,2025-03-31,4167,buy,100.0,512.0,open_limit,95340
0,2025-04-04,832,sell,300.0,258.0,close,32640
0,2025-04-04,3493,sell,200.0,446.0,close,79710
0,2025-04-07,1012,buy,100.0,690.0,open_limit,35800
0,2025-04-07,3855,buy,100.0,560.0,open_limit,88640
0,2025-04-11,1012,sell,100.0,758.0,close,35800
0,2025-04-11,4167,sell,100.0,503.0,close,95340
0,2025-04-14,4343,buy,100.0,973.0,open_limit,98960
0,2025-04-14,247,buy,100.0,862.0,open_limit,20600
0,2025-04-18,3855,sell,100.0,640.0,close,88640
0,2025-04-18,247,sell,100.0,899.0,close,20600
0,2025-04-21,3804,buy,100.0,934.0,open_limit,86990
0,2025-04-21,1012,buy,100.0,775.0,open_limit,35800
0,2025-04-25,3804,sell,100.0,940.0,close,86990
0,2025-04-25,4343,sell,100.0,1019.0,close,98960
0,2025-04-28,3854,buy,100.0,685.0,open_limit,88600
0,2025-04-28,4115,buy,100.0,895.0,open_limit,94140
0,2025-05-02,4115,sell,100.0,897.0,close,94140
0,2025-05-02,3854,sell,100.0,686.0,close,88600
0,2025-05-07,4115,buy,100.0,897.0,open_limit,94140
0,2025-05-07,4168,buy,200.0,351.0,open_limit,95350
0,2025-05-09,4168,sell,200.0,354.0,close,95350
0,2025-05-09,4115,sell,100.0,903.0,close,94140
0,2025-05-09,1012,sell,100.0,734.0,close,35800
0,2025-05-12,3854,buy,100.0,692.0,open_limit,88600
0,2025-05-12,3687,buy,200.0,336.0,open_limit,82850
0,2025-05-12,1429,buy,100.0,568.0,open_limit,42460
0,2025-05-16,1429,sell,100.0,635.0,close,42460
0,2025-05-19,4167,buy,100.0,537.0,open_limit,95340
0,2025-05-23,3687,sell,200.0,328.0,close,82850
0,2025-05-23,4167,sell,100.0,546.0,close,95340
0,2025-05-26,4110,buy,100.0,661.0,open_limit,94050
0,2025-05-26,3561,buy,100.0,723.0,open_limit,80700
0,2025-05-30,3561,sell,100.0,755.0,close,80700
0,2025-06-02,4167,buy,100.0,545.0,open_limit,95340
0,2025-06-06,3854,sell,100.0,677.0,close,88600
0,2025-06-06,4167,sell,100.0,555.0,close,95340
0,2025-06-09,3854,buy,100.0,680.0,open_limit,88600
0,2025-06-09,3071,buy,100.0,811.0,open_limit,72800
0,2025-06-13,3854,sell,100.0,667.0,close,88600
0,2025-06-16,2729,buy,200.0,482.0,open_limit,67420
0,2025-06-20,4110,sell,100.0,695.0,close,94050
0,2025-06-20,3071,sell,100.0,794.0,close,72800
0,2025-06-23,3493,buy,100.0,499.0,open_limit,79710
0,2025-06-23,3772,buy,200.0,389.0,open_limit,85500
0,2025-06-27,3772,sell,200.0,402.0,close,85500
0,2025-06-30,1429,buy,100.0,653.0,open_limit,42460
0,2025-07-04,3493,sell,100.0,494.0,close,79710
0,2025-07-04,1429,sell,100.0,663.0,close,42460
0,2025-07-07,3561,buy,100.0,770.0,open_limit,80700
0,2025-07-07,3895,buy,100.0,884.0,open_limit,89400
0,2025-07-11,2729,sell,200.0,500.0,close,67420
0,2025-07-11,3561,sell,100.0,768.0,close,80700
0,2025-07-11,3895,sell,100.0,918.0,close,89400
0,2025-07-14,3493,buy,100.0,493.0,open_limit,79710
0,2025-07-14,3854,buy,100.0,677.0,open_limit,88600
0,2025-07-14,3855,buy,100.0,827.0,open_limit,88640
0,2025-07-18,3493,sell,100.0,487.0,close,79710
0,2025-07-18,3854,sell,100.0,677.0,close,88600
0,2025-07-18,3855,sell,100.0,857.0,close,88640
0,2025-07-22,2729,buy,200.0,489.0,open_limit,67420
0,2025-07-22,3071,buy,100.0,825.0,open_limit,72800
0,2025-07-22,3854,buy,100.0,678.0,open_limit,88600
0,2025-07-25,3071,sell,100.0,870.0,close,72800
0,2025-07-28,3690,buy,100.0,503.0,open_limit,82910
0,2025-08-08,3854,sell,100.0,753.0,close,88600
0,2025-08-12,2819,buy,100.0,791.0,open_limit,68790
0,2025-08-15,2729,sell,200.0,521.0,close,67420
0,2025-08-18,4110,buy,100.0,724.0,open_limit,94050
0,2025-08-22,4110,sell,100.0,751.0,close,94050
0,2025-08-25,4043,buy,100.0,764.0,open_limit,92730
0,2025-08-29,2819,sell,100.0,791.0,close,68790
0,2025-09-01,2729,buy,100.0,530.0,open_limit,67420
0,2025-09-05,3690,sell,100.0,509.0,close,82910
0,2025-09-08,3579,buy,100.0,521.0,open_limit,80950
0,2025-09-12,2729,sell,100.0,540.0,close,67420
0,2025-09-12,4043,sell,100.0,788.0,close,92730
0,2025-09-16,2208,buy,100.0,647.0,open_limit,59570
0,2025-09-16,3854,buy,100.0,811.0,open_limit,88600
0,2025-09-26,2208,sell,100.0,654.0,close,59570
0,2025-09-26,3579,sell,100.0,538.0,close,80950
