コード,銘柄名,市場,現在値,前日比(%)
1301,極洋,東P,"4,490","-10.0 (-0.22%) "
1332,ニッスイ,東P,"1,101.5","+3.5 (+0.32%) "
1333,Ｕｍｉｏｓ,東P,"1,207","-2.5 (-0.21%) "
1375,ユキグニファクトリー,東P,"1,135","-1.0 (-0.09%) "
1376,カネコ種苗,東S,"1,520","-16.0 (-1.04%) "
1377,サカタのタネ,東P,"4,230","-25.0 (-0.59%) "
1379,ホクト,東P,"2,011","-7.0 (-0.35%) "
1407,ウエストＨＬＤＧ,東S,"2,215","-2.0 (-0.09%) "
1414,ショーボンドＨＬＤＧ,東P,"1,225","-22.0 (-1.76%) "
1417,ミライト・ワン,東P,"3,452","+11.0 (+0.32%) "
1418,インターライフＨＬＤＧ,東S,"599","-5.0 (-0.83%) "
1419,タマホーム,東P,"2,860","-29.0 (-1.00%) "
141A,トライアルＨＬＤＧ,東G,"3,865","+115.0 (+3.07%) "
1429,日本アクア,東P,"787","-10.0 (-1.25%) "
1434,ＪＥＳＣＯ　ＨＬＤＧ,東S,"1,619","+6.0 (+0.37%) "
1435,ｒｏｂｏｔ　ｈｏｍｅ,東S,"167","0.0 (0.00%) "
1447,ＳＡＡＦＨＬＤＧ,東G,"318","+3.0 (+0.95%) "
1514,住石ＨＬＤＧ,東S,"623","+6.0 (+0.97%) "
1515,日鉄鉱業,東P,"3,170","-20.0 (-0.63%) "
1518,三井松島ＨＬＤＧ,東P,"2,231","+24.0 (+1.09%) "
156A,マテリアルグループ,東G,"850","0.0 (0.00%) "
1605,ＩＮＰＥＸ,東P,"3,661","-35.0 (-0.95%) "
1662,石油資源開発,東P,"1,720","-34.0 (-1.94%) "
1663,Ｋ＆Ｏエナジーグループ,東P,"1,890","-4.0 (-0.21%) "
166A,タスキＨＬＤＧ,東P,"981","+9.0 (+0.93%) "
167A,リョーサン菱洋ＨＬＤＧ,東P,"3,250","+40.0 (+1.25%) "
1716,第一カッター興業,東S,"1,326","-10.0 (-0.75%) "
1717,明豊ファシリティワークス,東S,"921","-7.0 (-0.75%) "
1719,安藤・間,東P,"1,753","-22.5 (-1.27%) "
1720,東急建設,東P,"1,182","-5.0 (-0.42%) "
1721,コムシスＨＬＤＧ,東P,"5,511","+24.0 (+0.44%) "
1723,日本電技,東S,"2,213","+88.0 (+4.14%) "
1762,高松コンストラクショングループ,東P,"3,960","-80.0 (-1.98%) "
1766,東建コーポレーション,東P,"12,800","-70.0 (-0.54%) "
1780,ヤマウラ,東P,"1,428","+2.0 (+0.14%) "
1786,オリエンタル白石,東P,"332","-4.0 (-1.19%) "
1801,大成建設,東P,"12,095","-15.0 (-0.12%) "
1802,大林組,東P,"2,948.5","-16.5 (-0.56%) "
1803,清水建設,東P,"2,110","+20.5 (+0.98%) "
1808,長谷工コーポレーション,東P,"2,575.5","-14.0 (-0.54%) "
1810,松井建設,東S,"1,391","+3.0 (+0.22%) "
1811,錢高組,東S,"7,360","-50.0 (-0.67%) "
1812,鹿島建設,東P,"4,838","-46.0 (-0.94%) "
1813,不動テトラ,東P,"2,835","-85.0 (-2.91%) "
1814,大末建設,東P,"3,465","-10.0 (-0.29%) "
1815,鉄建建設,東P,"2,220","-50.0 (-2.20%) "
1820,西松建設,東P,"5,235","-64.0 (-1.21%) "
1822,大豊建設,東S,"804","0.0 (0.00%) "
1826,佐田建設,東S,"1,060","0.0 (0.00%) "
1827,ナカノフドー建設,東S,"1,409","-11.0 (-0.77%) "
1833,奥村組,東P,"5,330","-30.0 (-0.56%) "
1835,東鉄工業,東P,"3,770","-10.0 (-0.26%) "
1844,大盛工業,東S,"424","-6.0 (-1.40%) "
1847,イチケン,東S,"3,350","+10.0 (+0.30%) "
1852,淺沼組,東P,"851","-13.0 (-1.50%) "
1860,戸田建設,東P,"1,383.5","-20.5 (-1.46%) "
1861,熊谷組,東P,"1,235","-8.0 (-0.64%) "
186A,アストロスケールＨＬＤＧ,東G,"1,233","+41.0 (+3.44%) "
1870,矢作建設工業,東P,"2,052","-34.0 (-1.63%) "
1871,ピーエス・コンストラクション,東P,"2,041","-41.0 (-1.97%) "
1873,日本ハウスＨＬＤＧ,東P,"309","+2.0 (+0.65%) "
1878,大東建託,東P,"3,099","-11.0 (-0.35%) "
1879,新日本建設,東P,"2,190","-13.0 (-0.59%) "
1882,東亜道路工業,東P,"1,542","-15.0 (-0.96%) "
1885,東亜建設工業,東P,"2,069","-16.0 (-0.77%) "
1887,日本国土開発,東P,"518","-5.0 (-0.96%) "
1888,若築建設,東P,"3,580","-40.0 (-1.10%) "
1893,五洋建設,東P,"1,429","-20.0 (-1.38%) "
1898,世紀東急工業,東P,"1,434","-8.0 (-0.55%) "
1899,福田組,東P,"4,790","+55.0 (+1.16%) "
1911,住友林業,東P,"1,177.5","-3.0 (-0.25%) "
1914,日本基礎技術,東S,"799","+1.0 (+0.13%) "
1921,巴コーポレーション,東S,"2,065","+79.0 (+3.98%) "
1925,大和ハウス工業,東P,"2,154","+9.5 (+0.44%) "
1926,ライト工業,東P,"950","-2.0 (-0.21%) "
1928,積水ハウス,東P,"3,313","+3.0 (+0.09%) "
1929,日特建設,東P,"1,166","-22.0 (-1.85%) "
1930,北陸電気工事,東P,"1,526","-12.0 (-0.78%) "
1934,ユアテック,東P,"2,499","-18.0 (-0.72%) "
1938,日本リーテック,東P,"2,526","-18.0 (-0.71%) "
1939,四電工,東P,"2,225","-8.0 (-0.36%) "
1941,中電工,東P,"5,110","+30.0 (+0.59%) "
1942,関電工,東P,"5,522","+6.0 (+0.11%) "
1944,きんでん,東P,"6,860","+22.0 (+0.32%) "
1945,東京エネシス,東P,"2,116","+28.0 (+1.34%) "
1946,トーエネック,東P,"2,146","+18.0 (+0.85%) "
1950,日本電設工業,東P,"3,920","-15.0 (-0.38%) "
1951,エクシオグループ,東P,"2,534","+12.5 (+0.50%) "
1952,新日本空調,東P,"3,115","+15.0 (+0.48%) "
1959,クラフティア,東P,"7,970","-23.0 (-0.29%) "
1961,三機工業,東P,"2,674","+27.0 (+1.02%) "
1963,日揮ＨＬＤＧ,東P,"2,254.5","+9.0 (+0.40%) "
1964,中外炉工業,東P,"3,800","-5.0 (-0.13%) "
1967,ヤマト,東S,"2,136","-11.0 (-0.51%) "
1968,太平電業,東P,"2,434","+8.0 (+0.33%) "
1969,高砂熱学工業,東P,"4,652","-9.0 (-0.19%) "
1972,三晃金属工業,東S,"1,265","-15.0 (-1.17%) "
1975,朝日工業社,東P,"3,870","+35.0 (+0.91%) "
1976,明星工業,東P,"1,695","+4.0 (+0.24%) "
1979,大氣社,東P,"3,805","+30.0 (+0.79%) "
197A,タウンズ,東S,"512","+3.0 (+0.59%) "
1980,ダイダン,東P,"3,020","+50.0 (+1.68%) "
1982,日比谷総合設備,東P,"3,210","+15.0 (+0.47%) "
2001,ニップン,東P,"2,786","+19.0 (+0.69%) "
2002,日清製粉グループ本社,東P,"1,962","+8.0 (+0.41%) "
2003,日東富士製粉,東S,"1,854","+15.0 (+0.82%) "
2004,昭和産業,東P,"3,695","+5.0 (+0.14%) "
2009,鳥越製粉,東S,"1,125","-3.0 (-0.27%) "
2053,中部飼料,東P,"1,938","+36.0 (+1.89%) "
2060,フィード・ワン,東P,"1,409","+14.0 (+1.00%) "
208A,構造計画研究所ＨＬＤＧ,東S,"2,829","-7.0 (-0.25%) "
2108,ニッテン,東P,"1,797","+4.0 (+0.22%) "
2109,ＤＭ三井製糖,東P,"3,745","-25.0 (-0.66%) "
2112,塩水港精糖,東S,"442","0.0 (0.00%) "
2117,ウェルネオシュガー,東P,"2,706","-48.0 (-1.74%) "
2121,ＭＩＸＩ,東P,"3,690","-5.0 (-0.14%) "
2124,ジェイエイシーリクルートメント,東P,"1,038","-15.0 (-1.42%) "
2127,日本Ｍ＆ＡセンターＨＬＤＧ,東P,"609.9","-3.6 (-0.59%) "
212A,フィットイージー,東P,"2,779","+44.0 (+1.61%) "
2130,メンバーズ,東P,"691","0.0 (0.00%) "
2138,クルーズ,東S,"414","-7.0 (-1.66%) "
2146,ＵＴグループ,東P,"238","-1.0 (-0.42%) "
2148,アイティメディア,東P,"1,107","-9.0 (-0.81%) "
2153,Ｅ・Ｊ　ＨＬＤＧ,東P,"1,850","-6.0 (-0.32%) "
2154,オープンアップグループ,東P,"1,966","-29.0 (-1.45%) "
2157,コシダカＨＬＤＧ,東P,"975","+2.0 (+0.21%) "
2158,ＦＲＯＮＴＥＯ,東G,"668","-10.0 (-1.47%) "
215A,タイミー,東G,"1,392","+15.0 (+1.09%) "
2160,ジーエヌアイグループ,東G,"3,455","+150.0 (+4.54%) "
2163,アルトナー,東P,"923","-7.0 (-0.75%) "
2168,パソナグループ,東P,"1,478","-14.0 (-0.94%) "
2169,ＣＤＳ,東S,"1,730","-31.0 (-1.76%) "
2170,リンクアンドモチベーション,東P,"616","-9.0 (-1.44%) "
2173,博展,東G,"782","+1.0 (+0.13%) "
2175,エス・エム・エス,東P,"2,596","+28.0 (+1.09%) "
2181,パーソルＨＬＤＧ,東P,"276.7","-2.7 (-0.97%) "
2183,リニカル,東S,"201","-1.0 (-0.50%) "
2193,クックパッド,東S,"122","+1.0 (+0.83%) "
2198,アイ・ケイ・ケイＨＬＤＧ,東P,"750","-3.0 (-0.40%) "
2201,森永製菓,東P,"2,354.5","+18.0 (+0.77%) "
2206,江崎グリコ,東P,"5,020","+39.0 (+0.78%) "
2207,ｍｅｉｔｏ,東P,"3,330","+20.0 (+0.60%) "
2208,ブルボン,東S,"3,015","0.0 (0.00%) "
2209,井村屋グループ,東P,"2,271","-4.0 (-0.18%) "
2211,不二家,東P,"2,463","+3.0 (+0.12%) "
2212,山崎製パン,東P,"3,526","0.0 (0.00%) "
2215,第一屋製パン,東S,"616","+3.0 (+0.49%) "
2217,モロゾフ,東P,"1,457","-2.0 (-0.14%) "
2220,亀田製菓,東P,"1,211","-10.0 (-0.82%) "
2222,寿スピリッツ,東P,"2,423.5","+18.5 (+0.77%) "
2229,カルビー,東P,"3,016","+14.0 (+0.47%) "
2264,森永乳業,東P,"1,042","+1.5 (+0.14%) "
2266,六甲バター,東P,"1,079","-1.0 (-0.09%) "
2267,ヤクルト本社,東P,"2,727.5","+7.5 (+0.28%) "
2269,明治ＨＬＤＧ,東P,"4,094","+35.0 (+0.86%) "
2270,雪印メグミルク,東P,"3,490","-5.0 (-0.14%) "
2281,プリマハム,東P,"2,272","-5.0 (-0.22%) "
2282,日本ハム,東P,"1,984","-13.0 (-0.65%) "
2288,丸大食品,東P,"2,125","+6.0 (+0.28%) "
2292,Ｓ　ＦＯＯＤＳ,東P,"2,652","+3.0 (+0.11%) "
2294,柿安本店,東P,"2,460","-8.0 (-0.32%) "
2296,伊藤ハム米久ＨＬＤＧ,東P,"4,795","-10.0 (-0.21%) "
2301,学情,東P,"1,695","-12.0 (-0.70%) "
2305,スタジオアリス,東S,"1,801","-11.0 (-0.61%) "
2307,クロスキャット,東P,"1,052","+10.0 (+0.96%) "
2317,システナ,東P,"422","-2.0 (-0.47%) "
2326,デジタルアーツ,東P,"5,210","+130.0 (+2.56%) "
2327,日鉄ソリューションズ,東P,"3,709","-112.0 (-2.93%) "
2329,東北新社,東S,"479","-8.0 (-1.64%) "
2331,ＡＬＳＯＫ,東P,"1,158.5","+1.5 (+0.13%) "
2335,キューブシステム,東P,"1,011","-11.0 (-1.08%) "
2337,いちご,東P,"379","+3.0 (+0.80%) "
2353,日本駐車場開発,東P,"256","0.0 (0.00%) "
2354,ＹＥ　ＤＩＧＩＴＡＬ,東S,"1,195","-1.0 (-0.08%) "
2359,コア,東P,"2,010","-32.0 (-1.57%) "
2371,カカクコム,東P,"3,810","0.0 (0.00%) "
2375,ギグワークス,東S,"210","-4.0 (-1.87%) "
2378,ルネサンス,東P,"974","-20.0 (-2.01%) "
2379,ディップ,東P,"1,761","-23.0 (-1.29%) "
2384,ＳＢＳ　ＨＬＤＧ,東P,"5,160","+50.0 (+0.98%) "
2391,プラネット,東S,"1,167","+1.0 (+0.09%) "
2393,日本ケアサプライ,東S,"4,355","-20.0 (-0.46%) "
2395,新日本科学,東P,"1,315","+22.0 (+1.70%) "
2410,キャリアデザインセンター,東P,"2,532","-28.0 (-1.09%) "
2413,エムスリー,東P,"1,763.5","+10.5 (+0.60%) "
2418,ツカダ・グローバルＨＬＤＧ,東S,"577","-3.0 (-0.52%) "
2428,ウェルネット,東S,"616","-3.0 (-0.48%) "
2429,ワールドＨＬＤＧ,東P,"2,805","-46.0 (-1.61%) "
2432,ディー・エヌ・エー,東P,"2,492","-40.0 (-1.58%) "
2433,博報堂ＤＹ　ＨＬＤＧ,東P,"1,285","-13.0 (-1.00%) "
2435,シダー,東S,"204","-1.0 (-0.49%) "
2438,アスカネット,東G,"338","-3.0 (-0.88%) "
2445,タカミヤ,東S,"381","-4.0 (-1.04%) "
244A,グロースエクスパートナーズ,東G,"1,252","-11.0 (-0.87%) "
2461,ファンコミュニケーションズ,東P,"380","-3.0 (-0.78%) "
2462,ライク,東P,"1,482","-14.0 (-0.94%) "
2469,ヒビノ,東S,"1,325","+5.0 (+0.38%) "
246A,アスア,東G,"1,100","-18.0 (-1.61%) "
2471,エスプール,東P,"271","+6.0 (+2.26%) "
2475,ＷＤＢ　ＨＬＤＧ,東P,"1,719","+5.0 (+0.29%) "
2477,手間いらず,東S,"3,215","+55.0 (+1.74%) "
2479,ジェイテック,東S,"252","0.0 (0.00%) "
247A,Ａｉロボティクス,東G,"920","-30.0 (-3.16%) "
2484,出前館,東S,"154","+1.0 (+0.65%) "
2488,ＪＴＰ,東S,"1,401","+14.0 (+1.01%) "
2489,アドウェイズ,東S,"423","-1.0 (-0.24%) "
2491,バリューコマース,東P,"449","+1.0 (+0.22%) "
2492,インフォマート,東P,"733","-5.0 (-0.68%) "
2497,ユナイテッド,東G,"490","-5.0 (-1.01%) "
2501,サッポロビール,東P,"1,872","+33.0 (+1.79%) "
2502,アサヒグループＨＬＤＧ,東P,"1,584.5","+12.5 (+0.80%) "
2503,キリンＨＬＤＧ,東P,"2,818.5","+13.5 (+0.48%) "
250A,シマダヤ,東S,"1,529","-3.0 (-0.20%) "
2531,宝ＨＬＤＧ,東P,"2,646.5","+46.5 (+1.79%) "
2533,オエノンＨＬＤＧ,東P,"470","-5.0 (-1.05%) "
254A,ＡＩ　フュージョンキャピタルグ,東S,"1,150","+10.0 (+0.88%) "
255A,ジーエルテクノＨＬＤＧ,東S,"5,670","+180.0 (+3.28%) "
256A,飛島ＨＬＤＧ,東P,"2,275","-4.0 (-0.18%) "
2579,コカ・コーラボトラーズＪＰＨＤ,東P,"3,773","-13.0 (-0.34%) "
2585,ライフドリンク　カンパニー,東P,"1,305","-20.0 (-1.51%) "
2587,サントリービバレッジ＆フード,東P,"4,502","+36.0 (+0.81%) "
2590,ダイドーグループＨＬＤＧ,東P,"2,857","+5.0 (+0.18%) "
2593,伊藤園,東P,"3,088","+3.0 (+0.10%) "
2594,キーコーヒー,東P,"1,941","+1.0 (+0.05%) "
2602,日清オイリオグループ,東P,"1,994","+8.0 (+0.40%) "
2607,不二製油,東P,"4,297","+71.0 (+1.68%) "
2613,Ｊ―オイルミルズ,東P,"2,162","-6.0 (-0.28%) "
262A,インターメスティック,東P,"1,671","+9.0 (+0.54%) "
264A,Ｓｃｈｏｏ,東G,"285","-5.0 (-1.72%) "
2652,まんだらけ,東S,"415","+10.0 (+2.47%) "
2659,サンエー,東P,"3,210","+20.0 (+0.63%) "
265A,Ｈｍｃｏｍｍ,東G,"761","-5.0 (-0.65%) "
2664,カワチ薬品,東P,"3,810","+20.0 (+0.53%) "
2670,エービーシー・マート,東P,"2,710","+43.5 (+1.63%) "
2674,ハードオフコーポレーション,東P,"2,540","+12.0 (+0.47%) "
2678,アスクル,東P,"1,191","-7.0 (-0.58%) "
2681,セカンドリテイリング,東P,"2,245","+8.0 (+0.36%) "
2685,アンドエスティＨＤ,東P,"3,020","+32.0 (+1.07%) "
268A,リガク・ＨＬＤＧ,東P,"1,857","+62.0 (+3.45%) "
2695,くら寿司,東P,"1,675","-7.0 (-0.42%) "
2698,キャンドゥ,東S,"3,220","-5.0 (-0.16%) "
2700,木徳神糧,東S,"1,765","-8.0 (-0.45%) "
2702,日本マクドナルドＨＬＤＧ,東S,"7,450","+10.0 (+0.13%) "
2705,大戸屋ＨＬＤＧ,東S,"8,770","+90.0 (+1.04%) "
2726,パルグループＨＬＤＧ,東P,"1,411","+12.0 (+0.86%) "
2730,エディオン,東P,"2,403","+44.0 (+1.87%) "
2733,あらた,東P,"2,490","-33.0 (-1.31%) "
2734,サーラコーポレーション,東P,"1,168","-8.0 (-0.68%) "
2735,ワッツ,東S,"720","-5.0 (-0.69%) "
2737,トーメンデバイス,東P,"36,650","-450.0 (-1.21%) "
2742,ハローズ,東P,"3,640","-20.0 (-0.55%) "
2749,ＪＰ　ＨＬＤＧ,東P,"637","+6.0 (+0.95%) "
2752,フジオフードグループ本社,東P,"1,150","+1.0 (+0.09%) "
2753,あみやき亭,東P,"1,334","-41.0 (-2.98%) "
2760,東京エレクトロン　デバイス,東P,"4,630","+80.0 (+1.76%) "
2764,ひらまつ,東S,"158","-1.0 (-0.63%) "
2767,円谷フィールズＨＬＤＧ,東P,"2,425","-90.0 (-3.58%) "
2768,双日,東P,"5,498","-37.0 (-0.67%) "
2780,コメ兵ＨＬＤＧ,東S,"4,525","+45.0 (+1.00%) "
2782,セリア,東S,"4,470","-5.0 (-0.11%) "
2784,アルフレッサＨＬＤＧ,東P,"2,226","+5.5 (+0.25%) "
2788,アップルインターナショナル,東S,"410","+8.0 (+1.99%) "
2790,ナフコ,東S,"2,019","+29.0 (+1.46%) "
2791,大黒天物産,東P,"4,300","-40.0 (-0.92%) "
2792,ハニーズＨＬＤＧ,東P,"1,376","-4.0 (-0.29%) "
2801,キッコーマン,東P,"1,710.5","+63.0 (+3.82%) "
2802,味の素,東P,"5,321","+109.0 (+2.09%) "
2804,ブルドックソース,東P,"1,836","-4.0 (-0.22%) "
2809,キユーピー,東P,"4,306","+51.0 (+1.20%) "
2810,ハウス食品グループ本社,東P,"4,037","+61.0 (+1.53%) "
2811,カゴメ,東P,"2,636","+20.0 (+0.76%) "
2813,和弘食品,東S,"3,920","+70.0 (+1.82%) "
2815,アリアケジャパン,東P,"5,030","+30.0 (+0.60%) "
2820,やまみ,東S,"6,220","+60.0 (+0.97%) "
285A,キオクシアＨＬＤＧ,東P,"19,120","-180.0 (-0.93%) "
2871,ニチレイ,東P,"2,096","+9.0 (+0.43%) "
2874,横浜冷凍,東P,"1,880","+9.0 (+0.48%) "
2875,東洋水産,東P,"9,919","+441.0 (+4.65%) "
287A,黒田グループ,東S,"1,147","+11.0 (+0.97%) "
2882,イートアンドＨＬＤＧ,東P,"2,008","+1.0 (+0.05%) "
2884,ヨシムラ・フード・ＨＬＤＧ,東P,"584","-1.0 (-0.17%) "
2892,日本食品化工,東S,"4,915","+15.0 (+0.31%) "
2897,日清食品ＨＬＤＧ,東P,"2,850","+43.5 (+1.55%) "
2908,フジッコ,東P,"1,534","-11.0 (-0.71%) "
2910,ロック・フィールド,東P,"1,344","-16.0 (-1.18%) "
2914,日本たばこ産業,東P,"6,930","+100.0 (+1.46%) "
2915,ケンコーマヨネーズ,東P,"1,948","-15.0 (-0.76%) "
2918,わらべや日洋ＨＬＤＧ,東P,"2,638","+5.0 (+0.19%) "
2922,なとり,東P,"1,954","-8.0 (-0.41%) "
2927,ＡＦＣ―ＨＤアムスライフ,東S,"839","-1.0 (-0.12%) "
2929,ファーマフーズ,東P,"688","+10.0 (+1.47%) "
2930,北の達人,東P,"134","+2.0 (+1.52%) "
2931,ユーグレナ,東P,"333","0.0 (0.00%) "
2933,紀文食品,東P,"1,058","-29.0 (-2.67%) "
2935,ピックルスＨＬＤＧ,東P,"1,163","+2.0 (+0.17%) "
296A,令和アカウンティング・ＨＬＤＧ,東G,"1,110","+5.0 (+0.45%) "
2970,ＧＬＣ　ＧＲＯＵＰ,東S,"1,153","-40.0 (-3.35%) "
2975,スター・マイカ・ＨＬＤＧ,東P,"1,249","-17.0 (-1.34%) "
2980,ＳＲＥ　ＨＬＤＧ,東P,"2,303","-32.0 (-1.37%) "
2982,ＡＤワークスグループ,東P,"399","-5.0 (-1.24%) "
2986,ＬＡ　ＨＬＤＧ,東G,"2,747","-48.0 (-1.72%) "
3001,片倉工業,東S,"2,928","-7.0 (-0.24%) "
3002,グンゼ,東P,"4,020","0.0 (0.00%) "
3003,ヒューリック,東P,"1,678.5","-5.5 (-0.33%) "
3023,ラサ商事,東S,"2,081","-6.0 (-0.29%) "
3028,アルペン,東P,"2,340","-1.0 (-0.04%) "
3030,ハブ,東S,"885","-6.0 (-0.67%) "
3031,ラクーンＨＬＤＧ,東P,"700","-3.0 (-0.43%) "
3034,クオールＨＬＤＧ,東P,"2,338","-17.0 (-0.72%) "
3035,ケイティケイ,東S,"735","-15.0 (-2.00%) "
3036,アルコニックス,東P,"3,390","-10.0 (-0.29%) "
3038,神戸物産,東P,"2,953","-42.0 (-1.40%) "
3040,ソリトンシステムズ,東P,"2,742","+94.0 (+3.55%) "
3046,ジンズＨＬＤＧ,東P,"5,600","+50.0 (+0.90%) "
3048,ビックカメラ,東P,"1,641","-4.0 (-0.24%) "
3050,ＤＣＭ　ＨＬＤＧ,東P,"1,510","-1.0 (-0.07%) "
3053,ペッパーフードサービス,東S,"198","0.0 (0.00%) "
3064,ＭｏｎｏｔａＲＯ,東P,"2,089.5","+29.5 (+1.43%) "
3076,あいＨＬＤＧ,東P,"2,983","+12.0 (+0.40%) "
3082,きちりＨＬＤＧ,東S,"987","-2.0 (-0.20%) "
3086,Ｊ．フロント　リテイリング,東P,"2,609.5","+50.5 (+1.97%) "
3087,ドトール・日レスＨＬＤＧ,東P,"3,170","+5.0 (+0.16%) "
3088,マツキヨココカラ＆カンパニー,東P,"2,431.5","+0.5 (+0.02%) "
3091,ブロンコビリー,東P,"2,821","-45.0 (-1.57%) "
3092,ＺＯＺＯ,東P,"1,090","+2.0 (+0.18%) "
3093,トレジャー・ファクトリー,東P,"1,975","+36.0 (+1.86%) "
3097,物語コーポレーション,東P,"5,550","+40.0 (+0.73%) "
3099,三越伊勢丹ＨＬＤＧ,東P,"1,659.5","+52.0 (+3.23%) "
3101,東洋紡,東P,"1,675","+28.0 (+1.70%) "
3103,ユニチカ,東S,"1,498","-2.0 (-0.13%) "
3104,フジボウＨＬＤＧ,東P,"3,530","+70.0 (+2.02%) "
3105,日清紡ＨＬＤＧ,東P,"2,790","+91.5 (+3.39%) "
3106,倉敷紡績,東P,"2,454","+139.0 (+6.00%) "
3107,ダイワボウＨＬＤＧ,東P,"3,662","+18.0 (+0.49%) "
3110,日東紡績,東P,"3,360","-10.0 (-0.30%) "
3116,トヨタ紡織,東P,"2,157.5","+26.5 (+1.24%) "
3132,マクニカＨＬＤＧ,東P,"4,300","+122.0 (+2.92%) "
3133,海帆,東G,"35","-5.0 (-12.50%) "
3134,Ｈａｍｅｅ,東S,"296","-1.0 (-0.34%) "
3139,ラクト・ジャパン,東P,"3,395","-5.0 (-0.15%) "
3148,クリエイトＳＤ　ＨＬＤＧ,東P,"3,240","+5.0 (+0.15%) "
3150,グリムス,東P,"2,362","+17.0 (+0.72%) "
3151,バイタルケーエスケーＨＬＤＧ,東P,"1,524","-2.0 (-0.13%) "
3153,八洲電機,東P,"3,145","+35.0 (+1.13%) "
3154,メディアスＨＬＤＧ,東P,"785","+8.0 (+1.03%) "
3156,レスター,東P,"6,300","+220.0 (+3.62%) "
3159,丸善ＣＨＩ　ＨＬＤＧ,東S,"372","+2.0 (+0.54%) "
3167,ＴＯＫＡＩ　ＨＬＤＧ,東P,"1,327","-5.0 (-0.38%) "
3168,ＭＥＲＦ,東S,"1,246","-18.0 (-1.42%) "
3175,エー・ピーＨＬＤＧ,東S,"932","0.0 (0.00%) "
3176,三洋貿易,東P,"1,197","+22.0 (+1.87%) "
3179,シュッピン,東P,"1,250","-31.0 (-2.42%) "
3180,ビューティガレージ,東P,"1,660","+20.0 (+1.22%) "
3182,オイシックス,東P,"1,611","-7.0 (-0.43%) "
3183,ウイン・パートナーズ,東P,"1,233","-4.0 (-0.32%) "
3185,夢展望,東G,"106","-3.0 (-2.75%) "
3186,ネクステージ,東P,"2,839","+20.0 (+0.71%) "
3187,ミラタップ,東G,"403","+1.0 (+0.25%) "
3191,ジョイフル本田,東P,"2,221","-15.0 (-0.67%) "
3193,エターナルホスピタリティグルー,東P,"1,286","+6.0 (+0.47%) "
3196,ホットランドＨＬＤＧ,東P,"1,622","-29.0 (-1.76%) "
3197,すかいらーくＨＬＤＧ,東P,"3,199","+32.0 (+1.01%) "
3199,綿半ＨＬＤＧ,東P,"1,258","-10.0 (-0.79%) "
3201,日本毛織,東P,"1,917","+19.0 (+1.00%) "
3205,ダイドーリミテッド,東S,"732","-3.0 (-0.41%) "
3221,ヨシックスＨＬＤＧ,東P,"2,881","-48.0 (-1.64%) "
3222,ユナイテッド・スーパーマーケッ,東S,"801","-1.0 (-0.12%) "
3232,三重交通グループＨＬＤＧ,東P,"555","+5.0 (+0.91%) "
3236,プロパスト,東S,"274","-1.0 (-0.36%) "
3245,ディア・ライフ,東P,"936","-14.0 (-1.47%) "
3252,地主,東P,"2,677","+7.0 (+0.26%) "
3276,ＪＰＭＣ,東P,"2,247","+5.0 (+0.22%) "
3284,フージャースＨＬＤＧ,東P,"1,192","-10.0 (-0.83%) "
3288,オープンハウスグループ,東P,"7,353","+20.0 (+0.27%) "
3289,東急不動産ＨＬＤＧ,東P,"1,190.5","-11.5 (-0.96%) "
3291,飯田グループＨＬＤＧ,東P,"2,107.5","-7.0 (-0.33%) "
3299,ムゲンエステート,東S,"1,614","-31.0 (-1.88%) "
3302,帝国繊維,東P,"2,954","+17.0 (+0.58%) "
3315,日本コークス工業,東P,"91","-4.0 (-4.21%) "
3321,ミタチ産業,東S,"1,791","-79.0 (-4.22%) "
3333,あさひ,東P,"1,247","-16.0 (-1.27%) "
3349,コスモス薬品,東P,"6,328","+130.0 (+2.10%) "
3350,メタプラネット,東S,"297","+6.0 (+2.06%) "
3355,クリヤマＨＬＤＧ,東S,"1,779","+1.0 (+0.06%) "
3360,シップヘルスケアＨＬＤＧ,東P,"2,454.5","+15.5 (+0.64%) "
3371,ソフトクリエイトＨＬＤＧ,東P,"2,146","-11.0 (-0.51%) "
3374,内外テック,東S,"5,250","+220.0 (+4.37%) "
3382,セブン＆アイＨＬＤＧ,東P,"1,980","+2.0 (+0.10%) "
3387,クリエイト・レストランツＨＬＤ,東P,"777","+6.0 (+0.78%) "
3388,明治電機工業,東P,"2,109","+13.0 (+0.62%) "
3391,ツルハＨＬＤＧ,東P,"2,128.5","+67.5 (+3.28%) "
3393,スターティアＨＬＤＧ,東P,"3,070","-10.0 (-0.32%) "
3395,サンマルクＨＬＤＧ,東P,"2,405","-22.0 (-0.91%) "
3397,トリドールＨＬＤＧ,東P,"4,159","-8.0 (-0.19%) "
3399,丸千代山岡家,東S,"3,960","+115.0 (+2.99%) "
3401,帝人,東P,"1,641.5","+11.5 (+0.71%) "
3402,東レ,東P,"1,243.5","+20.0 (+1.63%) "
3405,クラレ,東P,"1,788.5","+17.5 (+0.99%) "
3407,旭化成,東P,"1,646.5","+16.5 (+1.01%) "
3415,ＴＯＫＹＯ　ＢＡＳＥ,東P,"338","-12.0 (-3.43%) "
3416,ピクスタ,東S,"897","-3.0 (-0.33%) "
3421,稲葉製作所,東S,"1,575","-20.0 (-1.25%) "
3431,宮地エンジニアリンググループ,東P,"1,460","-34.0 (-2.28%) "
3433,トーカロ,東P,"3,115","+128.0 (+4.29%) "
3434,アルファＣｏ,東S,"1,216","-5.0 (-0.41%) "
3436,ＳＵＭＣＯ,東P,"3,647","+59.0 (+1.64%) "
3440,日創グループ,東S,"837","-4.0 (-0.48%) "
3443,川田テクノロジーズ,東P,"1,371","+11.0 (+0.81%) "
3445,ＲＳ　Ｔｅｃｈｎｏｌｏｇｉｅｓ,東P,"6,590","+240.0 (+3.78%) "
3446,ジェイテックコーポレーション,東S,"1,537","-33.0 (-2.10%) "
3447,信和,東S,"957","-1.0 (-0.10%) "
3452,ビーロット,東S,"1,369","-24.0 (-1.72%) "
3454,ファーストブラザーズ,東S,"1,271","+6.0 (+0.47%) "
3457,Ａｎｄ　ＤｏＨＬＤＧ,東P,"824","-10.0 (-1.20%) "
3465,ケイアイスター不動産,東P,"3,095","-10.0 (-0.32%) "
3475,グッドコムアセット,東P,"1,461","-19.0 (-1.28%) "
3479,ＴＫＰ,東G,"1,821","-3.0 (-0.16%) "
3482,ロードスターキャピタル,東P,"2,448","-22.0 (-0.89%) "
3486,グローバル・リンク・マネジメン,東P,"1,863","-32.0 (-1.69%) "
3489,フェイスネットワーク,東S,"732","-12.0 (-1.61%) "
3491,ＧＡ　ｔｅｃｈｎｏｌｏｇｉｅｓ,東G,"1,313","+27.0 (+2.10%) "
3501,ＳＵＭＩＮＯＥ,東P,"1,158","+2.0 (+0.17%) "
3529,アツギ,東S,"1,017","-4.0 (-0.39%) "
3538,ウイルプラスＨＬＤＧ,東S,"1,006","+5.0 (+0.50%) "
3539,ＪＭ　ＨＬＤＧ,東P,"1,440","-28.0 (-1.91%) "
3543,コメダＨＬＤＧ,東P,"2,796","+5.0 (+0.18%) "
3547,ユニシアＨＬＤＧ,東S,"1,936","+6.0 (+0.31%) "
3548,バロックジャパンリミテッド,東P,"644","+3.0 (+0.47%) "
3549,クスリのアオキＨＬＤＧ,東S,"4,338","-73.0 (-1.65%) "
3551,ダイニック,東S,"1,560","+10.0 (+0.65%) "
3553,共和レザー,東S,"877","-2.0 (-0.23%) "
3558,ジェイドグループ,東G,"1,841","+15.0 (+0.82%) "
3561,力の源ＨＬＤＧ,東P,"1,348","-18.0 (-1.32%) "
3562,Ｎｏ．１,東S,"1,575","+14.0 (+0.90%) "
3563,ＦＯＯＤ　＆　ＬＩＦＥ　ＣＯＭ,東P,"5,340","+273.0 (+5.39%) "
3565,アセンテック,東S,"480","-2.0 (-0.41%) "
3569,セーレン,東P,"3,335","+80.0 (+2.46%) "
3580,小松マテーレ,東P,"709","-9.0 (-1.25%) "
3591,ワコールＨＬＤＧ,東P,"3,573","-32.0 (-0.89%) "
3608,ＴＳＩ　ＨＬＤＧ,東P,"1,198","+4.0 (+0.34%) "
3611,マツオカコーポレーション,東S,"2,368","+12.0 (+0.51%) "
3612,ワールド,東P,"1,517","-18.0 (-1.17%) "
3623,ビリングシステム,東G,"1,251","-20.0 (-1.57%) "
3626,ＴＩＳＩ,東P,"4,016","-16.0 (-0.40%) "
3632,グリーＨＬＤＧ,東P,"413","-2.0 (-0.48%) "
3633,ＧＭＯペパボ,東S,"2,642","-19.0 (-0.71%) "
3635,コーエーテクモＨＬＤＧ,東P,"1,620.5","-25.0 (-1.52%) "
3636,三菱総合研究所,東P,"4,800","-45.0 (-0.93%) "
3641,パピレス,東S,"1,001","+2.0 (+0.20%) "
3649,ファインデックス,東P,"851","+3.0 (+0.35%) "
3652,ディジタルメディアプロ,東G,"3,115","+35.0 (+1.14%) "
3653,モルフォ,東G,"1,028","+45.0 (+4.58%) "
3656,ＫＬａｂ,東P,"175","-2.0 (-1.13%) "
3657,ポールトゥウィンＨＬＤＧ,東P,"332","0.0 (0.00%) "
3659,ネクソン,東P,"2,680.5","-4.5 (-0.17%) "
3660,アイスタイル,東P,"472","-9.0 (-1.87%) "
3661,エムアップＨＬＤＧ,東P,"801","-3.0 (-0.37%) "
3662,エイチームＨＬＤＧ,東P,"914","-23.0 (-2.45%) "
3663,セルシス,東P,"1,821","+28.0 (+1.56%) "
3665,エニグモ,東P,"403","-3.0 (-0.74%) "
3667,ｅｎｉｓｈ,東S,"27","-1.0 (-3.57%) "
3668,コロプラ,東P,"398","-10.0 (-2.45%) "
3672,オルトプラスＨＬＤＧ,東S,"28","-2.0 (-6.67%) "
3673,ブロードリーフ,東P,"465","+1.0 (+0.22%) "
3675,クロス・マーケティンググループ,東S,"582","+1.0 (+0.17%) "
3676,デジタルハーツＨＬＤＧ,東P,"1,050","-1.0 (-0.10%) "
3678,メディアドゥ,東P,"1,154","+14.0 (+1.23%) "
3679,じげん,東P,"421","-2.0 (-0.47%) "
3680,ホットリンク,東G,"204","-2.0 (-0.97%) "
3683,サイバーリンクス,東S,"1,051","-14.0 (-1.31%) "
3687,フィックスターズ,東P,"2,231","-52.0 (-2.28%) "
3692,ＦＦＲＩセキュリティ,東G,"8,150","+550.0 (+7.24%) "
3694,オプティム,東P,"467","-5.0 (-1.06%) "
3696,セレス,東P,"2,291","+7.0 (+0.31%) "
3697,ＳＨＩＦＴ,東P,"876.8","-13.6 (-1.53%) "
3708,特種東海製紙,東P,"2,081","-12.0 (-0.57%) "
3719,ＡＩストーム,東S,"115","+1.0 (+0.88%) "
3723,日本ファルコム,東G,"2,585","+9.0 (+0.35%) "
3741,セック,東P,"3,210","-30.0 (-0.93%) "
3747,インタートレード,東S,"436","+13.0 (+3.07%) "
3750,ＡＤＲバイオメディカルＨＬＤＧ,東S,"781","-14.0 (-1.76%) "
3760,ケイブ,東S,"721","-5.0 (-0.69%) "
3762,テクマトリックス,東P,"2,497","-19.0 (-0.76%) "
3763,プロシップ,東P,"2,108","+28.0 (+1.35%) "
3765,ガンホー・オンライン,東P,"2,369","-11.0 (-0.46%) "
3769,ＧＭＯペイメントゲートウェイ,東P,"8,512","+28.0 (+0.33%) "
3771,システムリサーチ,東P,"1,853","-4.0 (-0.22%) "
3772,ウェルス・マネジメント,東S,"1,053","-3.0 (-0.28%) "
3773,アドバンスト・メディア,東G,"1,049","-2.0 (-0.19%) "
3774,インターネットイニシアティブ,東P,"3,469","+4.0 (+0.12%) "
3776,ブロードバンドタワー,東S,"271","+6.0 (+2.26%) "
3778,さくらインターネット,東P,"3,895","-35.0 (-0.89%) "
3779,ジェイ・エスコムＨＬＤＧ,東S,"121","+1.0 (+0.83%) "
3788,ＧＭＯグローバルサイン・ＨＬＤ,東P,"1,982","+15.0 (+0.76%) "
3791,ＩＧポート,東S,"1,113","-7.0 (-0.63%) "
3793,ドリコム,東G,"549","-5.0 (-0.90%) "
3798,ＵＬＳグループ,東S,"524","-10.0 (-1.87%) "
3807,フィスコ,東G,"87","-1.0 (-1.14%) "
3810,サイバーステップ　ＨＬＤＧ,東S,"186","+2.0 (+1.09%) "
3817,ＳＲＡ　ＨＬＤＧ,東P,"4,655","-55.0 (-1.17%) "
3834,朝日ネット,東P,"581","-4.0 (-0.68%) "
3835,ｅＢＡＳＥ,東P,"429","+4.0 (+0.94%) "
3836,アバントグループ,東P,"1,194","-16.0 (-1.32%) "
3837,アドソル日進,東P,"1,302","+1.0 (+0.08%) "
3843,フリービット,東P,"1,644","+9.0 (+0.55%) "
3844,コムチュア,東P,"1,250","-15.0 (-1.19%) "
3853,アステリア,東P,"1,052","-25.0 (-2.32%) "
3854,アイル,東P,"2,022","-16.0 (-0.79%) "
3858,ユビキタスＡＩ,東S,"334","+6.0 (+1.83%) "
3861,王子ＨＬＤＧ,東P,"828.1","-7.3 (-0.87%) "
3863,日本製紙,東P,"1,291","-37.0 (-2.79%) "
3864,三菱製紙,東P,"1,208","-15.0 (-1.23%) "
3865,北越コーポレーション,東P,"865","-3.0 (-0.35%) "
3877,中越パルプ工業,東P,"2,126","-17.0 (-0.79%) "
3880,大王製紙,東P,"955","+4.0 (+0.42%) "
3891,ニッポン高度紙工業,東S,"7,490","+150.0 (+2.04%) "
3896,阿波製紙,東S,"418","+1.0 (+0.24%) "
3900,クラウドワークス,東G,"685","+17.0 (+2.54%) "
3901,マークラインズ,東P,"1,514","-4.0 (-0.26%) "
3903,ｇｕｍｉ,東P,"199","-5.0 (-2.45%) "
3905,データセクション,東G,"1,950","-92.0 (-4.51%) "
3909,ショーケース,東S,"205","-1.0 (-0.49%) "
3911,Ａｉｍｉｎｇ,東G,"167","0.0 (0.00%) "
3912,モバイルファクトリー,東S,"1,072","-23.0 (-2.10%) "
3914,ＪＩＧ―ＳＡＷ,東G,"2,471","-10.0 (-0.40%) "
3915,テラスカイ,東P,"2,210","-15.0 (-0.67%) "
3916,デジタル・インフォメーション,東P,"940","+2.0 (+0.21%) "
3921,ネオジャパン,東P,"1,591","-8.0 (-0.50%) "
3922,ＰＲ　ＴＩＭＥＳ,東P,"2,131","-13.0 (-0.61%) "
3923,ラクス,東P,"1,019","0.0 (0.00%) "
3925,ダブルスタンダード,東P,"1,278","-2.0 (-0.16%) "
3926,オープンドア,東S,"413","-17.0 (-3.95%) "
3927,フーバーブレイン,東S,"922","+5.0 (+0.55%) "
3932,アカツキ,東P,"1,322","+7.0 (+0.53%) "
3933,チエル,東S,"529","-5.0 (-0.94%) "
3937,Ｕｂｉｃｏｍ　ＨＬＤＧ,東S,"1,107","-13.0 (-1.16%) "
3939,カナミックネットワーク,東P,"489","-1.0 (-0.20%) "
3941,レンゴー,東P,"1,510","-1.0 (-0.07%) "
3946,トーモク,東P,"4,390","+5.0 (+0.11%) "
3948,光ビジネスフォーム,東S,"1,187","-3.0 (-0.25%) "
3950,ザ・パック,東P,"1,420","-8.0 (-0.56%) "
3951,朝日印刷,東S,"892","+7.0 (+0.79%) "
3962,チェンジＨＬＤＧ,東P,"993","-3.0 (-0.30%) "
3963,シンクロ・フード,東P,"316","-12.0 (-3.66%) "
3964,オークネット,東P,"1,380","+28.0 (+2.07%) "
3968,セグエグループ,東P,"693","+1.0 (+0.14%) "
3969,エイトレッド,東S,"1,390","-3.0 (-0.22%) "
3981,ビーグリー,東S,"1,236","0.0 (0.00%) "
3983,オロ,東P,"1,892","-10.0 (-0.53%) "
3984,ユーザーローカル,東P,"1,519","0.0 (0.00%) "
3989,シェアリングテクノロジー,東G,"1,547","+1.0 (+0.06%) "
3992,ニーズウェル,東P,"426","-7.0 (-1.62%) "
3993,ＰＫＳＨＡ　Ｔｅｃｈｎｏｌｏｇ,東P,"3,325","+55.0 (+1.68%) "
3994,マネーフォワード,東P,"5,937","-50.0 (-0.84%) "
3996,サインポスト,東S,"222","-2.0 (-0.89%) "
3998,すららネット,東G,"280","-2.0 (-0.71%) "
4004,レゾナック・ＨＬＤＧ,東P,"18,000","+720.0 (+4.17%) "
4005,住友化学,東P,"583.2","+8.4 (+1.46%) "
4008,住友精化,東P,"1,510","+25.0 (+1.68%) "
4015,ペイクラウドＨＬＤＧ,東G,"518","-3.0 (-0.58%) "
4017,クリーマ,東G,"208","-2.0 (-0.95%) "
4021,日産化学,東P,"8,734","+342.0 (+4.08%) "
4022,ラサ工業,東P,"2,125","+61.0 (+2.96%) "
4023,クレハ,東P,"3,930","-10.0 (-0.25%) "
4025,多木化学,東P,"5,840","+280.0 (+5.04%) "
4026,神島化学工業,東S,"1,591","-9.0 (-0.56%) "
4027,テイカ,東P,"2,339","+28.0 (+1.21%) "
4028,石原産業,東P,"2,809","+18.0 (+0.64%) "
4041,日本曹達,東P,"3,690","+25.0 (+0.68%) "
4042,東ソー,東P,"2,618.5","+15.5 (+0.60%) "
4043,トクヤマ,東P,"4,166","+105.0 (+2.59%) "
4044,セントラル硝子,東P,"4,505","+15.0 (+0.33%) "
4045,東亞合成,東P,"1,824.5","+32.5 (+1.81%) "
4046,大阪ソーダ,東P,"2,079","+43.0 (+2.11%) "
4047,関東電化工業,東P,"2,557","+122.0 (+5.01%) "
4051,ＧＭＯ　フィナンシャルゲート,東P,"5,900","+20.0 (+0.34%) "
4053,Ｓｕｎ　Ａｓｔｅｒｉｓｋ,東P,"509","-9.0 (-1.74%) "
4055,ティアンドエスグループ,東G,"1,601","-9.0 (-0.56%) "
4056,ニューラルグループ,東G,"204","+4.0 (+2.00%) "
4058,トヨクモ,東G,"2,149","-6.0 (-0.28%) "
4060,ｒａｋｕｍｏ,東G,"1,129","-64.0 (-5.36%) "
4061,デンカ,東P,"3,283","+103.0 (+3.24%) "
4062,イビデン,東P,"12,265","+165.0 (+1.36%) "
4063,信越化学工業,東P,"6,218","+188.0 (+3.12%) "
4064,日本カーバイド工業,東P,"3,805","+35.0 (+0.93%) "
4071,プラスアルファコンサルティング,東P,"2,049","+20.0 (+0.99%) "
4072,電算システムＨＬＤＧ,東P,"3,130","-20.0 (-0.63%) "
4078,堺化学工業,東P,"3,780","+145.0 (+3.99%) "
4082,第一稀元素化学工業,東P,"2,185","-5.0 (-0.23%) "
4088,エア・ウォーター,東P,"2,901","+2.0 (+0.07%) "
4091,日本酸素ＨＤ,東P,"5,532","+185.0 (+3.46%) "
4092,日本化学工業,東P,"5,750","+30.0 (+0.52%) "
4093,東邦アセチレン,東S,"425","0.0 (0.00%) "
4095,日本パーカライジング,東P,"1,790","+28.0 (+1.59%) "
4097,高圧ガス工業,東P,"1,183","+11.0 (+0.94%) "
4099,四国化成ＨＬＤＧ,東P,"2,519","+170.0 (+7.24%) "
4100,戸田工業,東S,"1,947","-58.0 (-2.89%) "
4109,ステラ　ケミファ,東P,"5,550","+240.0 (+4.52%) "
4112,保土谷化学工業,東P,"2,105","+45.0 (+2.18%) "
4113,田岡化学工業,東S,"817","+9.0 (+1.11%) "
4114,日本触媒,東P,"2,550.5","+5.5 (+0.22%) "
4116,大日精化工業,東P,"1,310","+27.0 (+2.10%) "
4118,カネカ,東P,"6,011","+51.0 (+0.86%) "
4125,三和油化工業,東S,"3,700","+50.0 (+1.37%) "
4151,協和キリン,東P,"2,214.5","-15.5 (-0.70%) "
415A,ＧＭＯ　ＴＥＣＨ　ＨＬＤＧ,東G,"5,550","+10.0 (+0.18%) "
4167,ココペリ,東G,"342","-1.0 (-0.29%) "
416A,富士ユナイトＨＬＤＧ,東S,"1,330","-17.0 (-1.26%) "
4170,Ｋａｉｚｅｎ　Ｐｌａｔｆｏｒｍ,東G,"111","-1.0 (-0.89%) "
4175,ｃｏｌｙ,東G,"2,848","+14.0 (+0.49%) "
4176,ココナラ,東G,"270","-1.0 (-0.37%) "
4177,Ｉ−ＰＬＵＧ,東G,"1,380","-20.0 (-1.43%) "
417A,ブルーゾーン　ＨＬＤＧ,東P,"1,821","+3.0 (+0.17%) "
4180,Ａｐｐｉｅｒ　Ｇｒｏｕｐ,東P,"1,371","-33.0 (-2.35%) "
4182,三菱瓦斯化学,東P,"4,033","+118.0 (+3.01%) "
4183,三井化学,東P,"2,169.5","+68.5 (+3.26%) "
4186,東京応化工業,東P,"9,212","+304.0 (+3.41%) "
4187,大阪有機化学工業,東P,"4,675","+175.0 (+3.89%) "
4188,三菱ケミカルグループ,東P,"1,173.5","+30.5 (+2.67%) "
4189,ＫＨネオケム,東P,"3,425","+65.0 (+1.93%) "
4192,スパイダープラス,東G,"327","+2.0 (+0.62%) "
4193,ファブリカＨＬＤＧ,東S,"2,026","-85.0 (-4.03%) "
4194,ビジョナル,東P,"8,718","-86.0 (-0.98%) "
4202,ダイセル,東P,"1,432","+27.0 (+1.92%) "
4203,住友ベークライト,東P,"8,998","+417.0 (+4.86%) "
4204,積水化学工業,東P,"2,519.5","+20.5 (+0.82%) "
4205,日本ゼオン,東P,"2,444","+43.0 (+1.79%) "
4206,アイカ工業,東P,"4,246","+58.0 (+1.38%) "
4208,ＵＢＥ,東P,"3,374","+55.0 (+1.66%) "
4212,積水樹脂,東P,"2,931","+14.0 (+0.48%) "
4216,旭有機材,東P,"7,220","+70.0 (+0.98%) "
4218,ニチバン,東P,"1,868","-5.0 (-0.27%) "
4220,リケンテクノス,東P,"2,395","+50.0 (+2.13%) "
4221,大倉工業,東P,"5,400","+140.0 (+2.66%) "
4228,積水化成品工業,東P,"617","+15.0 (+2.49%) "
4229,群栄化学工業,東P,"4,215","+65.0 (+1.57%) "
4231,タイガースポリマー,東S,"993","-12.0 (-1.19%) "
4235,ウルトラファブリックスＨＬＤＧ,東S,"680","+6.0 (+0.89%) "
4238,ミライアル,東S,"2,059","+98.0 (+5.00%) "
4246,ダイキョーニシカワ,東P,"1,060","+5.0 (+0.47%) "
4248,竹本容器,東S,"881","0.0 (0.00%) "
4249,森六,東P,"2,747","-13.0 (-0.47%) "
4251,恵和,東P,"1,184","+11.0 (+0.94%) "
4258,網屋,東G,"5,880","+240.0 (+4.26%) "
4259,エクサウィザーズ,東G,"850","-3.0 (-0.35%) "
4265,Ｉｎｓｔｉｔｕｔｉｏｎ　ｆｏｒ,東G,"247","+2.0 (+0.82%) "
4272,日本化薬,東P,"2,108.5","+25.0 (+1.20%) "
4274,細谷火工,東S,"1,118","+22.0 (+2.01%) "
4275,カーリット,東P,"1,880","+26.0 (+1.40%) "
4286,ＣＬＨＬＤＧ,東S,"1,305","-5.0 (-0.38%) "
4290,プレステージ・インターナショナ,東P,"667","-1.0 (-0.15%) "
4293,セプテーニＨＬＤＧ,東S,"494","+1.0 (+0.20%) "
4301,アミューズ,東P,"1,822","-11.0 (-0.60%) "
4307,野村総合研究所,東P,"4,973","-102.0 (-2.01%) "
4308,Ｊストリーム,東G,"356","-1.0 (-0.28%) "
4310,ドリームインキュベータ,東P,"2,498","-5.0 (-0.20%) "
4318,クイック,東P,"835","-1.0 (-0.12%) "
4320,ＣＥ　ＨＬＤＧ,東S,"1,629","0.0 (0.00%) "
4323,日本システム技術,東P,"1,890","-7.0 (-0.37%) "
4324,電通グループ,東P,"3,535","-21.0 (-0.59%) "
4326,インテージＨＬＤＧ,東P,"1,861","-64.0 (-3.32%) "
4331,テイクアンドギヴ・ニーズ,東P,"856","0.0 (0.00%) "
4337,ぴあ,東P,"2,435","-14.0 (-0.57%) "
4343,イオンファンタジー,東P,"2,653","+10.0 (+0.38%) "
4344,ソースネクスト,東P,"100","-2.0 (-1.96%) "
4345,シーティーエス,東P,"816","0.0 (0.00%) "
4347,ブロードメディア,東S,"1,882","-13.0 (-0.69%) "
4350,メディカルシステムネットワーク,東S,"522","+1.0 (+0.19%) "
4362,日本精化,東P,"2,645","+39.0 (+1.50%) "
4368,扶桑化学工業,東P,"3,420","+70.0 (+2.09%) "
4369,トリケミカル研究所,東P,"3,360","+140.0 (+4.35%) "
4371,コアコンセプト・テクノロジー,東G,"1,571","-8.0 (-0.51%) "
4373,シンプレクス・ＨＬＤＧ,東P,"1,130","-21.0 (-1.82%) "
4374,ＲＯＢＯＴ ＰＡＹＭＥＮＴ,東G,"1,167","-3.0 (-0.26%) "
4375,セーフィー,東G,"643","-3.0 (-0.46%) "
4377,ワンキャリア,東G,"2,386","-7.0 (-0.29%) "
4382,ＨＥＲＯＺ,東S,"893","+39.0 (+4.57%) "
4385,メルカリ,東P,"3,556","+10.0 (+0.28%) "
4386,ＳＩＧグループ,東S,"887","-13.0 (-1.44%) "
4388,エーアイ,東S,"351","-5.0 (-1.40%) "
4396,システムサポートＨＬＤＧ,東P,"1,319","-1.0 (-0.08%) "
4397,チームスピリット,東G,"365","-2.0 (-0.54%) "
4401,ＡＤＥＫＡ,東P,"4,733","+121.0 (+2.62%) "
4403,日油,東P,"2,538.5","+28.5 (+1.14%) "
4404,ミヨシ油脂,東S,"2,180","+30.0 (+1.40%) "
4406,新日本理化,東S,"232","0.0 (0.00%) "
4410,ハリマ化成グループ,東P,"1,128","+6.0 (+0.53%) "
4412,サイエンスアーツ,東G,"1,535","+40.0 (+2.68%) "
4413,ボードルア,東P,"2,953","0.0 (0.00%) "
4414,フレクト,東G,"1,120","0.0 (0.00%) "
4419,ＦｉｎａｔｅｘｔＨＬＤＧ,東G,"1,438","-5.0 (-0.35%) "
441A,ＮＥ,東G,"267","+9.0 (+3.49%) "
4420,イーソル,東S,"818","0.0 (0.00%) "
4424,Ａｍａｚｉａ,東G,"304","-1.0 (-0.33%) "
4425,Ｋｕｄａｎ,東G,"1,466","+25.0 (+1.73%) "
4427,ＥｄｕＬａｂ,東G,"224","0.0 (0.00%) "
4429,リックソフト,東G,"721","+3.0 (+0.42%) "
4431,スマレジ,東G,"3,560","+190.0 (+5.64%) "
4432,ウイングアーク１ｓｔ,東P,"3,335","-15.0 (-0.45%) "
4433,ヒト・コミュニケーションズＨＤ,東P,"833","-6.0 (-0.72%) "
4434,サーバーワークス,東S,"2,383","-13.0 (-0.54%) "
4436,ミンカブ・ジ・インフォノイド,東G,"634","-15.0 (-2.31%) "
4438,Ｗｅｌｂｙ,東G,"284","-5.0 (-1.73%) "
4441,トビラシステムズ,東S,"1,508","+45.0 (+3.08%) "
4442,バルテス・ＨＬＤＧ,東G,"407","-4.0 (-0.97%) "
4443,Ｓａｎｓａｎ,東P,"2,092","+23.0 (+1.11%) "
4446,Ｌｉｎｋ−Ｕグループ,東S,"721","-3.0 (-0.41%) "
4448,ｋｕｂｅｌｌ,東G,"353","-9.0 (-2.49%) "
4452,花王,東P,"3,470","+31.0 (+0.90%) "
4461,第一工業製薬,東P,"16,220","+1,370.0 (+9.23%) "
4462,石原ケミカル,東P,"3,100","+150.0 (+5.08%) "
4463,日華化学,東S,"1,988","+19.0 (+0.96%) "
4471,三洋化成工業,東P,"1,664","+9.0 (+0.54%) "
4475,ＨＥＮＮＧＥ,東G,"1,671","-89.0 (-5.06%) "
4476,ＡＩ　ＣＲＯＳＳ,東G,"1,074","-13.0 (-1.20%) "
4477,ＢＡＳＥ,東G,"404","+34.0 (+9.19%) "
4478,フリー,東G,"3,455","-5.0 (-0.14%) "
4479,マクアケ,東G,"975","+22.0 (+2.31%) "
4480,メドレー,東P,"2,292","-15.0 (-0.65%) "
4481,ベース,東P,"3,155","-20.0 (-0.63%) "
4483,ＪＭＤＣ,東P,"3,630","+5.0 (+0.14%) "
4484,ランサーズ,東G,"287","+1.0 (+0.35%) "
4490,ビザスク,東G,"660","-12.0 (-1.79%) "
4493,サイバーセキュリティクラウド,東G,"2,118","+145.0 (+7.35%) "
4495,アイキューブドシステムズ,東G,"2,037","-17.0 (-0.83%) "
4498,サイバートラスト,東G,"1,157","+43.0 (+3.86%) "
4499,Ｓｐｅｅｅ,東S,"2,372","+39.0 (+1.67%) "
4502,武田薬品工業,東P,"5,639","-4.0 (-0.07%) "
4503,アステラス製薬,東P,"2,235","-10.0 (-0.45%) "
4506,住友ファーマ,東P,"1,579","-34.5 (-2.14%) "
4507,塩野義製薬,東P,"2,661","-125.0 (-4.49%) "
4512,わかもと製薬,東S,"301","+10.0 (+3.44%) "
4516,日本新薬,東P,"3,355","-23.0 (-0.68%) "
4519,中外製薬,東P,"6,089","+57.0 (+0.94%) "
4521,科研製薬,東P,"3,755","-20.0 (-0.53%) "
4523,エーザイ,東P,"4,659","-41.0 (-0.87%) "
4526,理研ビタミン,東P,"3,085","+10.0 (+0.33%) "
4527,ロート製薬,東P,"2,726","-62.0 (-2.22%) "
4528,小野薬品工業,東P,"2,278.5","-11.5 (-0.50%) "
4534,持田製薬,東P,"3,090","0.0 (0.00%) "
4536,参天製薬,東P,"1,660","+14.5 (+0.88%) "
4538,扶桑薬品工業,東P,"2,150","-15.0 (-0.69%) "
4540,ツムラ,東P,"3,707","+4.0 (+0.11%) "
4543,テルモ,東P,"2,283.5","+40.0 (+1.78%) "
4544,Ｈ．Ｕ．グループＨＬＤＧ,東P,"3,469","+24.0 (+0.70%) "
4547,キッセイ薬品工業,東P,"3,675","-25.0 (-0.68%) "
4548,生化学工業,東P,"574","+3.0 (+0.53%) "
4549,栄研化学,東P,"2,256","+8.0 (+0.36%) "
4552,ＪＣＲファーマ,東P,"503","+19.0 (+3.93%) "
4553,東和薬品,東P,"3,500","+5.0 (+0.14%) "
4554,富士製薬工業,東P,"1,727","+7.0 (+0.41%) "
4559,ゼリア新薬工業,東P,"1,903","+5.0 (+0.26%) "
4563,アンジェス,東G,"36","+1.0 (+2.86%) "
4565,ネクセラファーマ,東P,"1,234","+14.0 (+1.15%) "
4568,第一三共,東P,"2,716","+7.0 (+0.26%) "
4569,杏林製薬,東P,"1,055","-10.0 (-0.94%) "
4571,ＮＡＮＯＨＬＤＧ,東G,"96","+1.0 (+1.05%) "
4572,カルナバイオサイエンス,東G,"414","+1.0 (+0.24%) "
4574,大幸薬品,東P,"255","+3.0 (+1.19%) "
4577,ダイト,東P,"1,301","-8.0 (-0.61%) "
4578,大塚ＨＬＤＧ,東P,"11,425","+105.0 (+0.93%) "
4579,ラクオリア創薬,東G,"607","-2.0 (-0.33%) "
4582,シンバイオ製薬,東G,"55","-1.0 (-1.79%) "
4587,ペプチドリーム,東P,"1,056.5","-19.5 (-1.81%) "
4588,オンコリスバイオファーマ,東G,"6,490","+510.0 (+8.53%) "
4592,サンバイオ,東G,"944","+3.0 (+0.32%) "
4593,ヘリオス,東G,"290","+3.0 (+1.05%) "
4595,ミズホメディー,東S,"1,685","-8.0 (-0.47%) "
4599,ステムリム,東G,"165","+1.0 (+0.61%) "
4611,大日本塗料,東P,"1,582","+27.0 (+1.74%) "
4612,日本ペイントＨＬＤＧ,東P,"1,198.5","+40.0 (+3.45%) "
4613,関西ペイント,東P,"2,771.5","+11.0 (+0.40%) "
4617,中国塗料,東P,"3,580","+30.0 (+0.85%) "
4619,日本特殊塗料,東S,"2,598","+7.0 (+0.27%) "
4620,藤倉化成,東S,"1,110","+21.0 (+1.93%) "
4626,太陽ＨＬＤＧ,東P,"4,772","-28.0 (-0.58%) "
4631,ＤＩＣ,東P,"4,976","+93.0 (+1.90%) "
4633,サカタインクス,東P,"2,615","+20.0 (+0.77%) "
4634,ａｒｔｉｅｎｃｅ,東P,"5,090","+70.0 (+1.39%) "
4641,アルプス技研,東P,"859","-3.0 (-0.35%) "
464A,ＱＰＳＨＬＤＧ,東G,"1,660","+27.0 (+1.65%) "
4651,サニックスＨＬＤＧ,東S,"243","-2.0 (-0.82%) "
4657,環境管理センター,東S,"460","+1.0 (+0.22%) "
4658,日本空調サービス,東P,"1,558","+17.0 (+1.10%) "
4661,オリエンタルランド,東P,"2,837","+20.5 (+0.73%) "
4662,フォーカスシステムズ,東P,"1,584","-1.0 (-0.06%) "
4664,アール・エス・シー,東S,"1,176","+6.0 (+0.51%) "
4665,ダスキン,東P,"4,593","-17.0 (-0.37%) "
4666,パーク２４,東P,"1,739.5","-31.5 (-1.78%) "
4668,明光ネットワークジャパン,東P,"727","-3.0 (-0.41%) "
4671,ファルコＨＬＤＧ,東S,"2,666","+1.0 (+0.04%) "
4674,クレスコ,東P,"1,930","-20.0 (-1.03%) "
4676,フジ・メディアＨＬＤＧ,東P,"3,919","+35.0 (+0.90%) "
4678,秀英予備校,東S,"330","+1.0 (+0.30%) "
4680,ラウンドワン,東P,"1,247.5","+6.5 (+0.52%) "
4681,リゾートトラスト,東P,"1,730","-3.5 (-0.20%) "
4684,オービック,東P,"5,018","-46.0 (-0.91%) "
4686,ジャストシステム,東P,"4,460","-15.0 (-0.34%) "
4687,ＴＤＣソフト,東P,"1,067","-3.0 (-0.28%) "
4689,ＬＩＮＥヤフー,東P,"488.4","-9.5 (-1.91%) "
4694,ビー・エム・エル,東P,"3,565","0.0 (0.00%) "
4704,トレンドマイクロ,東P,"6,742","-56.0 (-0.82%) "
4707,キタック,東S,"388","+8.0 (+2.11%) "
4709,ＩＤ　ＨＬＤＧ,東P,"1,042","-3.0 (-0.29%) "
4712,ＫｅｙＨｏｌｄｅｒ,東S,"813","0.0 (0.00%) "
4714,リソー教育グループ,東P,"206","0.0 (0.00%) "
4716,日本オラクル,東S,"9,750","+68.0 (+0.70%) "
4719,アルファシステムズ,東P,"3,280","+20.0 (+0.61%) "
4722,フューチャー,東P,"2,426","0.0 (0.00%) "
4725,ＣＡＣ　ＨＬＤＧ,東P,"1,906","-9.0 (-0.47%) "
4732,ユー・エス・エス,東P,"1,805","-11.0 (-0.61%) "
4733,オービックビジネスコンサルタン,東P,"8,116","-64.0 (-0.78%) "
4743,アイティフォー,東P,"1,604","-9.0 (-0.56%) "
4746,東計電算,東S,"1,973","+5.0 (+0.25%) "
4751,サイバーエージェント,東P,"1,227","-4.0 (-0.32%) "
4763,クリーク・アンド・リバー社,東P,"1,500","+21.0 (+1.42%) "
4765,ＳＢＩグローバルアセットマネジ,東P,"596","-13.0 (-2.13%) "
4767,テー・オー・ダブリュー,東S,"387","-3.0 (-0.77%) "
4768,大塚商会,東P,"3,655","-20.0 (-0.54%) "
4776,サイボウズ,東P,"2,948","-19.0 (-0.64%) "
4783,ＮＣＤ,東S,"2,427","+28.0 (+1.17%) "
4792,山田コンサルティンググループ,東P,"1,696","0.0 (0.00%) "
4801,セントラルスポーツ,東P,"2,302","-13.0 (-0.56%) "
4811,ドリーム・アーツ,東G,"907","+6.0 (+0.67%) "
4812,電通総研,東P,"2,862","-2.0 (-0.07%) "
4813,ＡＣＣＥＳＳ,東P,"422","0.0 (0.00%) "
4816,東映アニメーション,東S,"2,914","+8.0 (+0.28%) "
4819,デジタルガレージ,東P,"2,416","-41.0 (-1.67%) "
4820,イーエムシステムズ,東P,"559","-5.0 (-0.89%) "
4825,ウェザーニューズ,東P,"1,948","-2.0 (-0.10%) "
4826,ＣＩＪ,東P,"524","-3.0 (-0.57%) "
4828,ビジネスエンジニアリング,東P,"1,270","-34.0 (-2.61%) "
4829,日本エンタープライズ,東S,"103","-2.0 (-1.90%) "
4832,ＪＦＥシステムズ,東S,"1,837","-54.0 (-2.86%) "
4839,ＷＯＷＯＷ,東P,"926","-15.0 (-1.59%) "
4845,スカラ,東S,"343","+4.0 (+1.18%) "
4847,インテリジェント　ウェイブ,東P,"1,500","+28.0 (+1.90%) "
4848,フルキャストＨＬＤＧ,東P,"1,775","-3.0 (-0.17%) "
4849,エン,東P,"1,725","-30.0 (-1.71%) "
4880,セルソース,東S,"312","-2.0 (-0.64%) "
4882,ペルセウスプロテオミクス,東G,"166","+5.0 (+3.11%) "
4883,モダリス,東G,"31","-1.0 (-3.13%) "
4884,クリングルファーマ,東G,"564","+80.0 (+16.53%) "
4886,あすか製薬ＨＬＤＧ,東P,"2,010","-20.0 (-0.99%) "
4887,サワイグループＨＬＤＧ,東P,"1,598","+9.0 (+0.57%) "
4889,レナサイエンス,東G,"1,099","-4.0 (-0.36%) "
4901,富士フイルムＨＬＤＧ,東P,"3,404","+90.0 (+2.72%) "
4902,コニカミノルタ,東P,"643.5","-2.3 (-0.36%) "
4911,資生堂,東P,"3,274","+13.0 (+0.40%) "
4912,ライオン,東P,"1,728","+2.0 (+0.12%) "
4914,高砂香料工業,東P,"1,271","+19.0 (+1.52%) "
4919,ミルボン,東P,"3,250","+35.0 (+1.09%) "
4922,コーセーＨＬＤＧ,東P,"5,363","-22.0 (-0.41%) "
4923,コタ,東P,"1,142","-24.0 (-2.06%) "
4927,ポーラ・オルビスＨＬＤＧ,東P,"1,340.5","+7.5 (+0.56%) "
4928,ノエビアＨＬＤＧ,東P,"4,420","-20.0 (-0.45%) "
4931,新日本製薬,東P,"1,953","-11.0 (-0.56%) "
4933,Ｉ−ｎｅ,東P,"2,150","+9.0 (+0.42%) "
4934,プレミアアンチエイジング,東G,"581","-1.0 (-0.17%) "
4936,アクシージア,東S,"291","-2.0 (-0.68%) "
4951,エステー,東P,"1,487","-6.0 (-0.40%) "
4956,コニシ,東P,"1,446","0.0 (0.00%) "
4958,長谷川香料,東P,"3,290","+35.0 (+1.08%) "
4966,上村工業,東S,"21,980","+620.0 (+2.90%) "
4967,小林製薬,東P,"7,059","-48.0 (-0.68%) "
4968,荒川化学工業,東P,"2,500","+180.0 (+7.76%) "
4970,東洋合成工業,東S,"11,160","+380.0 (+3.53%) "
4971,メック,東P,"7,520","+320.0 (+4.44%) "
4972,綜研化学,東S,"4,425","-10.0 (-0.23%) "
4973,日本高純度化学,東P,"5,100","+325.0 (+6.81%) "
4975,ＪＣＵ,東P,"6,280","+330.0 (+5.55%) "
4977,新田ゼラチン,東S,"1,165","-10.0 (-0.85%) "
4978,リプロセル,東G,"137","+5.0 (+3.79%) "
4979,ＯＡＴアグリオ,東S,"2,768","+40.0 (+1.47%) "
4980,デクセリアルズ,東P,"3,474","+85.0 (+2.51%) "
4985,アース製薬,東P,"4,575","+10.0 (+0.22%) "
4992,北興化学工業,東S,"1,916","+54.0 (+2.90%) "
4996,クミアイ化学工業,東P,"653","-7.0 (-1.06%) "
4997,日本農薬,東P,"1,077","0.0 (0.00%) "
4998,フマキラー,東S,"1,153","+22.0 (+1.95%) "
5010,日本精蝋,東S,"307","+3.0 (+0.99%) "
5011,ニチレキグループ,東P,"2,243","+7.0 (+0.31%) "
5013,ユシロ,東S,"3,155","+20.0 (+0.64%) "
5016,ＪＸ金属,東P,"3,712","+100.0 (+2.77%) "
5018,ＭＯＲＥＳＣＯ,東S,"2,356","+55.0 (+2.39%) "
5019,出光興産,東P,"1,526.5","-33.5 (-2.15%) "
5020,ＥＮＥＯＳ　ＨＬＤＧ,東P,"1,362","-2.0 (-0.15%) "
5021,コスモエネルギーＨＬＤＧ,東P,"4,122","-38.0 (-0.91%) "
5027,ＡｎｙＭｉｎｄ　Ｇｒｏｕｐ,東G,"799","-7.0 (-0.87%) "
5032,ＡＮＹＣＯＬＯＲ,東P,"3,045","-20.0 (-0.65%) "
5033,ヌーラボ,東G,"1,214","-24.0 (-1.94%) "
5036,日本ビジネスシステムズ,東P,"1,535","-19.0 (-1.22%) "
5074,テスＨＬＤＧ,東P,"544","+7.0 (+1.30%) "
5076,インフロニア・ＨＬＤＧ,東P,"2,330","-365.5 (-13.56%) "
5101,横浜ゴム,東P,"7,191","+130.0 (+1.84%) "
5105,ＴＯＹＯ　ＴＩＲＥ,東P,"3,924","+19.0 (+0.49%) "
5108,ブリヂストン,東P,"3,829","+49.0 (+1.30%) "
5110,住友ゴム工業,東P,"1,999","+19.5 (+0.99%) "
5121,藤倉コンポジット,東P,"3,075","+100.0 (+3.36%) "
5122,オカモト,東P,"6,210","+60.0 (+0.98%) "
5142,アキレス,東P,"1,936","-11.0 (-0.56%) "
5184,ニチリン,東S,"4,115","+15.0 (+0.37%) "
5185,フコク,東P,"1,922","-1.0 (-0.05%) "
5186,ニッタ,東P,"6,830","+260.0 (+3.96%) "
5192,三ツ星ベルト,東P,"4,125","+25.0 (+0.61%) "
5195,バンドー化学,東P,"2,484","+34.0 (+1.39%) "
5201,ＡＧＣ,東P,"5,810","+61.0 (+1.06%) "
5204,石塚硝子,東S,"3,030","0.0 (0.00%) "
5208,有沢製作所,東P,"2,925","+121.0 (+4.32%) "
5210,日本山村硝子,東S,"2,752","-60.0 (-2.13%) "
5214,日本電気硝子,東P,"5,158","+99.0 (+1.96%) "
5218,オハラ,東S,"1,684","+55.0 (+3.38%) "
5232,住友大阪セメント,東P,"1,867","+1.0 (+0.05%) "
5233,太平洋セメント,東P,"4,118","+18.0 (+0.44%) "
5246,ＥＬＥＭＥＮＴＳ,東G,"878","+52.0 (+6.30%) "
5253,カバー,東G,"1,529","+29.0 (+1.93%) "
5258,トランザクション・メディア・,東G,"424","+6.0 (+1.44%) "
5261,リソルＨＬＤＧ,東P,"7,540","-30.0 (-0.40%) "
5262,日本ヒューム,東P,"1,059","-23.0 (-2.13%) "
5269,日本コンクリート工業,東P,"349","+1.0 (+0.29%) "
5273,三谷セキサン,東S,"1,982","-46.0 (-2.27%) "
5284,ヤマウＨＬＤＧ,東S,"2,212","-5.0 (-0.23%) "
5285,ヤマックス,東S,"1,286","-13.0 (-1.00%) "
5288,アジアパイルＨＬＤＧ,東P,"1,440","+29.0 (+2.06%) "
5290,ベルテクスコーポレーション,東S,"1,225","-5.0 (-0.41%) "
5301,東海カーボン,東P,"2,380","+62.0 (+2.67%) "
5302,日本カーボン,東P,"5,230","+60.0 (+1.16%) "
5310,東洋炭素,東P,"7,900","+90.0 (+1.15%) "
5331,ノリタケ,東P,"3,785","+90.0 (+2.44%) "
5332,ＴＯＴＯ,東P,"6,235","+138.0 (+2.26%) "
5333,ＮＧＫ,東P,"5,848","+224.0 (+3.98%) "
5334,日本特殊陶業,東P,"3,947","+189.0 (+5.03%) "
5344,ＭＡＲＵＷＡ,東P,"59,870","+1,520.0 (+2.60%) "
5351,品川リフラ,東P,"1,953","+8.0 (+0.41%) "
5357,ヨータイ,東P,"1,690","-10.0 (-0.59%) "
5384,フジミインコーポレーテッド,東P,"3,710","+150.0 (+4.21%) "
5388,クニミネ工業,東S,"1,380","-17.0 (-1.22%) "
5393,ニチアス,東P,"3,641","+88.0 (+2.48%) "
5401,日本製鉄,東P,"639","-3.5 (-0.54%) "
5406,神戸製鋼所,東P,"1,993","+0.5 (+0.03%) "
5408,中山製鋼所,東P,"612","-4.0 (-0.65%) "
5410,合同製鐵,東P,"2,823","-42.0 (-1.47%) "
5411,ＪＦＥＨＬＤＧ,東P,"1,704","-7.0 (-0.41%) "
5423,東京製鐵,東P,"1,656","-5.0 (-0.30%) "
543A,ＡＲＣＨＩＯＮ,東P,"279","-1.0 (-0.36%) "
5440,共英製鋼,東P,"1,844","-22.0 (-1.18%) "
5444,大和工業,東P,"12,250","+225.0 (+1.87%) "
5445,東京鐵鋼,東P,"1,926","-24.0 (-1.23%) "
5449,大阪製鐵,東S,"2,420","-13.0 (-0.53%) "
544A,ＧＭＳ　グループ,東P,"320","0.0 (0.00%) "
5451,ヨドコウ,東P,"1,374","-6.0 (-0.43%) "
545A,トランヴィア,東P,"869","+5.0 (+0.58%) "
5461,中部鋼鈑,東P,"2,125","+15.0 (+0.71%) "
5463,丸一鋼管,東P,"1,692","+25.5 (+1.53%) "
5464,モリ工業,東S,"881","-14.0 (-1.56%) "
546A,ＭＩＲＡＩＮＩ　ＨＬＤＧ,東P,"2,672","+64.0 (+2.45%) "
5471,大同特殊鋼,東P,"2,548.5","+77.5 (+3.14%) "
547A,ムニノバＨＬＤＧ,東P,"421","+3.0 (+0.72%) "
5480,日本冶金工業,東P,"5,280","-10.0 (-0.19%) "
5482,愛知製鋼,東P,"2,969","-21.0 (-0.70%) "
5541,大平洋金属,東P,"2,495","-35.0 (-1.38%) "
5563,新日本電工,東P,"434","-2.0 (-0.46%) "
5602,栗本鐵工所,東P,"1,603","-2.0 (-0.12%) "
5603,虹技,東S,"1,290","-15.0 (-1.15%) "
5612,日本鋳鉄管,東S,"1,576","-9.0 (-0.57%) "
5631,日本製鋼所,東P,"7,248","+66.0 (+0.92%) "
5632,三菱製鋼,東P,"2,408","+13.0 (+0.54%) "
5659,日本精線,東P,"1,391","+7.0 (+0.51%) "
5698,エンビプロＨＬＤＧ,東S,"710","+7.0 (+1.00%) "
5702,大紀アルミニウム工業所,東P,"1,718","-27.0 (-1.55%) "
5703,日本軽金属ＨＬＤＧ,東P,"2,833","-7.0 (-0.25%) "
5706,三井金属,東P,"2,647.5","+94.0 (+3.68%) "
5707,東邦亜鉛,東P,"923","0.0 (0.00%) "
5711,三菱マテリアル,東P,"5,033","+52.0 (+1.04%) "
5713,住友金属鉱山,東P,"9,672","-52.0 (-0.53%) "
5714,ＤＯＷＡ　ＨＬＤＧ,東P,"8,729","+26.0 (+0.30%) "
5715,古河機械金属,東P,"4,085","+45.0 (+1.11%) "
5721,エスクリプトエナジー,東S,"51","+1.0 (+2.00%) "
5726,大阪チタニウムテクノロジーズ,東P,"2,376","-17.0 (-0.71%) "
5741,ＵＡＣＪ,東P,"2,146","+28.0 (+1.32%) "
5757,ＣＫサンエツ,東P,"4,930","+15.0 (+0.31%) "
575A,前澤ＨＬＤＧ,東P,"1,878","+26.0 (+1.40%) "
5801,古河電気工業,東P,"4,378","-51.0 (-1.15%) "
5802,住友電気工業,東P,"2,466","+14.0 (+0.57%) "
5803,フジクラ,東P,"5,566","-32.0 (-0.57%) "
5805,ＳＷＣＣ,東P,"2,847","+17.0 (+0.60%) "
5816,オーナンバ,東S,"1,439","-5.0 (-0.35%) "
5821,平河ヒューテック,東P,"3,270","+35.0 (+1.08%) "
5830,いよぎんＨＬＤＧ,東P,"3,870","+13.0 (+0.34%) "
5831,しずおかＦＧ,東P,"3,578","+10.0 (+0.28%) "
5832,ちゅうぎんＦＧ,東P,"3,753","+42.0 (+1.13%) "
5842,インテグラル・グループ,東G,"2,810","-24.0 (-0.85%) "
5844,京都ＦＧ,東P,"4,689","-19.0 (-0.40%) "
5845,全保連,東S,"1,188","-17.0 (-1.41%) "
5851,リョービ,東P,"2,728","+27.0 (+1.00%) "
5852,アーレスティ,東P,"625","-7.0 (-1.11%) "
5857,ＡＲＥＨＬＤＧ,東P,"3,515","+60.0 (+1.74%) "
5889,Ｊａｐａｎ　Ｅｙｅｗｅａｒ　Ｈ,東P,"2,164","-15.0 (-0.69%) "
5892,ｙｕｔｏｒｉ,東G,"2,932","+13.0 (+0.45%) "
5901,東洋製罐グループＨＬＤＧ,東P,"4,446","+40.0 (+0.91%) "
5902,ホッカン,東P,"2,582","-9.0 (-0.35%) "
5909,コロナ,東S,"928","+2.0 (+0.22%) "
590A,ギフティグループ,東P,"1,095","-11.0 (-0.99%) "
5911,横河ブリッジＨＬＤＧ,東P,"2,877","-35.0 (-1.20%) "
5915,駒井ハルテック,東S,"2,355","-48.0 (-2.00%) "
5929,三和ＨＬＤＧ,東P,"3,434","+13.0 (+0.38%) "
5930,文化シヤッター,東P,"1,791","-17.0 (-0.94%) "
5932,三協立山,東P,"632","-13.0 (-2.02%) "
5933,アルインコ,東P,"1,070","-5.0 (-0.47%) "
5938,ＬＩＸＩＬ,東P,"1,663","-18.0 (-1.07%) "
5943,ノーリツ,東P,"2,157","+8.0 (+0.37%) "
5946,長府製作所,東P,"1,980","+4.0 (+0.20%) "
5947,リンナイ,東P,"3,363","+14.0 (+0.42%) "
5949,ユニプレス,東P,"1,281","+3.0 (+0.23%) "
5950,日本パワーファスニング,東S,"147","-3.0 (-2.00%) "
5957,日東精工,東P,"754","-2.0 (-0.26%) "
5958,三洋工業,東S,"4,345","+50.0 (+1.16%) "
5959,岡部,東P,"913","-6.0 (-0.65%) "
5970,ジーテクト,東P,"2,193","+12.0 (+0.55%) "
5975,東プレ,東P,"3,330","+65.0 (+1.99%) "
5976,高周波熱錬,東P,"1,438","-4.0 (-0.28%) "
5981,東京製綱,東P,"1,846","-12.0 (-0.65%) "
5982,マルゼン,東S,"4,020","-5.0 (-0.12%) "
5985,サンコール,東S,"2,546","+62.0 (+2.50%) "
5986,モリテック　スチール,東S,"284","-5.0 (-1.73%) "
5988,パイオラックス,東P,"1,628","-7.0 (-0.43%) "
5989,エイチワン,東P,"1,403","+14.0 (+1.01%) "
5991,ニッパツ,東P,"3,661","+200.0 (+5.78%) "
5992,中央発條,東S,"3,600","+20.0 (+0.56%) "
6005,三浦工業,東P,"3,038","+40.0 (+1.33%) "
6013,タクマ,東P,"3,005","+34.0 (+1.14%) "
6023,ダイハツインフィニアース,東S,"3,305","-15.0 (-0.45%) "
6027,弁護士ドットコム,東P,"4,980","-50.0 (-0.99%) "
6035,アイ・アールジャパンＨＬＤＧ,東S,"732","+2.0 (+0.27%) "
6036,ＫｅｅＰｅｒ技研,東P,"3,400","+10.0 (+0.29%) "
6049,イトクロ,東G,"252","0.0 (0.00%) "
6050,イー・ガーディアン,東P,"1,614","-23.0 (-1.41%) "
6055,ジャパンマテリアル,東P,"2,391","+45.0 (+1.92%) "
6058,ベクトル,東P,"1,988","-77.0 (-3.73%) "
6062,チャーム・ケア,東P,"1,383","+14.0 (+1.02%) "
6070,キャリアリンク,東P,"2,495","+4.0 (+0.16%) "
6071,ＩＢＪ,東P,"895","+12.0 (+1.36%) "
6073,アサンテ,東P,"1,320","-51.0 (-3.72%) "
6078,バリューＨＲ,東P,"1,511","-6.0 (-0.40%) "
6080,Ｍ＆Ａキャピタルパートナーズ,東P,"4,285","+15.0 (+0.35%) "
6081,アライドアーキテクツ,東G,"148","+2.0 (+1.37%) "
6082,ライドオンエクスプレスＨＬＤＧ,東S,"987","+2.0 (+0.20%) "
6083,ＥＲＩ　ＨＬＤＧ,東S,"1,373","-32.0 (-2.28%) "
6088,シグマクシス・ＨＬＤＧ,東P,"580","+5.0 (+0.87%) "
6089,ウィルグループ,東P,"1,122","-13.0 (-1.15%) "
6094,フリークアウトＨＬＤＧ,東G,"500","0.0 (0.00%) "
6098,リクルートＨＬＤＧ,東P,"16,635","-50.0 (-0.30%) "
6099,エラン,東P,"699","-2.0 (-0.29%) "
6101,ツガミ,東P,"5,710","+190.0 (+3.44%) "
6103,オークマ,東P,"4,965","+145.0 (+3.01%) "
6104,芝浦機械,東P,"5,010","+100.0 (+2.04%) "
6113,アマダ,東P,"2,679","+52.5 (+2.00%) "
6118,アイダエンジニアリング,東P,"1,227","+19.0 (+1.57%) "
6125,岡本工作機械製作所,東S,"5,220","+200.0 (+3.98%) "
6134,ＦＵＪＩ,東P,"8,428","+369.0 (+4.58%) "
6135,牧野フライス製作所,東P,"3,250","+75.0 (+2.36%) "
6136,オーエスジー,東P,"3,750","+101.0 (+2.77%) "
6137,小池酸素工業,東S,"1,492","-1.0 (-0.07%) "
6140,旭ダイヤモンド工業,東P,"1,144","+26.0 (+2.33%) "
6141,ＤＭＧ森精機,東P,"2,888","+42.0 (+1.48%) "
6143,ソディック,東P,"1,841","+90.0 (+5.14%) "
6145,ＮＩＴＴＯＫＵ,東S,"2,900","+53.0 (+1.86%) "
6146,ディスコ,東P,"63,730","+3,440.0 (+5.71%) "
6151,日東工器,東P,"1,701","+30.0 (+1.80%) "
6157,日進工具,東S,"807","-3.0 (-0.37%) "
6167,冨士ダイス,東P,"999","-8.0 (-0.79%) "
6176,ブランジスタ,東S,"983","+6.0 (+0.61%) "
6177,ＡｐｐＢａｎｋ,東G,"86","0.0 (0.00%) "
6178,日本郵政,東P,"2,465.5","+0.5 (+0.02%) "
6182,メタリアル,東G,"515","-24.0 (-4.45%) "
6183,ベルシステム２４ＨＬＤＧ,東P,"1,281","+2.0 (+0.16%) "
6184,鎌倉新書,東P,"611","+8.0 (+1.33%) "
6191,エアトリ,東P,"1,469","-9.0 (-0.61%) "
6194,アトラエ,東P,"921","+2.0 (+0.22%) "
6196,ストライクグループ,東P,"1,382","-27.0 (-1.92%) "
6199,セラク,東S,"1,318","+11.0 (+0.84%) "
6200,インソース,東P,"660","-10.0 (-1.49%) "
6203,豊和工業,東S,"2,455","-61.0 (-2.42%) "
6209,リケンＮＰＲ,東P,"3,835","0.0 (0.00%) "
6222,島精機製作所,東P,"892","+11.0 (+1.25%) "
6224,ＪＲＣ,東G,"1,155","+13.0 (+1.14%) "
6226,守谷輸送機工業,東S,"2,181","+33.0 (+1.54%) "
6231,木村工機,東S,"12,320","+260.0 (+2.16%) "
6232,ＡＣＳＬ,東G,"1,314","+27.0 (+2.10%) "
6235,オプトラン,東P,"2,823","+114.0 (+4.21%) "
6237,イワキポンプ,東P,"4,165","+65.0 (+1.59%) "
6238,フリュー,東P,"1,394","-22.0 (-1.55%) "
6239,ナガオカ,東S,"1,432","+27.0 (+1.92%) "
6240,ヤマシンフィルタ,東P,"514","+11.0 (+2.19%) "
6245,ヒラノテクシード,東S,"1,794","+23.0 (+1.30%) "
6247,日阪製作所,東P,"1,626","-6.0 (-0.37%) "
6250,やまびこ,東P,"4,375","+70.0 (+1.63%) "
6254,野村マイクロ・サイエンス,東P,"3,665","+160.0 (+4.56%) "
6255,エヌ・ピー・シー,東G,"758","+8.0 (+1.07%) "
6257,藤商事,東S,"999","-1.0 (-0.10%) "
6258,平田機工,東P,"4,075","+195.0 (+5.03%) "
6262,ＰＥＧＡＳＵＳ,東S,"520","+2.0 (+0.39%) "
6264,マルマエ,東P,"2,230","+114.0 (+5.39%) "
6266,タツモ,東P,"4,395","+225.0 (+5.40%) "
6268,ナブテスコ,東P,"4,979","+53.0 (+1.08%) "
6269,三井海洋開発,東P,"8,702","-9.0 (-0.10%) "
6272,レオン自動機,東P,"1,465","+2.0 (+0.14%) "
6273,ＳＭＣ,東P,"75,190","+1,740.0 (+2.37%) "
6277,ホソカワミクロン,東P,"6,620","-20.0 (-0.30%) "
6278,ユニオンツール,東P,"16,730","+360.0 (+2.20%) "
6279,瑞光,東P,"913","-15.0 (-1.62%) "
6282,オイレス工業,東P,"2,792","+13.0 (+0.47%) "
6284,日精エー・エス・ビー機械,東P,"8,370","+100.0 (+1.21%) "
6287,サトー,東P,"2,634","+10.0 (+0.38%) "
6289,技研製作所,東P,"1,985","-46.0 (-2.26%) "
6291,日本エアーテック,東S,"1,336","-21.0 (-1.55%) "
6294,オカダアイヨン,東P,"1,892","-7.0 (-0.37%) "
6298,ワイエイシイＨＬＤＧ,東P,"1,275","+21.0 (+1.67%) "
6301,小松製作所,東P,"7,777","+277.0 (+3.69%) "
6302,住友重機械工業,東P,"6,310","+94.0 (+1.51%) "
6305,日立建機,東P,"5,684","+134.0 (+2.41%) "
6306,日工,東P,"1,009","+5.0 (+0.50%) "
6309,巴工業,東P,"1,937","+19.0 (+0.99%) "
6310,井関農機,東P,"1,900","+11.0 (+0.58%) "
6315,ＴＯＷＡ,東P,"2,491","+106.0 (+4.44%) "
6317,北川鉄工所,東S,"2,506","0.0 (0.00%) "
6322,タクミナ,東S,"1,586","-17.0 (-1.06%) "
6323,ローツェ,東P,"4,495","+277.0 (+6.57%) "
6324,ハーモニック・ドライブ・システ,東P,"6,660","+90.0 (+1.37%) "
6326,クボタ,東P,"2,729","+46.0 (+1.71%) "
6328,荏原実業,東P,"2,506","+32.0 (+1.29%) "
6330,東洋エンジニアリング,東P,"2,613","-17.0 (-0.65%) "
6331,三菱化工機,東P,"3,045","-5.0 (-0.16%) "
6332,月島ＨＬＤＧ,東P,"2,619","-3.0 (-0.11%) "
6333,ＴＥＩＫＯＫＵ,東P,"3,605","+40.0 (+1.12%) "
6339,新東工業,東P,"1,142","+23.0 (+2.06%) "
6340,澁谷工業,東P,"5,740","+150.0 (+2.68%) "
6345,アイチ,東P,"1,443","+13.0 (+0.91%) "
6349,小森コーポレーション,東P,"1,963","+26.0 (+1.34%) "
6351,鶴見製作所,東P,"2,613","+61.0 (+2.39%) "
6356,日本ギア工業,東S,"1,391","+36.0 (+2.66%) "
6358,酒井重工業,東P,"2,054","-2.0 (-0.10%) "
6361,荏原製作所,東P,"4,870","+169.0 (+3.59%) "
6363,酉島製作所,東P,"2,990","+70.0 (+2.40%) "
6364,ＡＩＲＭＡＮ,東P,"2,501","+46.0 (+1.87%) "
6366,千代田化工建設,東S,"674","+4.0 (+0.60%) "
6367,ダイキン工業,東P,"20,525","-60.0 (-0.29%) "
6368,オルガノ,東P,"2,646.5","+101.5 (+3.99%) "
6369,トーヨーカネツ,東P,"2,326","-9.0 (-0.39%) "
6370,栗田工業,東P,"7,955","+130.0 (+1.66%) "
6371,椿本チエイン,東P,"2,667","+54.0 (+2.07%) "
6376,日機装,東P,"3,815","+215.0 (+5.97%) "
6378,木村化工機,東S,"1,170","+19.0 (+1.65%) "
6379,レイズネクスト,東P,"992","+24.0 (+2.48%) "
6381,アネスト岩田,東P,"1,860","+14.0 (+0.76%) "
6383,ダイフク,東P,"5,874","+23.0 (+0.39%) "
6387,サムコ,東P,"9,720","+520.0 (+5.65%) "
6390,加藤製作所,東P,"1,282","-10.0 (-0.77%) "
6395,タダノ,東P,"1,356","+12.0 (+0.89%) "
6407,ＣＫＤ,東P,"6,040","+310.0 (+5.41%) "
6412,平和ＨＬＤＧ,東P,"2,005","-20.0 (-0.99%) "
6413,理想科学工業,東P,"1,024","+5.0 (+0.49%) "
6417,ＳＡＮＫＹＯ,東P,"2,027.5","-42.0 (-2.03%) "
6418,日本金銭機械,東P,"1,254","+3.0 (+0.24%) "
6419,マースグループＨＬＤＧ,東P,"3,020","+5.0 (+0.17%) "
6420,ガリレイＨＬＤＧ,東P,"3,395","+55.0 (+1.65%) "
6425,ユニバーサルエンターテインメン,東S,"668","-16.0 (-2.34%) "
6430,ダイコク電機,東P,"2,306","-28.0 (-1.20%) "
6432,竹内製作所,東P,"7,520","+130.0 (+1.76%) "
6436,アマノ,東P,"3,734","-7.0 (-0.19%) "
6440,ＪＵＫＩ,東P,"846","+14.0 (+1.68%) "
6444,サンデン,東S,"187","+3.0 (+1.63%) "
6445,ジャノメ,東P,"1,314","-6.0 (-0.45%) "
6448,ブラザー工業,東P,"4,731","+82.0 (+1.76%) "
6454,マックス,東P,"1,886","+33.0 (+1.78%) "
6455,モリタＨＬＤＧ,東P,"2,436","+39.0 (+1.63%) "
6457,グローリー,東P,"4,462","+72.0 (+1.64%) "
6458,新晃工業,東P,"1,206","+6.0 (+0.50%) "
6459,だいわ,東P,"1,628","-3.0 (-0.18%) "
6460,セガサミーＨＬＤＧ,東P,"3,252","-33.0 (-1.00%) "
6463,ＴＰＲ,東P,"1,503","+9.0 (+0.60%) "
6464,ツバキ・ナカシマ,東P,"326","-2.0 (-0.61%) "
6465,ホシザキ,東P,"5,210","+34.0 (+0.66%) "
6470,大豊工業,東S,"1,165","+5.0 (+0.43%) "
6471,日本精工,東P,"1,126","+19.0 (+1.72%) "
6472,ＮＴＮ,東P,"386","+9.4 (+2.50%) "
6473,ジェイテクト,東P,"2,172","+52.0 (+2.45%) "
6474,不二越,東P,"5,780","+150.0 (+2.66%) "
6479,ミネベアミツミ,東P,"3,918","+83.0 (+2.16%) "
6480,日本トムソン,東P,"1,932","+60.0 (+3.21%) "
6481,ＴＨＫ,東P,"6,758","+241.0 (+3.70%) "
6482,ＹＵＳＨＩＮ,東S,"712","+3.0 (+0.42%) "
6485,前澤給装工業,東S,"1,659","-9.0 (-0.54%) "
6490,ＰＩＬＬＡＲ,東P,"12,180","+630.0 (+5.45%) "
6498,キッツ,東P,"2,117","+56.0 (+2.72%) "
6501,日立製作所,東P,"5,642","+120.0 (+2.17%) "
6503,三菱電機,東P,"5,367","+103.0 (+1.96%) "
6504,富士電機,東P,"15,210","+555.0 (+3.79%) "
6505,東洋電機製造,東S,"2,357","-17.0 (-0.72%) "
6506,安川電機,東P,"4,931","+125.0 (+2.60%) "
6507,シンフォニア　テクノロジー,東P,"14,590","+190.0 (+1.32%) "
6508,明電舎,東P,"12,060","+300.0 (+2.55%) "
6516,山洋電気,東P,"5,740","+200.0 (+3.61%) "
6517,デンヨー,東P,"3,975","+60.0 (+1.53%) "
6521,オキサイド,東G,"3,425","+115.0 (+3.47%) "
6522,アスタリスク,東G,"1,268","+19.0 (+1.52%) "
6523,ＰＨＣＨＬＤＧ,東P,"1,603","+1.0 (+0.06%) "
6524,湖北工業,東S,"5,790","+30.0 (+0.52%) "
6525,ＫＯＫＵＳＡＩ　ＥＬＥＣＴＲＩ,東P,"10,485","+435.0 (+4.33%) "
6526,ソシオネクスト,東P,"2,257.5","+40.5 (+1.83%) "
6532,ベイカレント,東P,"8,014","-82.0 (-1.01%) "
6533,Ｏｒｃｈｅｓｔｒａ　ＨＬＤＧ,東P,"2,042","+20.0 (+0.99%) "
6535,アイモバイル,東P,"481","-5.0 (-1.03%) "
6538,ディスラプターズ,東S,"238","-7.0 (-2.86%) "
6539,ＭＳ―Ｊａｐａｎ,東P,"961","-5.0 (-0.52%) "
6544,ジャパンエレベーターサービスＨ,東P,"1,485","+4.5 (+0.30%) "
6547,グリーンズ,東S,"2,030","+10.0 (+0.50%) "
6551,ツナググループＨＬＤＧ,東S,"606","+3.0 (+0.50%) "
6552,ＧａｍｅＷｉｔｈ,東S,"173","+5.0 (+2.98%) "
6560,エル・ティー・エス,東P,"1,785","+5.0 (+0.28%) "
6562,ジーニー,東G,"985","-1.0 (-0.10%) "
6564,ミダックＨＬＤＧ,東P,"1,970","+103.0 (+5.52%) "
6571,キュービーネットＨＬＤＧ,東P,"1,241","-4.0 (-0.32%) "
6572,オープングループ,東P,"256","+2.0 (+0.79%) "
6574,コンヴァノ,東G,"123","-1.0 (-0.81%) "
6584,三櫻工業,東P,"761","0.0 (0.00%) "
6586,マキタ,東P,"5,313","+55.0 (+1.05%) "
6588,東芝テック,東P,"2,869","+49.0 (+1.74%) "
6590,芝浦メカトロニクス,東P,"4,305","+45.0 (+1.06%) "
6592,マブチモーター,東P,"1,737","+20.0 (+1.16%) "
6594,ニデック,東P,"2,180","+63.0 (+2.98%) "
6597,ＨＰＣシステムズ,東G,"3,795","+5.0 (+0.13%) "
6615,ユー・エム・シー・エレクトロニ,東S,"230","-1.0 (-0.43%) "
6616,トレックス・セミコンダクター,東P,"2,042","+42.0 (+2.10%) "
6617,東光高岳,東P,"7,650","+210.0 (+2.82%) "
6619,ダブル・スコープ,東P,"145","+3.0 (+2.11%) "
6620,宮越ＨＬＤＧ,東P,"626","+5.0 (+0.81%) "
6622,ダイヘン,東P,"2,878","+102.0 (+3.67%) "
6625,ＪＡＬＣＯ　ＨＬＤＧ,東S,"326","-5.0 (-1.51%) "
6626,ＳＥＭＩＴＥＣ,東S,"2,489","+40.0 (+1.63%) "
6627,テラプローブ,東S,"2,639","+71.0 (+2.76%) "
6629,テクノホライゾン,東S,"1,037","-3.0 (-0.29%) "
6630,ヤーマン,東P,"776","+5.0 (+0.65%) "
6632,ＪＶＣケンウッド,東P,"1,006.5","-5.5 (-0.54%) "
6634,ＪＮグループ,東S,"68","0.0 (0.00%) "
6638,ミマキエンジニアリング,東P,"2,302","+33.0 (+1.45%) "
6643,戸上電機製作所,東S,"5,840","+250.0 (+4.47%) "
6644,大崎電気工業,東P,"1,454","+29.0 (+2.04%) "
6645,オムロン,東P,"6,597","+201.0 (+3.14%) "
6651,日東工業,東P,"4,470","+20.0 (+0.45%) "
6652,ＩＤＥＣ,東P,"4,060","+240.0 (+6.28%) "
6653,正興電機製作所,東P,"2,144","+67.0 (+3.23%) "
6658,シライ電子工業,東S,"452","+5.0 (+1.12%) "
6668,アドテックプラズマテクノロジー,東S,"5,020","+175.0 (+3.61%) "
6674,ジーエスユアサコーポレーション,東P,"5,718","+270.0 (+4.96%) "
6675,サクサ,東S,"2,056","-43.0 (-2.05%) "
6676,バッファロー,東S,"3,550","-55.0 (-1.53%) "
6677,エスケーエレクトロニクス,東S,"3,160","+55.0 (+1.77%) "
6699,ダイヤモンドエレクトリックＨＤ,東S,"479","-2.0 (-0.42%) "
6701,日本電気,東P,"4,927","+14.0 (+0.28%) "
6702,富士通,東P,"4,063","-6.0 (-0.15%) "
6703,沖電気工業,東P,"2,710","+8.0 (+0.30%) "
6706,電気興業,東P,"3,320","0.0 (0.00%) "
6707,サンケン電気,東P,"7,261","+313.0 (+4.50%) "
6718,アイホン,東P,"2,703","-11.0 (-0.41%) "
6723,ルネサスエレクトロニクス,東P,"3,862","+287.0 (+8.03%) "
6724,セイコーエプソン,東P,"3,335","+51.0 (+1.55%) "
6727,ワコム,東P,"892","+29.0 (+3.36%) "
6728,アルバック,東P,"8,419","+289.0 (+3.55%) "
6730,アクセル,東S,"1,690","+56.0 (+3.43%) "
6736,サン電子,東S,"9,560","+490.0 (+5.40%) "
6737,ＥＩＺＯ,東P,"3,200","+100.0 (+3.23%) "
6740,ジャパンディスプレイ,東P,"45","-1.0 (-2.17%) "
6741,日本信号,東P,"1,804","+41.0 (+2.33%) "
6742,京三製作所,東P,"1,174","+42.0 (+3.71%) "
6744,能美防災,東P,"3,915","+60.0 (+1.56%) "
6745,ホーチキ,東P,"1,969","+55.0 (+2.87%) "
6750,エレコム,東P,"2,012","+7.0 (+0.35%) "
6752,パナソニック　ＨＬＤＧ,東P,"4,710","+142.0 (+3.11%) "
6753,シャープ,東P,"650.6","+12.5 (+1.96%) "
6754,アンリツ,東P,"3,685","+196.0 (+5.62%) "
6758,ソニーグループ,東P,"3,723","-30.0 (-0.80%) "
6762,ＴＤＫ,東P,"3,447","+249.0 (+7.79%) "
6763,帝国通信工業,東P,"2,879","+30.0 (+1.05%) "
6768,タムラ製作所,東P,"983","+26.0 (+2.72%) "
6769,ザインエレクトロニクス,東S,"1,323","+23.0 (+1.77%) "
6770,アルプスアルパイン,東P,"2,251.5","+44.0 (+1.99%) "
6777,ｓａｎｔｅｃ　ＨＬＤＧ,東S,"23,640","+270.0 (+1.16%) "
6778,アルチザネットワークス,東S,"624","+1.0 (+0.16%) "
6779,日本電波工業,東P,"3,655","+20.0 (+0.55%) "
6785,鈴木,東P,"3,480","+20.0 (+0.58%) "
6787,メイコー,東P,"24,950","+1,090.0 (+4.57%) "
6788,日本トリム,東P,"5,220","+10.0 (+0.19%) "
6794,フォスター電機,東P,"3,340","+70.0 (+2.14%) "
6800,ヨコオ,東P,"4,895","+230.0 (+4.93%) "
6804,ホシデン,東P,"2,388","+12.0 (+0.51%) "
6806,ヒロセ電機,東P,"25,740","+525.0 (+2.08%) "
6807,日本航空電子工業,東P,"2,705","+83.0 (+3.17%) "
6809,ＴＯＡ,東P,"1,719","+28.0 (+1.66%) "
6810,マクセル,東P,"2,634","+42.0 (+1.62%) "
6814,古野電気,東P,"7,910","+10.0 (+0.13%) "
6817,スミダコーポレーション,東P,"1,286","+9.0 (+0.70%) "
6820,アイコム,東P,"3,540","-105.0 (-2.88%) "
6823,リオン,東P,"3,460","+85.0 (+2.52%) "
6832,アオイ電子,東S,"2,749","+225.0 (+8.91%) "
6834,精工技研,東S,"6,920","+70.0 (+1.02%) "
6835,アライドテレシスＨＬＤＧ,東S,"269","-3.0 (-1.10%) "
6841,横河電機,東P,"4,733","+26.0 (+0.55%) "
6844,新電元工業,東P,"3,090","+35.0 (+1.15%) "
6845,アズビル,東P,"1,474.5","+16.5 (+1.13%) "
6849,日本光電工業,東P,"1,582","+19.5 (+1.25%) "
6850,チノー,東P,"1,815","+6.0 (+0.33%) "
6853,共和電業,東S,"788","+5.0 (+0.64%) "
6855,日本電子材料,東S,"8,530","+240.0 (+2.90%) "
6856,堀場製作所,東P,"26,345","+1,015.0 (+4.01%) "
6857,アドバンテスト,東P,"40,300","+1,670.0 (+4.32%) "
6858,小野測器,東S,"877","+11.0 (+1.27%) "
6859,エスペック,東P,"4,265","+155.0 (+3.77%) "
6861,キーエンス,東P,"81,680","+1,410.0 (+1.76%) "
6862,ミナトＨＬＤＧ,東S,"5,120","-20.0 (-0.39%) "
6863,ニレコ,東S,"1,088","+24.0 (+2.26%) "
6866,日置電機,東P,"11,810","+930.0 (+8.55%) "
6869,シスメックス,東P,"1,831.5","+13.0 (+0.71%) "
6871,日本マイクロニクス,東P,"15,060","+40.0 (+0.27%) "
6875,メガチップス,東P,"11,790","+220.0 (+1.90%) "
6877,ＯＢＡＲＡ　ＧＲＯＵＰ,東S,"6,160","+260.0 (+4.41%) "
6882,三社電機製作所,東S,"1,202","+13.0 (+1.09%) "
6890,フェローテック,東S,"12,040","+500.0 (+4.33%) "
6899,ＡＳＴＩ,東S,"2,167","-34.0 (-1.54%) "
6902,デンソー,東P,"1,842","+34.0 (+1.88%) "
6904,原田工業,東S,"881","+26.0 (+3.04%) "
6905,コーセル,東P,"1,527","+38.0 (+2.55%) "
6908,イリソ電子工業,東P,"2,775","+53.0 (+1.95%) "
6914,オプテックスグループ,東P,"3,390","+160.0 (+4.95%) "
6915,千代田インテグレ,東S,"3,525","0.0 (0.00%) "
6920,レーザーテック,東P,"46,190","+60.0 (+0.13%) "
6923,スタンレー電気,東P,"3,503","+21.0 (+0.60%) "
6925,ウシオ電機,東P,"4,318","+169.0 (+4.07%) "
6927,ヘリオス　テクノ　ＨＬＤＧ,東S,"993","+10.0 (+1.02%) "
6928,エノモト,東S,"3,435","+60.0 (+1.78%) "
6929,日本セラミック,東P,"3,750","+85.0 (+2.32%) "
6932,遠藤照明,東S,"2,501","+7.0 (+0.28%) "
6941,山一電機,東P,"9,950","+330.0 (+3.43%) "
6946,日本アビオニクス,東S,"7,260","-50.0 (-0.68%) "
6947,図研,東P,"5,510","+140.0 (+2.61%) "
6951,日本電子,東P,"7,992","+291.0 (+3.78%) "
6952,カシオ計算機,東P,"2,240.5","+66.5 (+3.06%) "
6954,ファナック,東P,"6,186","+111.0 (+1.83%) "
6955,ＦＤＫ,東S,"407","+2.0 (+0.49%) "
6958,日本シイエムケイ,東P,"789","+1.0 (+0.13%) "
6960,フクダ電子,東S,"11,730","+100.0 (+0.86%) "
6961,エンプラス,東P,"11,380","+640.0 (+5.96%) "
6962,大真空,東P,"883","+3.0 (+0.34%) "
6963,ローム,東P,"5,370","+142.0 (+2.72%) "
6965,浜松ホトニクス,東P,"2,487.5","+98.5 (+4.12%) "
6966,三井ハイテック,東P,"938","+34.0 (+3.76%) "
6971,京セラ,東P,"3,855","+187.0 (+5.10%) "
6976,太陽誘電,東P,"10,490","+395.0 (+3.91%) "
6981,村田製作所,東P,"8,745","+278.0 (+3.28%) "
6986,双葉電子工業,東P,"712","+8.0 (+1.14%) "
6988,日東電工,東P,"3,554","+48.0 (+1.37%) "
6995,東海理化電機製作所,東P,"3,045","+30.0 (+1.00%) "
6996,ニチコン,東P,"2,728","+72.0 (+2.71%) "
6997,日本ケミコン,東P,"2,465","+122.0 (+5.21%) "
6999,ＫＯＡ,東P,"2,531","+140.0 (+5.86%) "
7003,三井Ｅ＆Ｓ,東P,"4,126","-67.0 (-1.60%) "
7004,カナデビア,東P,"1,165","+10.0 (+0.87%) "
7011,三菱重工業,東P,"3,871","+58.0 (+1.52%) "
7012,川崎重工業,東P,"2,354.5","+4.5 (+0.19%) "
7013,ＩＨＩ,東P,"2,720","+12.5 (+0.46%) "
7014,名村造船所,東S,"4,680","-105.0 (-2.19%) "
7033,マネジメントソリューションズ,東P,"1,564","+35.0 (+2.29%) "
7034,プロレド・パートナーズ,東P,"298","-7.0 (-2.30%) "
7038,フロンティア・マネジメント,東P,"570","-1.0 (-0.18%) "
7044,ピアラ,東S,"600","-14.0 (-2.28%) "
7047,ポート,東G,"2,148","+28.0 (+1.32%) "
7048,ベルトラ,東G,"141","-2.0 (-1.40%) "
7059,コプロ・ＨＬＤＧ,東P,"935","-18.0 (-1.89%) "
7061,日本ホスピスＨＬＤＧ,東G,"470","-5.0 (-1.05%) "
7065,ユーピーアール,東S,"949","-4.0 (-0.42%) "
7068,フィードフォースグループ,東G,"562","+2.0 (+0.36%) "
7071,アンビスＨＬＤＧ,東P,"379","-3.0 (-0.79%) "
7085,カーブスＨＬＤＧ,東P,"903","+8.0 (+0.89%) "
7094,ＮｅｘＴｏｎｅ,東G,"1,815","+24.0 (+1.34%) "
7095,Ｍａｃｂｅｅ　Ｐｌａｎｅｔ,東P,"1,103","-18.0 (-1.61%) "
7096,ステムセル研究所,東G,"748","+6.0 (+0.81%) "
7102,日本車輌製造,東P,"3,515","-15.0 (-0.42%) "
7122,近畿車輛,東S,"2,380","-46.0 (-1.90%) "
7128,ユニソルＨＬＤＧ,東P,"2,919","-3.0 (-0.10%) "
7130,ヤマエグループＨＬＤＧ,東P,"2,645","+10.0 (+0.38%) "
7133,ＨＹＵＧＡ　ＰＲＩＭＡＲＹ　Ｃ,東G,"2,104","0.0 (0.00%) "
7148,ＦＰＧ,東P,"1,590","-15.0 (-0.93%) "
7157,ライフネット生命保険,東P,"1,496","+35.0 (+2.40%) "
7161,じもとＨＬＤＧ,東S,"658","-17.0 (-2.52%) "
7162,アストマックス,東S,"292","-1.0 (-0.34%) "
7164,全国保証,東P,"3,003","+13.0 (+0.43%) "
7167,めぶきフィナンシャルグループ,東P,"1,680.5","+20.5 (+1.23%) "
7172,ジャパンインベストメントアドバ,東P,"2,119","+11.0 (+0.52%) "
7173,東京きらぼしＦＧ,東P,"1,680","-4.0 (-0.24%) "
7177,ＧＭＯフィナンシャルＨＬＤＧ,東S,"1,149","-1.0 (-0.09%) "
7180,九州ＦＧ,東P,"1,722.5","+26.5 (+1.56%) "
7181,かんぽ生命保険,東P,"1,701","+6.0 (+0.35%) "
7182,ゆうちょ銀行,東P,"3,397","+2.0 (+0.06%) "
7184,富山第一銀行,東P,"3,710","+70.0 (+1.92%) "
7186,横浜ＦＧ,東P,"1,893.5","+7.5 (+0.40%) "
7187,ジェイリース,東P,"1,314","+10.0 (+0.77%) "
7189,西日本フィナンシャルＨＬＤＧ,東P,"4,941","+69.0 (+1.42%) "
7191,イントラスト,東S,"1,140","-10.0 (-0.87%) "
7192,日本モーゲージサービス,東S,"677","-1.0 (-0.15%) "
7198,ＳＢＩアルヒ,東P,"778","-8.0 (-1.02%) "
7199,プレミアグループ,東P,"2,086","+28.0 (+1.36%) "
7201,日産自動車,東P,"279.8","-1.2 (-0.43%) "
7202,いすゞ自動車,東P,"2,049.5","+28.5 (+1.41%) "
7203,トヨタ自動車,東P,"2,893.5","+37.0 (+1.30%) "
7211,三菱自動車工業,東P,"343.6","+6.3 (+1.87%) "
7212,エフテック,東S,"729","+10.0 (+1.39%) "
7220,武蔵精密工業,東P,"3,170","+25.0 (+0.79%) "
7222,日産車体,東S,"901","-3.0 (-0.33%) "
7224,新明和工業,東P,"1,869","+4.0 (+0.21%) "
7226,極東開発工業,東P,"2,137","+2.0 (+0.09%) "
7231,トピー工業,東P,"2,999","-16.0 (-0.53%) "
7236,ティラド,東P,"1,490","+24.0 (+1.64%) "
7238,曙ブレーキ工業,東P,"105","0.0 (0.00%) "
7239,タチエス,東P,"2,281","0.0 (0.00%) "
7241,フタバ産業,東P,"1,041","-2.0 (-0.19%) "
7242,カヤバ,東P,"1,541","+27.0 (+1.78%) "
7244,市光工業,東P,"545","+5.0 (+0.93%) "
7245,大同メタル工業,東P,"1,268","+32.0 (+2.59%) "
7246,プレス工業,東P,"977","+13.0 (+1.35%) "
7247,ミクニ,東S,"362","-1.0 (-0.28%) "
7256,河西工業,東S,"476","+8.0 (+1.71%) "
7259,アイシン,東P,"2,187.5","+40.0 (+1.86%) "
7261,マツダ,東P,"1,079","+7.0 (+0.65%) "
7266,今仙電機製作所,東S,"953","-1.0 (-0.10%) "
7267,本田技研工業,東P,"1,676.5","+12.0 (+0.72%) "
7269,スズキ,東P,"1,969","+16.5 (+0.85%) "
7270,ＳＵＢＡＲＵ,東P,"2,511.5","+24.5 (+0.99%) "
7271,安永,東S,"805","+26.0 (+3.34%) "
7272,ヤマハ発動機,東P,"1,805","+51.0 (+2.91%) "
7276,小糸製作所,東P,"2,715.5","+28.5 (+1.06%) "
7278,エクセディ,東P,"5,670","+50.0 (+0.89%) "
7279,ハイレックスコーポレーション,東S,"2,428","+23.0 (+0.96%) "
7280,ミツバ,東P,"1,309","+22.0 (+1.71%) "
7282,豊田合成,東P,"1,050.5","+12.0 (+1.16%) "
7283,愛三工業,東P,"2,166","+31.0 (+1.45%) "
7287,日本精機,東S,"2,785","+101.0 (+3.76%) "
7291,日本プラスト,東S,"448","0.0 (0.00%) "
7292,村上開明堂,東S,"6,800","0.0 (0.00%) "
7294,ヨロズ,東P,"841","+5.0 (+0.60%) "
7296,エフ・シー・シー,東P,"4,045","+25.0 (+0.62%) "
7305,新家工業,東S,"2,673","-18.0 (-0.67%) "
7309,シマノ,東P,"17,525","+40.0 (+0.23%) "
7313,テイ・エス　テック,東P,"1,746.5","0.0 (0.00%) "
7320,Ｓｏｌｖｖｙ,東G,"1,385","0.0 (0.00%) "
7322,三十三ＦＧ,東P,"2,262","+7.0 (+0.31%) "
7326,ＳＢＩインシュアランスグループ,東G,"2,069","-36.0 (-1.71%) "
7327,第四北越ＦＧ,東P,"2,701","+27.0 (+1.01%) "
7337,ひろぎんＨＬＤＧ,東P,"2,391.5","+17.5 (+0.74%) "
7347,マーキュリアＨＬＤＧ,東P,"802","-2.0 (-0.25%) "
7350,おきなわＦＧ,東P,"7,860","+30.0 (+0.38%) "
7352,ＴＷＯＳＴＯＮＥ＆Ｓｏｎｓ,東G,"300","-3.0 (-0.99%) "
7354,ＤｍＭＩＸ,東S,"359","+7.0 (+1.99%) "
7358,ポピンズ,東S,"1,808","+26.0 (+1.46%) "
7366,ＬＩＴＡＬＩＣＯ,東P,"1,975","+42.0 (+2.17%) "
7367,セルム,東S,"330","-2.0 (-0.60%) "
7370,Ｅｎｊｉｎ,東G,"715","+4.0 (+0.56%) "
7373,アイドマＨＬＤＧ,東G,"868","-11.0 (-1.25%) "
7374,コンフィデンス・インターワーク,東G,"1,488","-2.0 (-0.13%) "
7380,十六ＦＧ,東P,"2,842","+59.0 (+2.12%) "
7381,ＣＣＩグループ,東P,"1,333","-3.0 (-0.22%) "
7383,ネットプロテクションズＨＬＤＧ,東P,"373","+2.0 (+0.54%) "
7384,プロクレアＨＬＤＧ,東P,"5,890","+170.0 (+2.97%) "
7389,あいちＦＧ,東P,"1,993","-33.0 (-1.63%) "
7412,アトム,東S,"313","-3.0 (-0.95%) "
7414,小野建,東P,"1,367","-12.0 (-0.87%) "
7419,ノジマ,東P,"1,228","0.0 (0.00%) "
7421,カッパ・クリエイト,東P,"1,476","-30.0 (-1.99%) "
7427,エコートレーディング,東S,"826","-3.0 (-0.36%) "
7433,伯東,東P,"1,860","+24.0 (+1.31%) "
7438,コンドーテック,東P,"1,636","-19.0 (-1.15%) "
7447,ナガイレーベン,東P,"1,683","-21.0 (-1.23%) "
7453,良品計画,東P,"4,312","+98.0 (+2.33%) "
7456,松田産業,東P,"6,680","-130.0 (-1.91%) "
7458,第一興商,東P,"1,742.5","-22.5 (-1.27%) "
7459,メディパルＨＬＤＧ,東P,"2,941","+21.0 (+0.72%) "
7463,アドヴァングループ,東S,"929","+4.0 (+0.43%) "
7466,ＳＰＫ,東P,"1,450","+1.0 (+0.07%) "
7476,アズワン,東P,"2,471","+15.5 (+0.63%) "
7480,スズデン,東S,"3,795","+35.0 (+0.93%) "
7482,シモジマ,東P,"1,429","-8.0 (-0.56%) "
7483,ドウシシャ,東P,"2,995","+7.0 (+0.23%) "
7494,コナカ,東S,"230","0.0 (0.00%) "
7504,高速,東P,"4,510","0.0 (0.00%) "
7508,Ｇ―７ＨＬＤＧ,東P,"1,381","-1.0 (-0.07%) "
7510,たけびし,東P,"2,878","+47.0 (+1.66%) "
7512,イオン北海道,東S,"844","-9.0 (-1.06%) "
7513,コジマ,東P,"1,462","+27.0 (+1.88%) "
7516,コーナン商事,東P,"4,310","0.0 (0.00%) "
7520,エコス,東P,"2,507","-17.0 (-0.67%) "
7522,ワタミ,東P,"859","-8.0 (-0.92%) "
7525,リックス,東P,"3,525","0.0 (0.00%) "
7532,パン・パシフィック・インターナ,東P,"692.6","+7.6 (+1.11%) "
7537,丸文,東P,"1,925","+43.0 (+2.28%) "
7545,西松屋チェーン,東P,"1,939","+19.0 (+0.99%) "
7550,ゼンショーＨＬＤＧ,東P,"11,115","+50.0 (+0.45%) "
7552,ハピネット,東P,"4,870","-80.0 (-1.62%) "
7554,幸楽苑,東P,"1,141","-10.0 (-0.87%) "
7561,ハークスレイＨＬＤＧ,東S,"679","+1.0 (+0.15%) "
7564,ワークマン,東S,"5,210","+110.0 (+2.16%) "
7575,日本ライフライン,東P,"1,481","-5.0 (-0.34%) "
7581,サイゼリヤ,東P,"6,740","+250.0 (+3.85%) "
7590,タカショー,東S,"398","-1.0 (-0.25%) "
7593,ＶＴ　ＨＬＤＧ,東P,"504","-6.0 (-1.18%) "
7595,アルゴグラフィックス,東P,"1,210","+1.0 (+0.08%) "
7599,ＩＤＯＭ,東P,"1,155","+7.0 (+0.61%) "
7600,日本エム・ディ・エム,東P,"640","+27.0 (+4.40%) "
7601,ポプラ,東S,"166","0.0 (0.00%) "
7606,ＴＡＢＡＹＡＨＬＤＧ,東P,"2,391","-13.0 (-0.54%) "
7607,進和,東P,"3,010","0.0 (0.00%) "
7608,エスケイジャパン,東S,"964","-4.0 (-0.41%) "
7609,ダイトロン,東P,"4,510","+160.0 (+3.68%) "
7611,ハイデイ日高,東P,"2,936","-35.0 (-1.18%) "
7613,シークス,東P,"1,627","+26.0 (+1.62%) "
7616,コロワイド,東P,"2,008","+13.0 (+0.65%) "
7628,オーハシテクニカ,東P,"1,141","+14.0 (+1.24%) "
7630,壱番屋,東P,"1,101","+5.0 (+0.46%) "
7637,白銅,東P,"3,520","-5.0 (-0.14%) "
7638,ＮＥＷ　ＡＲＴ　ＨＬＤＧ,東S,"1,367","-14.0 (-1.01%) "
7646,ＰＬＡＮＴ,東S,"1,765","-8.0 (-0.45%) "
7649,スギＨＬＤＧ,東P,"1,244","+9.0 (+0.73%) "
7679,薬王堂ＨＬＤＧ,東P,"1,561","-25.0 (-1.58%) "
7686,ひとまいる,東S,"430","-3.0 (-0.69%) "
7701,島津製作所,東P,"4,026","+128.0 (+3.28%) "
7702,ＪＭＳ,東S,"446","-2.0 (-0.45%) "
7715,長野計器,東P,"4,565","+165.0 (+3.75%) "
7716,ナカニシ,東S,"1,506","+41.0 (+2.80%) "
7717,ブイ・テクノロジー,東P,"6,950","+420.0 (+6.43%) "
7721,東京計器,東P,"7,370","-150.0 (-1.99%) "
7723,愛知時計電機,東P,"2,862","+5.0 (+0.18%) "
7725,インターアクション,東P,"1,826","+20.0 (+1.11%) "
7727,オーバル,東S,"978","+28.0 (+2.95%) "
7729,東京精密,東P,"20,105","+900.0 (+4.69%) "
7730,マニー,東P,"1,466","+23.0 (+1.59%) "
7731,ニコン,東P,"1,917","+17.0 (+0.89%) "
7733,オリンパス,東P,"1,955","-3.0 (-0.15%) "
7734,理研計器,東P,"3,615","+120.0 (+3.43%) "
7735,ＳＣＲＥＥＮ　ＨＬＤＧ,東P,"15,785","+320.0 (+2.07%) "
7740,タムロン,東P,"1,439","+70.0 (+5.11%) "
7741,ＨＯＹＡ,東P,"24,500","+320.0 (+1.32%) "
7743,シード,東S,"794","+1.0 (+0.13%) "
7744,ノーリツ鋼機,東P,"1,961","-11.0 (-0.56%) "
7745,Ａ＆ＤホロンＨＬＤＧ,東P,"3,010","+110.0 (+3.79%) "
7746,岡本硝子,東S,"954","-19.0 (-1.95%) "
7747,朝日インテック,東P,"3,365","+72.0 (+2.19%) "
7751,キヤノン,東P,"4,627","+20.0 (+0.43%) "
7752,リコー,東P,"1,661.5","-1.0 (-0.06%) "
7762,シチズン時計,東P,"2,462","+64.0 (+2.67%) "
7769,リズム,東P,"3,770","0.0 (0.00%) "
7774,ジャパン・ティッシュエンジニア,東G,"831","-2.0 (-0.24%) "
7776,セルシード,東G,"218","+3.0 (+1.40%) "
7779,ＣＹＢＥＲＤＹＮＥ,東G,"224","+3.0 (+1.36%) "
7780,メニコン,東P,"1,792","+6.0 (+0.34%) "
7795,ＫＹＯＲＩＴＳＵ,東S,"205","-2.0 (-0.97%) "
7803,ブシロード,東G,"459","+20.0 (+4.56%) "
7806,ＭＴＧ,東G,"9,240","+640.0 (+7.44%) "
7811,中本パックス,東S,"2,265","+25.0 (+1.12%) "
7818,トランザクション,東P,"1,171","-8.0 (-0.68%) "
7820,ニホンフラッシュ,東P,"676","-6.0 (-0.88%) "
7821,前田工繊,東P,"1,931","-9.0 (-0.46%) "
7822,永大産業,東S,"250","-3.0 (-1.19%) "
7823,アートネイチャー,東S,"768","-1.0 (-0.13%) "
7826,フルヤ金属,東P,"11,710","-130.0 (-1.10%) "
7832,バンダイナムコＨＬＤＧ,東P,"5,710","-32.0 (-0.56%) "
7839,ＳＨＯＥＩ,東P,"2,207","+57.0 (+2.65%) "
7840,フランスベッドＨＬＤＧ,東P,"1,283","+11.0 (+0.86%) "
7841,遠藤製作所,東S,"1,081","+10.0 (+0.93%) "
7844,マーベラス,東P,"519","-6.0 (-1.14%) "
7846,パイロットコーポレーション,東P,"2,108","+6.5 (+0.31%) "
7856,萩原工業,東P,"2,021","-24.0 (-1.17%) "
7860,エイベックス,東P,"1,219","+7.0 (+0.58%) "
7864,フジシールインターナショナル,東P,"3,340","+35.0 (+1.06%) "
7867,タカラトミー,東P,"4,175","-27.0 (-0.64%) "
7868,広済堂ＨＬＤＧ,東P,"520","-10.0 (-1.89%) "
7874,レック,東P,"955","-8.0 (-0.83%) "
7888,三光合成,東P,"905","-2.0 (-0.22%) "
7893,プロネクサス,東P,"1,045","-13.0 (-1.23%) "
7906,ヨネックス,東S,"2,375","+57.0 (+2.46%) "
7908,きもと,東S,"241","-1.0 (-0.41%) "
7911,ＴＯＰＰＡＮＨＬＤＧ,東P,"2,469","+84.5 (+3.54%) "
7912,大日本印刷,東P,"3,029","+35.0 (+1.17%) "
7914,共同印刷,東P,"1,686","-10.0 (-0.59%) "
7915,ＮＩＳＳＨＡ,東P,"1,077","+20.0 (+1.89%) "
7917,ＺＡＣＲＯＳ,東P,"1,219","+26.0 (+2.18%) "
7918,ヴィアＨＬＤＧ,東S,"106","0.0 (0.00%) "
7921,ＴＡＫＡＲＡ＆ＣＯＭＰＡＮＹ,東P,"4,110","+20.0 (+0.49%) "
7927,ムトー精工,東S,"2,339","+6.0 (+0.26%) "
7931,未来工業,東P,"3,570","+5.0 (+0.14%) "
7936,アシックス,東P,"4,279","+138.0 (+3.33%) "
7942,ＪＳＰ,東P,"2,993","+38.0 (+1.29%) "
7943,ニチハ,東P,"2,798","+1.0 (+0.04%) "
7944,ローランド,東P,"3,650","0.0 (0.00%) "
7947,エフピコ,東P,"2,729","-39.0 (-1.41%) "
7949,小松ウオール工業,東P,"2,726","-14.0 (-0.51%) "
7951,ヤマハ,東P,"1,218","+16.0 (+1.33%) "
7952,河合楽器製作所,東P,"3,425","0.0 (0.00%) "
7955,クリナップ,東P,"891","-12.0 (-1.33%) "
7956,ピジョン,東P,"2,027.5","+6.5 (+0.32%) "
7962,キングジム,東P,"776","-2.0 (-0.26%) "
7965,象印マホービン,東P,"1,409","-17.0 (-1.19%) "
7966,リンテック,東P,"5,940","+50.0 (+0.85%) "
7970,信越ポリマー,東P,"2,459","+53.0 (+2.20%) "
7971,東リ,東S,"654","-8.0 (-1.21%) "
7972,イトーキ,東P,"2,419","+13.0 (+0.54%) "
7974,任天堂,東P,"7,742","-107.0 (-1.36%) "
7976,三菱鉛筆,東P,"3,445","0.0 (0.00%) "
7979,松風,東P,"2,212","+5.0 (+0.23%) "
7981,タカラスタンダード,東P,"3,040","+20.0 (+0.66%) "
7984,コクヨ,東P,"852.8","+1.8 (+0.21%) "
7987,ナカバヤシ,東S,"538","-4.0 (-0.74%) "
7988,ニフコ,東P,"2,434","+38.0 (+1.59%) "
7989,立川ブラインド工業,東P,"2,606","-7.0 (-0.27%) "
7990,グローブライド,東P,"2,327","+5.0 (+0.22%) "
7991,マミヤ・オーピー,東S,"1,050","-1.0 (-0.10%) "
7994,オカムラ,東P,"2,196","-8.0 (-0.36%) "
7995,バルカー,東P,"7,250","+350.0 (+5.07%) "
8001,伊藤忠商事,東P,"2,197.5","+22.0 (+1.01%) "
8002,丸紅,東P,"4,805","+80.0 (+1.69%) "
8005,スクロール,東P,"1,727","-5.0 (-0.29%) "
8007,高島,東P,"770","-4.0 (-0.52%) "
8008,ヨンドシーＨＬＤＧ,東P,"2,107","-2.0 (-0.09%) "
8011,三陽商会,東P,"1,297","+13.0 (+1.01%) "
8012,長瀬産業,東P,"1,181.5","+30.0 (+2.61%) "
8014,蝶理,東P,"4,100","+65.0 (+1.61%) "
8015,豊田通商,東P,"7,387","+123.0 (+1.69%) "
8016,オンワードＨＬＤＧ,東P,"698","-4.0 (-0.57%) "
8018,三共生興,東S,"822","-11.0 (-1.32%) "
8020,兼松,東P,"2,249.5","+12.0 (+0.54%) "
8022,美津濃,東P,"4,300","+90.0 (+2.14%) "
8023,ＤＡＩＫＯ　ＸＴＥＣＨ,東S,"1,016","+3.0 (+0.30%) "
8029,ルックＨＬＤＧ,東S,"2,727","-4.0 (-0.15%) "
8031,三井物産,東P,"4,925","+23.0 (+0.47%) "
8032,日本紙パルプ商事,東P,"1,246","+6.0 (+0.48%) "
8035,東京エレクトロン,東P,"12,765","+665.0 (+5.50%) "
8037,カメイ,東P,"4,680","+45.0 (+0.97%) "
8043,スターゼン,東P,"1,455","-5.0 (-0.34%) "
8050,セイコーグループ,東P,"10,960","+500.0 (+4.78%) "
8051,山善,東P,"1,991","-14.0 (-0.70%) "
8052,椿本興業,東P,"3,015","+22.0 (+0.74%) "
8053,住友商事,東P,"1,741.5","+13.5 (+0.78%) "
8056,ＢＩＰＲＯＧＹ,東P,"4,679","-29.0 (-0.62%) "
8057,内田洋行,東P,"2,207","-26.0 (-1.16%) "
8058,三菱商事,東P,"4,709","+15.0 (+0.32%) "
8059,第一実業,東P,"3,525","+25.0 (+0.71%) "
8060,キヤノンマーケティングジャパン,東P,"3,733","-1.0 (-0.03%) "
8061,西華産業,東P,"3,065","+114.0 (+3.86%) "
8065,佐藤商事,東P,"2,949","+14.0 (+0.48%) "
8070,東京産業,東P,"1,003","-2.0 (-0.20%) "
8074,ＹＵＡＳＡ,東P,"6,130","-60.0 (-0.97%) "
8075,神鋼商事,東P,"3,075","-35.0 (-1.13%) "
8078,阪和興業,東P,"1,844","-14.0 (-0.75%) "
8079,正栄食品工業,東P,"4,275","-10.0 (-0.23%) "
8081,カナデン,東P,"2,641","+1.0 (+0.04%) "
8084,ＲＹＯＤＥＮ,東P,"2,481","+68.0 (+2.82%) "
8086,ニプロ,東P,"1,316","+9.0 (+0.69%) "
8088,岩谷産業,東P,"1,996","-0.5 (-0.03%) "
8091,ニチモウ,東P,"2,300","-41.0 (-1.75%) "
8093,極東貿易,東P,"1,754","+6.0 (+0.34%) "
8095,アステナＨＬＤＧ,東P,"540","-8.0 (-1.46%) "
8097,三愛オブリ,東P,"2,352","-16.0 (-0.68%) "
8098,稲畑産業,東P,"4,395","-10.0 (-0.23%) "
8101,ＧＳＩクレオス,東P,"2,477","+1.0 (+0.04%) "
8103,明和産業,東P,"1,005","+13.0 (+1.31%) "
8111,ゴールドウイン,東P,"2,114.5","+12.5 (+0.59%) "
8113,ユニ・チャーム,東P,"924.8","+7.3 (+0.80%) "
8117,中央自動車工業,東S,"2,122","+45.0 (+2.17%) "
8125,ワキタ,東P,"1,883","-24.0 (-1.26%) "
8127,ヤマトインターナショナル,東S,"519","-1.0 (-0.19%) "
8129,東邦ＨＬＤＧ,東P,"3,643","+76.0 (+2.13%) "
8130,サンゲツ,東P,"3,120","0.0 (0.00%) "
8131,ミツウロコグループＨＬＤＧ,東S,"2,389","-65.0 (-2.65%) "
8132,シナネンＨＬＤＧ,東P,"7,310","-120.0 (-1.62%) "
8133,伊藤忠エネクス,東P,"2,237","-1.0 (-0.04%) "
8136,サンリオ,東P,"1,179.5","-1.5 (-0.13%) "
8137,サンワテクノス,東P,"4,865","+120.0 (+2.53%) "
8141,新光商事,東P,"1,567","0.0 (0.00%) "
8142,トーホー,東P,"1,382","-5.0 (-0.36%) "
8150,三信電気,東P,"3,360","+15.0 (+0.45%) "
8151,東陽テクニカ,東P,"1,905","+63.0 (+3.42%) "
8153,モスフードサービス,東P,"3,775","-20.0 (-0.53%) "
8154,加賀電子,東P,"5,510","+170.0 (+3.18%) "
8157,都築電気,東P,"4,320","+30.0 (+0.70%) "
8158,ソーダニッカ,東P,"1,308","+1.0 (+0.08%) "
8159,立花エレテック,東P,"4,325","+95.0 (+2.25%) "
8160,木曽路,東P,"2,278","-11.0 (-0.48%) "
8163,ＳＲＳ　ＨＬＤＧ,東P,"1,394","-13.0 (-0.92%) "
8165,千趣会,東S,"100","0.0 (0.00%) "
8167,リテールパートナーズ,東P,"1,421","-13.0 (-0.91%) "
8173,Ｊｏｓｈｉｎ,東P,"4,265","+40.0 (+0.95%) "
8174,日本瓦斯,東P,"932.1","-7.4 (-0.79%) "
8179,ロイヤルＨＬＤＧ,東P,"1,281","-6.0 (-0.47%) "
8185,チヨダ,東P,"971","-2.0 (-0.21%) "
8194,ライフコーポレーション,東P,"2,573","-15.0 (-0.58%) "
8198,マックスバリュ東海,東S,"3,275","-15.0 (-0.46%) "
8200,リンガーハット,東P,"2,282","+12.0 (+0.53%) "
8203,ＭｒＭａｘＨＤ,東P,"723","-2.0 (-0.28%) "
8214,ＡＯＫＩ　ＨＬＤＧ,東P,"1,660","+1.0 (+0.06%) "
8217,オークワ,東P,"769","0.0 (0.00%) "
8218,コメリ,東P,"3,710","+5.0 (+0.13%) "
8219,青山商事,東P,"714","+3.0 (+0.42%) "
8227,しまむら,東P,"3,225","+25.0 (+0.78%) "
8233,高島屋,東P,"2,103","+60.5 (+2.96%) "
8237,松屋,東P,"2,198","+75.0 (+3.53%) "
8242,エイチ・ツー・オー　リテイリン,東P,"2,756.5","+44.5 (+1.64%) "
8244,近鉄百貨店,東S,"1,858","+9.0 (+0.49%) "
8252,丸井グループ,東P,"2,732","+7.0 (+0.26%) "
8253,クレディセゾン,東P,"4,366","+48.0 (+1.11%) "
8255,アクシアル　リテイリング,東P,"1,266","-7.0 (-0.55%) "
8267,イオン,東P,"1,226","-4.0 (-0.33%) "
8273,イズミ,東P,"937","-2.0 (-0.21%) "
8275,フォーバル,東S,"1,033","-10.0 (-0.96%) "
8276,平和堂,東P,"2,529","-38.0 (-1.48%) "
8278,フジ,東P,"1,972","-1.0 (-0.05%) "
8281,ゼビオＨＬＤＧ,東P,"1,063","-11.0 (-1.02%) "
8282,ケーズＨＬＤＧ,東P,"1,702.5","+3.0 (+0.18%) "
8285,三谷産業,東S,"797","-15.0 (-1.85%) "
8291,日産東京販売ＨＬＤＧ,東S,"543","+4.0 (+0.74%) "
8304,あおぞら銀行,東P,"3,398","+9.0 (+0.27%) "
8306,三菱ＵＦＪ　ＦＧ,東P,"3,615","+71.0 (+2.00%) "
8308,りそなＨＬＤＧ,東P,"2,546","+72.0 (+2.91%) "
8309,三井住友トラストグループ,東P,"1,755","+12.0 (+0.69%) "
8316,三井住友ＦＧ,東P,"3,374","+53.0 (+1.60%) "
8331,千葉銀行,東P,"2,805.5","+34.5 (+1.25%) "
8334,群馬銀行,東P,"3,032","+43.0 (+1.44%) "
8336,武蔵野銀行,東P,"2,948","+39.0 (+1.34%) "
8337,千葉興業銀行,東P,"2,755","+33.0 (+1.21%) "
8338,筑波銀行,東P,"827","+10.0 (+1.22%) "
8341,七十七銀行,東P,"4,120","+45.0 (+1.10%) "
8343,秋田銀行,東P,"1,984","-49.0 (-2.41%) "
8344,山形銀行,東P,"5,690","+90.0 (+1.61%) "
8345,岩手銀行,東P,"2,791","-19.0 (-0.68%) "
8346,東邦銀行,東P,"1,135","+23.0 (+2.07%) "
8354,ふくおかＦＧ,東P,"7,853","+64.0 (+0.82%) "
8358,スルガ銀行,東P,"2,919","-17.0 (-0.58%) "
8359,八十二長野銀行,東P,"2,799.5","+41.5 (+1.50%) "
8360,山梨中央銀行,東P,"1,517","+12.0 (+0.80%) "
8361,大垣共立銀行,東P,"1,859","+49.0 (+2.71%) "
8362,福井銀行,東P,"8,440","+190.0 (+2.30%) "
8364,清水銀行,東P,"3,245","+5.0 (+0.15%) "
8366,滋賀銀行,東P,"3,075","+55.0 (+1.82%) "
8367,南都銀行,東P,"2,031","+6.0 (+0.30%) "
8368,百五銀行,東P,"2,623","+39.0 (+1.51%) "
8370,紀陽銀行,東P,"1,756","+9.0 (+0.52%) "
8377,ほくほくＦＧ,東P,"868","-9.3 (-1.06%) "
8381,山陰合同銀行,東P,"2,575","+43.0 (+1.70%) "
8383,鳥取銀行,東S,"1,924","+12.0 (+0.63%) "
8386,百十四銀行,東P,"3,250","+40.0 (+1.25%) "
8387,四国銀行,東P,"4,685","0.0 (0.00%) "
8388,阿波銀行,東P,"2,239","+37.0 (+1.68%) "
8392,大分銀行,東P,"3,355","+105.0 (+3.23%) "
8393,宮崎銀行,東P,"2,967","+70.0 (+2.42%) "
8395,佐賀銀行,東P,"7,040","+70.0 (+1.00%) "
8399,琉球銀行,東P,"3,255","0.0 (0.00%) "
8410,セブン銀行,東P,"336.8","0.0 (0.00%) "
8411,みずほＦＧ,東P,"8,668","+222.0 (+2.63%) "
8418,山口ＦＧ,東P,"3,500","+39.0 (+1.13%) "
8424,芙蓉総合リース,東P,"4,266","-24.0 (-0.56%) "
8425,みずほリース,東P,"1,282","-5.0 (-0.39%) "
8439,東京センチュリー,東P,"2,618.5","+33.0 (+1.28%) "
8473,ＳＢＩ　ＨＬＤＧ,東P,"3,073","+16.0 (+0.52%) "
8508,Ｊトラスト,東S,"788","+16.0 (+2.07%) "
8511,日本証券金融,東P,"2,321","-29.0 (-1.23%) "
8522,名古屋銀行,東P,"7,130","-70.0 (-0.97%) "
8524,北洋銀行,東P,"1,351","-10.0 (-0.73%) "
8537,大光銀行,東S,"3,335","-80.0 (-2.34%) "
8541,愛媛銀行,東P,"3,580","-15.0 (-0.42%) "
8544,京葉銀行,東P,"2,963","+36.0 (+1.23%) "
8550,栃木銀行,東P,"1,204","+12.0 (+1.01%) "
8551,北日本銀行,東P,"2,938","-39.0 (-1.31%) "
8558,東和銀行,東P,"1,533","-23.0 (-1.48%) "
8566,リコーリース,東P,"6,440","-50.0 (-0.77%) "
8570,イオンフィナンシャルサービス,東P,"1,484.5","+11.0 (+0.75%) "
8572,アコム,東S,"454.2","+1.6 (+0.35%) "
8584,ジャックス,東P,"3,415","-25.0 (-0.73%) "
8585,オリエントコーポレーション,東P,"790","+3.0 (+0.38%) "
8591,オリックス,東P,"5,850","+105.0 (+1.83%) "
8593,三菱ＨＣキャピタル,東P,"1,315","+9.0 (+0.69%) "
8595,ＪＡＦＣＯ,東P,"2,190","-12.5 (-0.57%) "
8596,九州リースサービス,東S,"1,505","+3.0 (+0.20%) "
8600,トモニＨＬＤＧ,東P,"1,188","+1.0 (+0.08%) "
8601,大和証券グループ本社,東P,"1,755.5","+4.5 (+0.26%) "
8609,岡三証券グループ,東P,"1,221","+8.0 (+0.66%) "
8613,丸三証券,東P,"1,203","-11.0 (-0.91%) "
8614,東洋証券,東P,"684","-1.0 (-0.15%) "
8616,東海東京フィナンシャルＨＬＤＧ,東P,"889","-3.0 (-0.34%) "
8622,水戸証券,東P,"855","-10.0 (-1.16%) "
8624,いちよし証券,東P,"1,627","+26.0 (+1.62%) "
8628,松井証券,東P,"1,115","+9.0 (+0.81%) "
8630,ＳＯＭＰＯ　ＨＬＤＧ,東P,"6,575","+52.0 (+0.80%) "
8697,日本取引所グループ,東P,"2,289","-15.0 (-0.65%) "
8698,マネックスグループ,東P,"682","-6.0 (-0.87%) "
8699,ＨＳＨＬＤＧ,東S,"1,113","+1.0 (+0.09%) "
8704,トレイダーズＨＬＤＧ,東S,"1,383","-2.0 (-0.14%) "
8705,日産証券グループ,東S,"211","-4.0 (-1.86%) "
8706,極東証券,東P,"1,723","-18.0 (-1.03%) "
8707,岩井コスモＨＬＤＧ,東P,"4,595","+5.0 (+0.11%) "
8708,アイザワ証券グループ,東P,"1,624","-5.0 (-0.31%) "
8713,フィデアＨＬＤＧ,東P,"2,793","-56.0 (-1.97%) "
8714,池田泉州ＨＬＤＧ,東P,"1,126","+8.0 (+0.72%) "
8715,アニコムＨＤ,東P,"1,020","+19.0 (+1.90%) "
8725,ＭＳ＆ＡＤインシュアランスＨＤ,東P,"4,830","+54.0 (+1.13%) "
8729,ソニーフィナンシャルグループ,東P,"149","+0.1 (+0.07%) "
8737,あかつき本社,東S,"567","-7.0 (-1.22%) "
8739,スパークス・グループ,東P,"2,643","-1.0 (-0.04%) "
8746,ｕｎｂａｎｋｅｄ,東S,"125","+11.0 (+9.65%) "
8750,第一ライフグループ,東P,"1,816","+29.5 (+1.65%) "
8766,東京海上ＨＬＤＧ,東P,"509.5","+2.1 (+0.41%) "
8769,アドバンテッジリスクマネジメン,東S,"495","-12.0 (-2.37%) "
8771,イー・ギャランティ,東P,"1,709","0.0 (0.00%) "
8793,ＮＥＣキャピタルソリューション,東P,"4,035","0.0 (0.00%) "
8795,Ｔ＆Ｄ　ＨＬＤＧ,東P,"4,779","+42.0 (+0.89%) "
8798,アドバンスクリエイト,東P,"71","-17.0 (-19.32%) "
8801,三井不動産,東P,"1,420","-6.0 (-0.42%) "
8802,三菱地所,東P,"3,465","-33.0 (-0.94%) "
8803,平和不動産,東P,"2,230","-20.0 (-0.89%) "
8804,東京建物,東P,"3,180","-31.0 (-0.97%) "
8818,京阪神ビルディング,東P,"974","-2.0 (-0.20%) "
8830,住友不動産,東P,"3,063","-26.0 (-0.84%) "
8841,テーオーシー,東S,"967","-3.0 (-0.31%) "
8844,コスモスイニシア,東S,"1,158","+3.0 (+0.26%) "
8848,レオパレス２１,東P,"1,005","-8.0 (-0.79%) "
8850,スターツコーポレーション,東P,"4,505","-5.0 (-0.11%) "
8860,フジ住宅,東P,"702","-6.0 (-0.85%) "
8864,空港施設,東S,"907","-11.0 (-1.20%) "
8869,明和地所,東S,"779","-3.0 (-0.38%) "
8871,ゴールドクレスト,東S,"2,930","-37.0 (-1.25%) "
8876,リログループ,東P,"2,316","+13.5 (+0.59%) "
8877,エスリード,東P,"4,920","-20.0 (-0.40%) "
8881,日神グループＨＬＤＧ,東P,"630","-4.0 (-0.63%) "
8892,エスコン,東P,"1,053","+9.0 (+0.86%) "
8897,ＭＩＲＡＲＴＨＨＬＤＧ,東P,"422","-6.0 (-1.40%) "
8904,ＡＶＡＮＴＩＡ,東S,"826","+7.0 (+0.85%) "
8912,エリアクエスト,東S,"156","-1.0 (-0.64%) "
8914,エリアリンク,東S,"825","-5.0 (-0.60%) "
8919,カチタス,東P,"3,430","+40.0 (+1.18%) "
8920,東祥,東S,"655","+5.0 (+0.77%) "
8923,トーセイ,東P,"1,664","-67.0 (-3.87%) "
8927,明豊エンタープライズ,東S,"486","-4.0 (-0.82%) "
8929,青山財産ネットワークス,東S,"1,314","+1.0 (+0.08%) "
8931,和田興産,東S,"1,294","+12.0 (+0.94%) "
8934,サンフロンティア不動産,東P,"2,191","-18.0 (-0.81%) "
8935,ＦＪネクストＨＬＤＧ,東P,"1,917","+15.0 (+0.79%) "
8999,グランディハウス,東P,"549","-5.0 (-0.90%) "
9001,東武鉄道,東P,"2,764","+16.0 (+0.58%) "
9003,相鉄ＨＬＤＧ,東P,"2,469.5","+12.0 (+0.49%) "
9005,東急,東P,"1,577","-6.5 (-0.41%) "
9006,京浜急行電鉄,東P,"1,501","-6.0 (-0.40%) "
9007,小田急電鉄,東P,"1,697.5","-3.0 (-0.18%) "
9008,京王電鉄,東P,"741.1","-1.9 (-0.26%) "
9009,京成電鉄,東P,"1,303","-10.5 (-0.80%) "
9010,富士急行,東P,"2,600","-21.0 (-0.80%) "
9020,東日本旅客鉄道,東P,"3,300","+4.0 (+0.12%) "
9021,西日本旅客鉄道,東P,"2,851","-17.0 (-0.59%) "
9022,東海旅客鉄道,東P,"3,603","-18.0 (-0.50%) "
9023,東京地下鉄,東P,"1,424.5","-15.5 (-1.08%) "
9024,西武ＨＬＤＧ,東P,"3,544","+2.0 (+0.06%) "
9025,鴻池運輸,東P,"2,771","+7.0 (+0.25%) "
9028,ゼロ,東S,"3,150","-60.0 (-1.87%) "
9031,西日本鉄道,東P,"2,834.5","+5.0 (+0.18%) "
9037,ハマキョウレックス,東P,"1,776","+17.0 (+0.97%) "
9039,サカイ引越センター,東P,"2,922","-4.0 (-0.14%) "
9041,近鉄グループＨＬＤＧ,東P,"3,393","+53.0 (+1.59%) "
9042,阪急阪神ＨＬＤＧ,東P,"4,456","+35.0 (+0.79%) "
9044,ＮＡＮＫＡＩ,東P,"2,977","+1.5 (+0.05%) "
9045,京阪ＨＬＤＧ,東P,"3,098","-4.0 (-0.13%) "
9046,神戸電鉄,東S,"2,347","-23.0 (-0.97%) "
9048,名古屋鉄道,東P,"1,821.5","-5.5 (-0.30%) "
9052,山陽電気鉄道,東P,"1,902","-12.0 (-0.63%) "
9057,遠州トラック,東S,"3,220","-30.0 (-0.92%) "
9064,ヤマトＨＬＤＧ,東P,"1,951.5","-16.0 (-0.81%) "
9065,山九,東P,"1,580","+13.0 (+0.83%) "
9068,丸全昭和運輸,東P,"3,555","+15.0 (+0.42%) "
9069,センコーグループＨＬＤＧ,東P,"2,307.5","+41.5 (+1.83%) "
9072,ニッコンＨＬＤＧ,東P,"4,572","+48.0 (+1.06%) "
9075,福山通運,東P,"6,090","+210.0 (+3.57%) "
9076,セイノーＨＬＤＧ,東P,"2,614.5","+44.0 (+1.71%) "
9081,神奈川中央交通,東P,"3,715","-110.0 (-2.88%) "
9090,ＡＺ−ＣＯＭ丸和ＨＬＤＧ,東P,"839","+5.0 (+0.60%) "
9101,日本郵船,東P,"7,076","-65.0 (-0.91%) "
9104,商船三井,東P,"7,049","-88.0 (-1.23%) "
9107,川崎汽船,東P,"3,241","-23.0 (-0.70%) "
9110,ＮＳユナイテッド海運,東P,"10,510","0.0 (0.00%) "
9119,飯野海運,東P,"1,641","-3.0 (-0.18%) "
9130,共栄タンカー,東S,"1,638","-73.0 (-4.27%) "
9142,九州旅客鉄道,東P,"3,353","+4.0 (+0.12%) "
9143,ＳＧ　ＨＬＤＧ,東P,"1,409.5","+0.5 (+0.04%) "
9147,ＮＩＰＰＯＮ　ＥＸＰＲＥＳＳ,東P,"5,744","+72.0 (+1.27%) "
9166,ＧＥＮＤＡ,東G,"640","+12.0 (+1.91%) "
9201,日本航空,東P,"3,011","+22.0 (+0.74%) "
9202,ＡＮＡ　ＨＬＤＧ,東P,"2,932","-11.0 (-0.37%) "
9204,スカイマーク,東G,"428","0.0 (0.00%) "
9216,ビーウィズ,東P,"1,610","-21.0 (-1.29%) "
9229,サンウェルズ,東P,"107","0.0 (0.00%) "
9233,アジア航測,東S,"1,119","-24.0 (-2.10%) "
9246,プロジェクトＨＬＤＧ,東G,"2,194","0.0 (0.00%) "
9247,TRE ＨＬＤＧ,東P,"1,719","+48.0 (+2.87%) "
9252,ラストワンマイル,東G,"4,235","+75.0 (+1.80%) "
9262,シルバーライフ,東S,"671","+2.0 (+0.30%) "
9267,Ｇｅｎｋｙ　ＤｒｕｇＳｔｏｒｅ,東P,"3,415","-5.0 (-0.15%) "
9268,オプティマスグループ,東S,"414","+5.0 (+1.22%) "
9270,バリュエンスＨＬＤＧ,東G,"1,887","+39.0 (+2.11%) "
9272,ブティックス,東G,"1,486","-8.0 (-0.54%) "
9273,コーア商事ＨＬＤＧ,東P,"770","+12.0 (+1.58%) "
9274,ＫＰＰグループＨＬＤＧ,東P,"1,117","-5.0 (-0.45%) "
9278,ブックオフグループＨＬＤＧ,東P,"2,957","-9.0 (-0.30%) "
9279,ギフトＨＬＤＧ,東P,"2,092","+14.0 (+0.67%) "
9301,三菱倉庫,東P,"1,461","+3.5 (+0.24%) "
9302,三井倉庫ＨＬＤＧ,東P,"3,265","-2.0 (-0.06%) "
9303,住友倉庫,東P,"4,110","+20.0 (+0.49%) "
9304,澁澤倉庫,東P,"2,138","+12.0 (+0.56%) "
9305,ヤマタネ,東P,"2,003","+18.0 (+0.91%) "
9306,東陽倉庫,東S,"1,986","-7.0 (-0.35%) "
9308,乾汽船,東S,"2,200","+75.0 (+3.53%) "
9310,日本トランスシティ,東P,"1,378","-1.0 (-0.07%) "
9319,中央倉庫,東P,"1,709","+8.0 (+0.47%) "
9324,安田倉庫,東P,"2,593","+9.0 (+0.35%) "
9325,ファイズＨＬＤＧ,東S,"1,034","-7.0 (-0.67%) "
9332,ＮＩＳＳＯＨＬＤＧ,東P,"653","-8.0 (-1.21%) "
9336,大栄環境,東P,"3,595","+95.0 (+2.71%) "
9343,アイビス,東G,"774","-4.0 (-0.51%) "
9347,日本管財ＨＬＤＧ,東P,"2,810","+10.0 (+0.36%) "
9348,ｉｓｐａｃｅ,東G,"403","+1.0 (+0.25%) "
9364,上組,東P,"4,690","-13.0 (-0.28%) "
9368,キムラユニティー,東S,"922","+6.0 (+0.66%) "
9369,キユーソー流通システム,東S,"2,893","+80.0 (+2.84%) "
9380,東海運,東S,"446","+6.0 (+1.36%) "
9381,エーアイテイー,東P,"2,217","-19.0 (-0.85%) "
9401,ＴＢＳＨＬＤＧ,東P,"5,906","+105.0 (+1.81%) "
9404,日本テレビＨＬＤＧ,東P,"2,847.5","+6.5 (+0.23%) "
9405,朝日放送グループＨＬＤＧ,東P,"795","-7.0 (-0.87%) "
9409,テレビ朝日ＨＬＤＧ,東P,"2,986","+1.0 (+0.03%) "
9412,スカパーＪＳＡＴ,東P,"1,965","-11.0 (-0.56%) "
9413,テレビ東京ＨＬＤＧ,東P,"3,210","-40.0 (-1.23%) "
9414,日本ＢＳ放送,東S,"948","-2.0 (-0.21%) "
9416,ビジョン,東P,"1,039","-1.0 (-0.10%) "
9418,Ｕ−ＮＥＸＴ　ＨＬＤＧ,東P,"1,760","0.0 (0.00%) "
9419,ワイヤレスゲート,東S,"298","+5.0 (+1.71%) "
9424,日本通信,東P,"119","+1.0 (+0.85%) "
9432,ＮＴＴ,東P,"170","+0.1 (+0.06%) "
9433,ＫＤＤＩ,東P,"2,893","-3.5 (-0.12%) "
9434,ソフトバンク,東P,"238.5","+1.1 (+0.46%) "
9435,光通信,東P,"35,950","+160.0 (+0.45%) "
9436,沖縄セルラー電話,東S,"4,130","-25.0 (-0.60%) "
9438,エムティーアイ,東P,"609","+4.0 (+0.66%) "
9449,ＧＭＯインターネットグループ,東P,"3,954","-14.0 (-0.35%) "
9450,ファイバーゲート,東S,"746","-4.0 (-0.53%) "
9467,アルファポリス,東G,"1,032","-8.0 (-0.77%) "
9468,ＫＡＤＯＫＡＷＡ,東P,"3,772","+22.0 (+0.59%) "
9470,学研ＨＬＤＧ,東P,"1,013","-11.0 (-1.07%) "
9474,ゼンリン,東P,"895","+1.0 (+0.11%) "
9501,東京電力ＨＬＤＧ,東P,"522.9","-1.1 (-0.21%) "
9502,中部電力,東P,"2,626.5","-8.5 (-0.32%) "
9503,関西電力,東P,"2,606","-26.5 (-1.01%) "
9504,中国電力,東P,"977.6","-12.4 (-1.25%) "
9505,北陸電力,東P,"1,051","-16.0 (-1.50%) "
9506,東北電力,東P,"1,241","+4.0 (+0.32%) "
9507,四国電力,東P,"2,080.5","-26.5 (-1.26%) "
9509,北海道電力,東P,"1,062","-23.0 (-2.12%) "
9511,沖縄電力,東P,"1,135","-20.0 (-1.73%) "
9513,電源開発,東P,"3,945","-71.0 (-1.77%) "
9514,エフオン,東S,"339","-3.0 (-0.88%) "
9517,イーレックス,東P,"796","-6.0 (-0.75%) "
9519,レノバ,東P,"812","-13.0 (-1.58%) "
9531,東京瓦斯,東P,"6,075","-98.0 (-1.59%) "
9532,大阪瓦斯,東P,"5,669","-94.0 (-1.63%) "
9533,東邦瓦斯,東P,"1,240","-10.0 (-0.80%) "
9534,北海道瓦斯,東P,"833","-17.0 (-2.00%) "
9535,広島ガス,東P,"415","-1.0 (-0.24%) "
9536,西部ガスＨＬＤＧ,東P,"2,417","-8.0 (-0.33%) "
9543,静岡ガス,東P,"1,282","-9.0 (-0.70%) "
9551,メタウォーター,東P,"3,145","+95.0 (+3.11%) "
9552,クオンツ総研ＨＬＤＧ,東P,"1,019","+19.0 (+1.90%) "
9601,松竹,東P,"10,710","-20.0 (-0.19%) "
9602,東宝,東P,"1,554","-13.0 (-0.83%) "
9603,エイチ・アイ・エス,東P,"1,078","+3.0 (+0.28%) "
9605,東映,東P,"5,790","-50.0 (-0.86%) "
9612,ラックランド,東P,"1,233","+4.0 (+0.33%) "
9616,共立メンテナンス,東P,"3,214","+54.0 (+1.71%) "
9619,イチネンＨＬＤＧ,東P,"2,680","0.0 (0.00%) "
9621,建設技術研究所,東P,"3,305","-50.0 (-1.49%) "
9622,スペース,東P,"1,390","-8.0 (-0.57%) "
9627,アインＨＬＤＧ,東P,"5,338","+14.0 (+0.26%) "
9628,燦ＨＬＤＧ,東P,"1,292","-7.0 (-0.54%) "
9629,ピー・シー・エー,東P,"1,535","-10.0 (-0.65%) "
9632,スバル興業,東S,"4,650","-400.0 (-7.92%) "
9644,タナベコンサルティンググループ,東P,"674","-1.0 (-0.15%) "
9658,ビジネスブレイン太田昭和,東P,"1,132","+10.0 (+0.89%) "
9663,ナガワ,東P,"4,700","-40.0 (-0.84%) "
9672,東京都競馬,東P,"4,670","-5.0 (-0.11%) "
9678,カナモト,東P,"5,370","+40.0 (+0.75%) "
9682,ＤＴＳ,東P,"1,093","-8.0 (-0.73%) "
9684,スクウェア・エニックスＨＬＤＧ,東P,"2,839","-45.0 (-1.56%) "
9692,シーイーシー,東P,"2,210","-9.0 (-0.41%) "
9697,カプコン,東P,"4,415","-33.0 (-0.74%) "
9699,ニシオＨＬＤＧ,東P,"4,305","-40.0 (-0.92%) "
9702,アイ・エス・ビー,東P,"2,435","-14.0 (-0.57%) "
9706,日本空港ビルデング,東P,"5,345","+8.0 (+0.15%) "
9715,トランス・コスモス,東P,"3,420","-55.0 (-1.58%) "
9716,乃村工藝社,東P,"1,206","-6.0 (-0.50%) "
9720,ホテル、ニューグランド,東S,"6,500","0.0 (0.00%) "
9722,藤田観光,東P,"3,080","+75.0 (+2.50%) "
9726,ＫＮＴ―ＣＴ　ＨＬＤＧ,東S,"2,015","+4.0 (+0.20%) "
9729,トーカイ,東P,"2,516","+6.0 (+0.24%) "
9735,セコム,東P,"6,250","+27.0 (+0.43%) "
9739,ＮＳＷ,東P,"2,575","+26.0 (+1.02%) "
9740,セントラル警備保障,東P,"2,605","-8.0 (-0.31%) "
9742,アイネス,東P,"2,252","-28.0 (-1.23%) "
9743,丹青社,東P,"1,367","-21.0 (-1.51%) "
9744,メイテックグループＨＬＤＧ,東P,"3,233","-39.0 (-1.19%) "
9746,ＴＫＣ,東P,"4,035","+20.0 (+0.50%) "
9755,応用地質,東P,"2,768","+13.0 (+0.47%) "
9757,船井総研ＨＬＤＧ,東P,"1,158","-7.0 (-0.60%) "
9759,ＮＳＤ,東P,"2,948.5","-32.0 (-1.07%) "
9760,進学会ＨＬＤＧ,東S,"115","-2.0 (-1.71%) "
9761,東海リース,東S,"2,356","-12.0 (-0.51%) "
9763,丸建リース,東S,"1,231","0.0 (0.00%) "
9765,オオバ,東P,"1,171","-13.0 (-1.10%) "
9766,コナミグループ,東P,"22,205","-145.0 (-0.65%) "
9768,いであ,東S,"3,600","-130.0 (-3.49%) "
9769,学究社,東P,"2,503","-1.0 (-0.04%) "
9788,ナック,東P,"502","-1.0 (-0.20%) "
9790,福井コンピュータＨＬＤＧ,東P,"2,957","-10.0 (-0.34%) "
9793,ダイセキ,東P,"3,485","-5.0 (-0.14%) "
9795,ステップ,東P,"2,158","+1.0 (+0.05%) "
9823,マミーマートＨＬＤＧ,東S,"967","0.0 (0.00%) "
9824,泉州電業,東P,"8,260","+70.0 (+0.85%) "
9828,Ｇｅｎｋｉ　Ｇｌｏｂａｌ　Ｄｉ,東S,"3,330","+125.0 (+3.90%) "
9830,トラスコ中山,東P,"2,363","0.0 (0.00%) "
9831,ヤマダＨＬＤＧ,東P,"712.2","+5.0 (+0.71%) "
9832,オートバックスセブン,東P,"1,521","-12.0 (-0.78%) "
9837,モリト,東P,"1,814","+4.0 (+0.22%) "
9842,アークランズ,東P,"1,834","-13.0 (-0.70%) "
9843,ニトリＨＬＤＧ,東P,"3,121","+112.0 (+3.72%) "
9845,パーカーコーポレーション,東S,"1,340","+15.0 (+1.13%) "
9850,グルメ杵屋,東P,"931","-10.0 (-1.06%) "
9856,ケーユーＨＬＤＧ,東S,"1,180","0.0 (0.00%) "
9861,吉野家ＨＬＤＧ,東P,"3,649","-40.0 (-1.08%) "
9869,加藤産業,東P,"6,550","-10.0 (-0.15%) "
9880,イノテック,東P,"3,970","+145.0 (+3.79%) "
9882,イエローハット,東P,"1,624","-22.0 (-1.34%) "
9887,松屋フーズＨＬＤＧ,東P,"5,090","-40.0 (-0.78%) "
9888,ＵＥＸ,東S,"1,206","-15.0 (-1.23%) "
9889,ＪＢＣＣ　ＨＬＤＧ,東P,"1,698","-25.0 (-1.45%) "
9896,ＪＫ　ＨＬＤＧ,東S,"1,326","-24.0 (-1.78%) "
9900,サガミＨＬＤＧ,東P,"1,055","-12.0 (-1.12%) "
9902,日伝,東P,"3,235","+20.0 (+0.62%) "
9928,ミロク情報サービス,東P,"2,099","-24.0 (-1.13%) "
9930,北沢産業,東S,"386","-4.0 (-1.03%) "
9932,杉本商事,東P,"1,331","+4.0 (+0.30%) "
9934,因幡電機産業,東P,"3,163","+32.0 (+1.02%) "
9936,王将フードサービス,東P,"2,868","-6.0 (-0.21%) "
9946,ミニストップ,東P,"1,772","-8.0 (-0.45%) "
9948,アークス,東P,"3,550","-15.0 (-0.42%) "
9956,バローＨＬＤＧ,東P,"1,620","+10.0 (+0.62%) "
9960,東テク,東P,"4,210","+20.0 (+0.48%) "
9962,ミスミグループ本社,東P,"4,093","+156.0 (+3.96%) "
9974,ベルク,東P,"6,500","-40.0 (-0.61%) "
9979,大庄,東S,"999","-1.0 (-0.10%) "
9983,ファーストリテイリング,東P,"74,690","+2,920.0 (+4.07%) "
9984,ソフトバンクグループ,東P,"6,497","+187.0 (+2.96%) "
9987,スズケン,東P,"2,576.5","+18.0 (+0.70%) "
9989,サンドラッグ,東P,"3,569","+1.0 (+0.03%) "
9990,サックスバー　ＨＬＤＧ,東P,"745","0.0 (0.00%) "
9991,ジェコス,東P,"1,735","-5.0 (-0.29%) "
9997,ベルーナ,東P,"1,027","-11.0 (-1.06%) "