code4,name,yoritsuki,realtime,sell_only_2024_12_17,sell_only_2025_06_10
1301,極洋,True,False,False,False
1826,佐田建設,True,False,False,False
1332,ニッスイ,True,True,False,False
1827,ナカノフドー建設,True,False,False,False
1333,マルハニチロ,True,True,False,False
1833,奥村組,True,True,False,False
1375,雪国まいたけ,True,True,False,False
1835,東鉄工業,True,False,False,False
1377,サカタのタネ,True,True,False,False
1844,大盛工業,True,False,False,False
1379,ホクト,True,False,False,False
1847,イチケン,True,False,False,False
1407,ウエストホールディングス,True,True,False,False
1852,淺沼組,True,True,False,False
141A,トライアルホールディングス,True,True,False,False
1860,戸田建設,True,True,False,False
1414,ショーボンドＨＤ,True,True,False,False
1861,熊谷組,True,True,False,False
1417,ミライト・ワン,True,True,False,False
1870,矢作建設,True,False,False,False
1418,インタライフホールディングス,True,False,False,False
1871,ピーエス・コンストラクション,True,False,False,False
1419,タマホーム,True,True,False,False
1878,大東建託,True,True,False,False
1429,日本アクア,True,False,False,False
1879,新日本建設,True,False,False,False
1434,ＪＥＳＣＯホールディングス,True,False,False,False
1882,東亜道路,True,False,False,False
1435,ＲＯＢＯＴＨＯＭＥ,True,False,False,False
1884,日本道路,True,True,False,False
1447,SAAFホールディングス,True,False,False,False
1885,東亜建設,True,False,False,False
1515,日鉄鉱業,True,False,False,False
1887,日本国土開発,True,False,False,False
1518,三井松島ＨＬＤＧＳ,True,True,False,False
1888,若築建設,True,False,False,False
156A,マテリアルグループ,True,False,False,False
1890,東洋建設,True,True,False,False
1605,ＩＮＰＥＸ,True,True,False,False
1893,五洋建設,True,True,False,False
166A,タスキホールディングス,True,True,False,False
1898,世紀東急,True,True,False,False
1662,石油資源開発,True,True,False,False
1909,日本ドライケミカル,True,False,False,False
1663,Ｋ＆Ｏエナジーグループ,True,True,False,False
1911,住友林業,True,True,False,False
167A,リョーサン菱洋ＨＤ,True,True,False,False
1914,日本基礎技術,True,False,False,False
1712,ダイセキ環境ソリューション,True,False,False,False
1921,巴コーポレーション,True,False,False,False
1716,第一カッター興業,True,False,False,False
1925,大和ハウス,True,True,False,False
1717,明豊ファシリティワークス,True,False,False,False
1926,ライト工業,True,False,False,False
1719,安藤・間,True,True,False,False
1928,積水ハウス,True,True,False,False
1720,東急建設,True,False,False,False
1929,日特建設,True,False,False,False
1721,コムシスホールディングス,True,True,False,False
1930,北陸電気工事,True,False,False,False
1723,日本電技,True,False,False,False
1934,ユアテック,True,False,False,False
1726,ビーアールホールディングス,True,False,False,False
1938,日本リーテック,True,False,False,False
176A,レジル,True,False,False,False
1939,四電工,True,False,False,False
1762,高松コンストラクショングループ,True,False,False,False
1941,中電工,True,False,False,False
1766,東建コーポレーション,True,True,False,False
1942,関電工,True,False,False,False
1775,富士古河Ｅ＆Ｃ,True,False,False,False
1944,きんでん,True,True,False,False
1780,ヤマウラ,True,False,False,False
1945,東京エネシス,True,False,False,False
1786,オリエンタル白石,True,False,False,False
1946,トーエネック,True,False,False,False
1801,大成建設,True,True,False,False
1949,住友電設,True,False,False,False
1802,大林組,True,True,False,False
1950,日本電設工業,True,False,False,False
1803,清水建設,True,True,False,False
1951,エクシオグループ,True,True,False,False
1808,長谷工コーポレーシヨン,True,True,False,False
1952,新日本空調,True,False,False,False
1811,錢高組,True,False,False,False
1959,九電工,True,True,False,False
1812,鹿島建設,True,True,False,False
1961,三機工業,True,False,False,False
1813,不動テトラ,True,True,False,False
1963,日揮ホールディングス,True,True,False,False
1814,大末建設,True,False,False,False
1964,中外炉工業,True,False,False,False
1815,鉄建建設,True,False,False,False
1967,ヤマト,True,False,False,False
1820,西松建設,True,True,False,False
1968,太平電業,True,False,False,False
1821,三井住友建設,True,False,False,False
1969,高砂熱学,True,True,False,False
1822,大豊建設,True,False,False,False
197A,タウンズ,True,True,False,False
1972,三晃金属,True,False,False,False
2211,不二家,True,False,False,False
1973,ＮＥＣネッツエスアイ,True,False,False,False
2212,山崎製パン,True,True,False,False
1975,朝日工業社,True,False,False,False
2215,第一屋製パン,True,False,False,False
1976,明星工業,True,False,False,False
2217,モロゾフ,True,True,False,False
1979,大氣社,True,False,False,False
2220,亀田製菓,True,False,False,False
1980,ダイダン,True,True,False,False
2222,寿スピリッツ,True,True,False,False
1982,日比谷総合設備,True,False,False,False
2229,カルビー,True,True,False,False
2001,ニップン,True,False,False,False
2264,森永乳業,True,True,False,False
2002,日清製粉Ｇ本社,True,True,False,False
2266,六甲バター,True,False,False,False
2003,日東富士製粉,True,True,False,False
2267,ヤクルト,True,True,False,False
2004,昭和産業,True,False,False,False
2269,明治ホールディングス,True,True,False,False
2009,鳥越製粉,True,False,False,False
2270,雪印メグミルク,True,False,False,False
2053,中部飼料,True,False,False,False
2281,プリマハム,True,True,False,False
2060,フィード・ワン,True,False,False,False
2282,日本ハム,True,True,False,False
208A,構造計画研究所ホールディング,True,False,False,False
2288,丸大食品,True,False,False,False
2107,東洋精糖,True,False,False,False
2292,ＳＦｏｏｄｓ,True,False,False,False
2108,日本甜菜製糖,True,False,False,False
2294,柿安本店,True,False,False,True
2109,ＤＭ三井製糖ホールディ,True,True,False,False
2296,伊藤ハム米久ＨＬＤＧＳ,True,True,False,False
2112,塩水港精糖,True,False,False,False
2301,学情,True,False,False,False
2117,ウェルネオシュガー,True,False,False,False
2305,スタジオアリス,True,False,False,False
212A,フィットイージー,True,False,False,False
2307,クロスキャット,True,False,False,False
2121,ＭＩＸＩ,True,True,False,False
2317,システナ,True,False,False,False
2124,ジェイエイシーリクルートメント,True,True,False,False
2326,デジタルアーツ,True,True,False,False
2127,日本Ｍ＆Ａセンターホールデ,True,True,False,False
2327,日鉄ソリューションズ,True,True,False,False
2130,メンバーズ,True,False,False,False
2329,東北新社,True,False,False,False
2138,クルーズ,True,False,False,False
2331,綜合警備保障,True,True,False,False
2146,ＵＴグループ,True,True,False,False
2337,いちご,True,False,False,False
2148,アイティメディア,True,False,False,False
2353,日本駐車場開発,True,False,False,False
2150,ケアネット,True,False,False,True
2354,ＹＥＤＩＧＩＴＡＬ,True,False,False,False
2153,Ｅ・Ｊホールディングス,True,False,False,False
2359,コア,True,False,False,False
2154,オープンアップグループ,True,True,False,False
2371,カカクコム,True,True,False,False
2157,コシダカホールディングス,True,True,False,False
2374,セントケア・ホールディング,True,False,False,False
2158,ＦＲＯＮＴＥＯ,True,False,False,False
2375,ギグワークス,True,False,False,False
2160,ジーエヌアイグループ,True,True,False,False
2378,ルネサンス,True,False,False,False
2162,ｎｍｓ ホールディングス,True,False,False,False
2379,ディップ,True,False,False,False
2163,アルトナー,True,True,False,False
2384,ＳＢＳホールディングス,True,True,False,False
2168,パソナグループ,True,True,False,False
2389,デジタルホールディングス,True,False,False,False
2169,CDS,True,False,False,False
2391,プラネット,True,False,False,False
2170,リンクアンドモチベーション,True,False,False,False
2393,日本ケアサプライ,True,False,False,False
2173,博展,True,False,False,False
2395,新日本科学,True,True,False,False
2175,エス・エム・エス,True,True,False,False
2397,ＤＮＡチップ研究所,True,False,False,True
2180,サニーサイドアップグループ,True,False,False,False
2410,キャリアデザインセンター,True,False,False,False
2181,パーソルホールディングス,True,True,False,False
2413,エムスリー,True,True,False,False
2183,リニカル,True,False,False,False
2418,ツカダ・グローバルＨＯＬＤ,True,False,False,False
2193,クックパッド,True,False,False,False
2428,ウェルネット,True,False,False,False
2198,アイ・ケイ・ケイホールディンク,True,False,False,True
2429,ワールドホールディングス,True,False,False,False
2201,森永製菓,True,True,False,False
2432,ディー・エヌ・エー,True,True,False,False
2206,江崎グリコ,True,True,False,False
2433,博報堂ＤＹＨＬＤＧＳ,True,True,False,False
2208,ブルボン,True,False,False,False
2435,シダー,True,True,False,False
2209,井村屋グループ,True,False,False,False
2438,アスカネット,True,False,False,False
244A,グロースエクスパートナーズ,True,False,False,False
2698,キャンドゥ,True,False,False,False
2445,タカミヤ,True,False,False,False
2700,木徳神糧,True,False,False,False
246A,アスア,True,False,False,False
2702,日本マクドナルドＨＬＤＧ,True,True,False,False
2461,ファンコミュニケーションズ,True,False,False,False
2705,大戸屋ホールディングス,True,False,False,False
2462,ライク,True,False,False,False
2715,エレマテック,True,False,False,False
2469,ヒビノ,True,False,False,False
2726,パルグループＨＬＤＧＳ,True,True,False,False
247A,ＡＩ　ロボティクス,True,False,False,False
2730,エディオン,True,True,False,False
2471,エスプール,True,False,False,False
2733,あらた,True,False,False,False
2475,ＷＤＢホールディングス,True,False,False,False
2734,サーラコーポレーション,True,False,False,False
2477,手間いらず,True,True,False,False
2735,ワッツ,True,False,False,False
2479,ジェイテック,True,False,False,False
2737,トーメンデバイス,True,False,False,False
2484,出前館,True,True,False,False
2742,ハローズ,True,False,False,False
2488,JTP,True,False,False,False
2749,ＪＰホールディングス,True,False,False,False
2489,アドウェイズ,True,False,False,False
2752,フジオフードＧ本社,True,False,False,False
2491,バリューコマース,True,False,False,False
2753,あみやき亭,True,False,False,False
2492,インフォマート,True,False,False,False
2760,東京エレクトロンデバイス,True,True,False,False
2497,ユナイテッド,True,False,False,False
2764,ひらまつ,True,False,False,True
250A,シマダヤ,True,False,False,False
2767,円谷フィールズホールディ,True,True,False,False
2501,サッポロホールディングス,True,True,False,False
2768,双日,True,True,False,False
2502,アサヒグループホールディン,True,True,False,False
2780,コメ兵ＨＬＤＧＳ,True,False,False,False
2503,キリンＨＤ,True,True,False,False
2782,セリア,True,True,False,False
2531,宝ホールディングス,True,True,False,False
2784,アルフレッサホールディングス,True,True,False,False
2533,オエノンホールディングス,True,False,False,False
2788,アップルインターナショナル,True,False,False,False
254A,AI フュージョンキャピタルグループ,True,False,False,False
2790,ナフコ,True,False,False,False
2540,養命酒製造,True,False,False,False
2791,大黒天物産,True,True,False,False
255A,ジーエルテクノホールディングス,True,False,False,False
2792,ハニーズホールディングス,True,True,False,False
256A,飛島ホールディングス,True,True,False,False
2801,キッコーマン,True,True,False,False
2579,コカ・コーラボトラーズＪＨＤ,True,True,False,False
2802,味の素,True,True,False,False
2585,ライフドリンクカンパニー,True,False,False,False
2804,ブルドツクソ−ス,True,False,False,False
2587,サントリー食品インター,True,True,False,False
2809,キユーピー,True,True,False,False
2590,ダイドーグループＨＤ,True,True,False,False
2810,ハウス食品Ｇ本社,True,True,False,False
2593,伊藤園,True,True,False,False
2811,カゴメ,True,True,False,False
2594,キーコーヒー,True,False,False,True
2813,和弘食品,True,False,False,False
2602,日清オイリオグループ,True,True,False,False
2815,アリアケジャパン,True,True,False,False
2607,不二製油グループ,True,True,False,False
2820,やまみ,True,False,False,False
2613,Ｊ−オイルミルズ,True,False,False,False
2871,ニチレイ,True,True,False,False
262A,インターメスティック,True,False,False,False
2874,横浜冷凍,True,False,False,False
264A,Ｓｃｈｏｏ,True,False,False,False
2875,東洋水産,True,True,False,False
265A,Ｈｍｃｏｍｍ,True,False,False,False
2882,イートアンドＨＬＤＧＳ,True,False,False,False
2652,まんだらけ,True,False,False,False
2884,ﾖｼﾑﾗ･ﾌｰﾄﾞ･ﾎｰﾙﾃﾞｨﾝｸﾞｽ,True,False,False,False
2659,サンエー,True,False,False,False
2892,日本食品化工,True,False,False,False
2664,カワチ薬品,True,False,False,False
2897,日清食品ＨＤ,True,True,False,False
2670,エービーシー・マート,True,True,False,False
2908,フジッコ,True,False,False,False
2674,ハードオフコーポレーション,True,False,False,False
2910,ロックフィールド,True,False,False,False
2678,アスクル,True,True,False,False
2914,日本たばこ産業,True,True,False,False
268A,リガク・ホールディングス,True,True,False,False
2915,ケンコーマヨネーズ,True,False,False,False
2681,ゲオホールディングス,True,True,False,False
2918,わらべや日洋ＨＤ,True,False,False,False
2685,アダストリア,True,True,False,False
2927,AFC-HDｱﾑｽﾗｲﾌｻｲｴﾝｽ,True,False,False,False
2692,伊藤忠食品,True,False,False,False
2929,ファーマフーズ,True,False,False,False
2695,くら寿司,True,True,False,True
2930,北の達人コーポ,True,False,False,False
2931,ユーグレナ,True,True,False,False
3151,バイタルＫＳＫＨＤ,True,False,False,False
2933,紀文食品,True,False,False,False
3153,八洲電機,True,False,False,False
2935,ピックルスホールディングス,True,False,False,False
3156,レスター,True,False,False,False
2970,グッドライフカンパニー,True,False,False,False
3159,丸善ＣＨＩＨＤ,True,False,False,True
2975,スター・マイカ・ＨＬＤＧＳ,True,False,False,False
3167,ＴＯＫＡＩホールディングス,True,False,False,False
2980,ＳＲＥホールディングス,True,True,False,False
3168,黒谷,True,False,False,False
2982,ＡＤワークスグループ,True,False,False,False
3175,エー・ピーホールディングス,True,False,False,True
2986,ＬＡホールディングス,True,True,False,False
3176,三洋貿易,True,False,False,False
3001,片倉工業,True,False,False,False
3179,シュッピン,True,False,False,False
3002,グンゼ,True,True,False,False
3180,ビューティガレージ,True,False,False,False
3003,ヒューリック,True,True,False,False
3182,オイシックス・ラ・大地,True,False,False,False
3023,ラサ商事,True,False,False,False
3185,夢展望,True,False,False,False
3028,アルペン,True,True,False,False
3186,ネクステージ,True,True,False,False
3030,ハブ,True,False,False,False
3187,サンワカンパニー,True,False,False,False
3031,ラクーンホールディングス,True,False,False,False
3191,ジョイフル本田,True,True,False,False
3034,クオールホールディングス,True,False,False,False
3193,エターナルホスピタリティグル,True,False,False,False
3035,ケイティケイ,True,False,False,False
3196,ホットランド,True,False,False,False
3036,アルコニックス,True,False,False,False
3197,すかいらーくＨＤ,True,True,False,False
3038,神戸物産,True,True,False,False
3198,ＳＦＰホールディングス,True,False,False,False
3040,ソリトンシステムズ,True,False,False,False
3199,綿半ホールディングス,True,False,False,False
3046,ジンズホールディングス,True,True,False,False
3201,日本毛織,True,False,False,False
3048,ビックカメラ,True,True,False,False
3205,ダイドーリミテッド,True,False,False,False
3050,ＤＣＭホールディングス,True,True,False,False
3221,ヨシックスホールディングス,True,False,False,False
3053,ペッパーフードサービス,True,False,False,False
3222,ユナイテッド・スーパーマーケ,True,False,False,False
3064,ＭｏｎｏｔａＲＯ,True,True,False,False
3231,野村不動産ＨＬＤＧＳ,True,True,False,False
3073,ＤＤグループ,True,True,False,False
3232,三重交通グループＨＤ,True,False,False,False
3076,あいホールディングス,True,True,False,False
3236,プロパスト,True,False,False,False
3082,きちりホールディングス,True,False,False,False
3245,ディア・ライフ,True,False,False,False
3086,Ｊ．フロントリテイリング,True,True,False,False
3252,地主,True,False,False,False
3087,ドトール・日レスＨＤ,True,True,False,False
3254,プレサンスコーポレーション,True,False,False,False
3088,マツキヨココカラ＆カンパニー,True,True,False,False
3271,ＴＨＥグローバル社,True,False,False,False
3091,ブロンコビリー,True,True,False,False
3276,JPMC,True,False,False,False
3092,ＺＯＺＯ,True,True,False,False
3284,フージャースＨＤ,True,False,False,False
3093,トレジャー・ファクトリー,True,True,False,False
3288,オープンハウスグループ,True,True,False,False
3097,物語コーポレーション,True,True,False,False
3289,東急不動産ＨＤ,True,True,False,False
3099,三越伊勢丹ＨＤ,True,True,False,False
3291,飯田ＧＨＤ,True,True,False,False
3101,東洋紡,True,True,False,False
3294,イーグランド,True,False,False,False
3103,ユニチカ,True,False,False,False
3299,ムゲンエステート,True,False,False,False
3104,富士紡ホールディングス,True,False,False,False
3302,帝国繊維,True,False,False,False
3105,日清紡ホールディングス,True,True,False,False
3315,日本コークス工業,True,False,False,False
3106,倉敷紡績,True,False,False,False
3319,ゴルフダイジェスト・オン,True,False,False,True
3107,ダイワボウＨＤ,True,True,False,False
3321,ミタチ産業,True,False,False,False
3110,日東紡績,True,True,False,False
3328,ＢＥＥＮＯＳ,True,False,False,True
3116,トヨタ紡織,True,True,False,False
3333,あさひ,True,False,False,False
3132,マクニカホールディングス,True,True,False,False
3341,日本調剤,True,False,False,False
3134,Ｈａｍｅｅ,True,False,False,False
3349,コスモス薬品,True,True,False,False
3139,ラクト・ジャパン,True,False,False,False
3355,クリヤマホールディングス,True,False,False,False
3141,ウエルシアＨＤ,True,True,False,False
3360,シップヘルスケアＨＤ,True,True,False,False
3148,クリエイトＳＤＨ,True,False,False,False
3371,ソフトクリエイトＨＤ,True,False,False,False
3150,グリムス,True,False,False,False
3374,内外テック,True,False,False,False
3382,セブン＆アイ・ＨＬＤＧＳ,True,True,False,False
3562,Ｎｏ．１,True,False,False,False
3387,クリエイト・レストランツ・ホール,True,True,False,False
3563,ＦＯＯＤ＆ＬＩＦＥＣＯＭＰＡＮ,True,True,False,False
3388,明治電機工業,True,False,False,False
3565,アセンテック,True,False,False,False
3391,ツルハホールディングス,True,True,False,False
3569,セーレン,True,False,False,False
3393,スターティアホールディングス,True,False,False,False
3591,ワコールホールディングス,True,True,False,False
3395,サンマルクホールディングス,True,False,False,False
3593,ホギメディカル,True,False,False,False
3397,トリドールホールディングス,True,True,False,False
3608,ＴＳＩホールディングス,True,False,False,False
3399,丸千代山岡家,True,True,False,False
3611,マツオカコーポレーション,True,False,False,False
3401,帝人,True,True,False,False
3612,ワールド,True,False,False,False
3402,東レ,True,True,False,False
3623,ビリングシステム,True,False,False,False
3405,クラレ,True,True,False,False
3626,ＴＩＳ,True,True,False,False
3407,旭化成,True,True,False,False
3632,グリー,True,False,False,False
3415,ＴＯＫＹＯＢＡＳＥ,True,False,False,False
3633,ＧＭＯペパボ,True,False,False,False
3416,ピクスタ,True,False,False,False
3636,三菱総合研究所,True,False,False,False
3421,稲葉製作所,True,False,False,False
3641,パピレス,True,False,False,False
3431,宮地エンジニアリングＧ,True,True,False,False
3649,ファインデックス,True,False,False,False
3433,トーカロ,True,False,False,False
3652,ﾃﾞｨｼﾞﾀﾙﾒﾃﾞｨｱﾌﾟﾛﾌｪｯｼｮﾅﾙ,True,False,False,False
3434,アルファ,True,False,False,False
3653,モルフォ,True,False,False,False
3436,ＳＵＭＣＯ,True,True,False,False
3655,ブレインパッド,True,False,False,False
3440,日創プロニティ,True,False,False,False
3656,ＫＬａｂ,True,False,False,False
3443,川田テクノロジーズ,True,True,False,False
3657,ポールトゥウィンホールディン,True,False,False,False
3445,ＲＳＴＥＣＨＮＯＬＯＧＩＥＳ,True,False,False,False
3659,ネクソン,True,True,False,False
3446,ジェイテックコーポレーション,True,False,False,False
3660,アイスタイル,True,True,False,False
3447,信和,True,False,False,False
3661,エムアップホールディングス,True,False,False,False
3452,ビーロット,True,False,False,False
3662,エイチーム,True,False,False,False
3454,ファーストブラザーズ,True,False,False,False
3663,セルシス,True,False,False,False
3457,And Doホールディングス,True,False,False,False
3665,エニグモ,True,False,False,False
3458,シーアールイー,True,False,False,True
3666,テクノスジャパン,True,False,False,False
3465,ケイアイスター不動産,True,False,False,False
3668,コロプラ,True,False,False,False
3475,グッドコムアセット,True,False,False,True
3672,オルトプラス,True,False,False,False
3479,ティーケーピー,True,False,False,False
3673,ブロードリーフ,True,False,False,False
3480,ジェイ・エス・ビー,True,False,False,False
3675,ｸﾛｽ･ﾏｰｹﾃｨﾝｸﾞｸﾞﾙｰﾌﾟ,True,False,False,False
3482,ロードスターキャピタル,True,False,False,False
3676,デジタルハーツＨＬＤＧＳ,True,False,False,False
3486,グロバルリンクマネジメント,True,False,False,False
3678,メディアドゥ,True,False,False,False
3489,フェイスネットワーク,True,False,False,False
3679,じげん,True,False,False,False
3491,ＧＡＴＥＣＨＮＯＬＯＧＩＥＳ,True,False,False,False
3680,ホットリンク,True,False,False,False
3501,住江織物,True,False,False,False
3681,ブイキューブ,True,False,False,False
3526,芦森工業,True,False,False,False
3683,サイバーリンクス,True,False,False,False
3529,アツギ,True,False,False,False
3687,フィックスターズ,True,False,False,False
3538,ウイルプラスホールディングス,True,False,False,False
3688,ＣＡＲＴＡＨＯＬＤＩＮＧＳ,True,False,False,False
3539,ＪＭホールディングス,True,True,False,False
3692,ＦＦＲＩセキュリティ,True,False,False,False
3543,コメダホールディングス,True,True,False,False
3694,オプティム,True,False,False,False
3546,アレンザホールディングス,True,False,False,False
3696,セレス,True,False,False,True
3547,串カツ田中ＨＬＤＧＳ,True,False,False,False
3697,ＳＨＩＦＴ,True,True,False,False
3548,バロックジャパン,True,False,False,True
3708,特種東海製紙,True,False,False,False
3549,クスリのアオキＨＬＤＧＳ,True,True,False,False
3719,ジェクシード,True,False,False,False
3551,ダイニック,True,False,False,False
3723,日本ファルコム,True,False,False,False
3553,共和レザー,True,False,False,False
3738,ティーガイア,True,False,False,False
3558,ジェイドグループ,True,False,False,False
3741,セック,True,False,False,False
3561,力の源ＨＤ,True,True,False,False
3747,インタートレード,True,False,False,False
3750,サイトリ細胞研究所,True,False,False,False
3927,フーバーブレイン,True,False,False,False
3760,ケイブ,True,False,False,False
3932,アカツキ,True,False,False,False
3762,テクマトリックス,True,False,False,False
3933,チエル,True,False,False,True
3765,ガンホー・オンライン・エンター,True,True,False,False
3937,ＵＢＩＣＯＭホールディングス,True,False,False,False
3769,ＧＭＯペイメントゲートウェイ,True,True,False,False
3939,カナミックネットワーク,True,False,False,False
3771,システムリサーチ,True,False,False,False
3941,レンゴー,True,True,False,False
3772,ウェルス・マネジメント,True,False,False,False
3946,トーモク,True,False,False,False
3773,アドバンスト・メディア,True,False,False,False
3948,光ビジネスフォーム,True,False,False,False
3774,インターネットイニシアティブ,True,True,False,False
3950,ザ・パック,True,False,False,False
3776,ブロードバンドタワー,True,False,False,False
3951,朝日印刷,True,False,False,False
3778,さくらインターネット,True,True,False,True
3962,チェンジホールディングス,True,True,False,False
3779,ジェイ・エスコムＨＬＤＧＳ,True,False,False,False
3963,シンクロ・フード,True,False,False,True
3788,ＧＭＯグローバルサインＨＤ,True,False,False,False
3964,オークネット,True,False,False,False
3791,ＩＧポート,True,True,False,False
3968,セグエグループ,True,False,False,False
3798,ＵＬＳグループ,True,False,False,False
3969,エイトレッド,True,False,False,False
3807,フィスコ,True,False,False,True
3978,マクロミル,True,False,False,True
3817,ＳＲＡホールディングス,True,True,False,False
3981,ビーグリー,True,False,False,False
3834,朝日ネット,True,True,False,False
3983,オロ,True,False,False,False
3835,ｅＢＡＳＥ,True,False,False,False
3984,ユーザーローカル,True,True,False,False
3836,アバントグループ,True,False,False,False
3989,シェアリングテクノロジー,True,False,False,False
3837,アドソル日進,True,False,False,False
3990,ＵＵＵＭ,True,False,False,False
3843,フリービット,True,False,False,False
3992,ニーズウェル,True,False,False,False
3844,コムチュア,True,True,False,False
3993,ＰＫＳＨＡＴＥＣＨＮＯＬＯＧＹ,True,True,False,False
3853,アステリア,True,False,False,False
3994,マネーフォワード,True,True,False,False
3854,アイル,True,False,False,False
3996,サインポスト,True,False,False,False
3857,ラック,True,False,False,False
3998,すららネット,True,False,False,False
3858,ユビキタスＡＩ,True,False,False,False
4005,住友化学,True,True,False,False
3861,王子ホールディングス,True,True,False,False
4008,住友精化,True,True,False,False
3863,日本製紙,True,True,False,False
4015,ペイクラウドホールディングス,True,False,False,False
3864,三菱製紙,True,False,False,False
4017,クリーマ,True,False,False,False
3865,北越コーポレーション,True,False,False,False
4021,日産化学,True,True,False,False
3877,中越パルプ,True,False,False,False
4022,ラサ工業,True,False,False,False
3880,大王製紙,True,True,False,False
4023,クレハ,True,False,False,False
3891,ニッポン高度紙工業,True,False,False,False
4025,多木化学,True,False,False,False
3896,阿波製紙,True,False,False,True
4026,神島化学,True,False,False,False
3900,クラウドワークス,True,False,False,False
4027,テイカ,True,False,False,False
3901,マークラインズ,True,False,False,False
4028,石原産業,True,False,False,False
3902,メディカル・データ・ビジ,True,False,False,False
4041,日本曹達,True,True,False,False
3903,ｇｕｍｉ,True,False,False,True
4042,東ソー,True,True,False,False
3909,ショーケース,True,False,False,False
4043,トクヤマ,True,True,False,False
3911,Ａｉｍｉｎｇ,True,False,False,False
4044,セントラル硝子,True,False,False,False
3912,モバイルファクトリー,True,False,False,False
4045,東亞合成,True,True,False,False
3914,ＪＩＧ−ＳＡＷ,True,True,False,False
4046,大阪ソーダ,True,True,False,False
3915,テラスカイ,True,False,False,False
4047,関東電化,True,False,False,False
3916,デジタル・インフォメーション,True,False,False,False
4051,ＧＭＯフィナンシャルゲート,True,False,False,False
3921,ネオジャパン,True,False,False,False
4053,ＳＵＮＡＳＴＥＲＩＳＫ,True,False,False,False
3922,ＰＲＴＩＭＥＳ,True,False,False,False
4055,ティアンドエスグループ,True,True,False,False
3924,ランドコンピュータ,True,False,False,False
4056,ニューラルグループ,True,False,False,False
3925,ダブルスタンダード,True,False,False,False
4058,トヨクモ,True,False,False,False
3926,オープンドア,True,False,False,False
4061,デンカ,True,True,False,False
4062,イビデン,True,True,False,False
4229,群栄化学,True,False,False,False
4063,信越化学,True,True,False,False
4231,タイガースポリマー,True,False,False,False
4064,日本カ−バイド,True,False,False,False
4235,ウルトラファブリックス・ホー,True,False,False,False
4071,プラスアルファ・コンサルティン,True,True,False,False
4238,ミライアル,True,False,False,False
4072,電算システムＨＤ,True,True,False,False
4246,ダイキョーニシカワ,True,False,False,False
4078,堺化学,True,False,False,False
4248,竹本容器,True,False,False,False
4080,田中化学研究所,True,False,False,False
4249,森六ホールディングス,True,False,False,False
4082,第一稀元素化学工,True,False,False,False
4251,恵和,True,False,False,False
4088,エア・ウォーター,True,True,False,False
4258,網屋,True,False,False,False
4091,日本酸素ＨＬＤＧＳ,True,True,False,False
4259,エクサウィザーズ,True,False,False,False
4092,日本化学工業,True,False,False,False
4265,ＩＧＳ,True,False,False,False
4093,東邦アセチレン,True,False,False,False
4272,日本化薬,True,True,False,False
4095,日本パ−カライジング,True,False,False,False
4274,細谷火工,True,False,False,False
4097,高圧ガス,True,False,False,False
4275,カーリット,True,False,False,False
4099,四国化成ホールディンク,True,False,False,False
4286,ＣＬホールディングス,True,False,False,False
4100,戸田工業,True,False,False,False
4290,プレステージ・インター,True,False,False,False
4109,ステラケミファ,True,False,False,False
4293,セプテーニＨＬＤＧＳ,True,False,False,False
4112,保土谷化学,True,False,False,False
4298,プロトコーポレーション,True,False,False,True
4113,田岡化学工業,True,False,False,False
4301,アミューズ,True,False,False,False
4114,日本触媒,True,True,False,False
4307,野村総合研究所,True,True,False,False
4116,大日精化,True,False,False,False
4308,Ｊストリーム,True,False,False,False
4118,カネカ,True,True,False,False
4310,ドリームインキュベータ,True,True,False,False
4125,三和油化工業,True,False,False,False
4316,ビーマップ,True,False,False,False
4151,協和キリン,True,True,False,False
4318,クイック,True,False,False,False
4167,ココペリ,True,False,False,False
4319,ＴＡＣ,True,True,False,False
4175,ＣＯＬＹ,True,False,False,False
4320,ＣＥホールディングス,True,False,False,False
4176,ココナラ,True,False,False,False
4323,日本システム技術,True,False,False,False
4177,ｉ‐ｐｌｕｇ,True,False,False,False
4324,電通グループ,True,True,False,False
4180,ＡＰＰＩＥＲＧＲＯＵＰ,True,True,False,False
4326,インテージホールディングス,True,False,False,False
4182,三菱瓦斯化学,True,True,False,False
4331,テイクアンドギヴニーズ,True,False,False,False
4183,三井化学,True,True,False,False
4337,ぴあ,True,False,False,False
4186,東京応化工業,True,True,False,False
4343,イオンファンタジー,True,True,False,False
4187,大阪有機化学,True,False,False,False
4344,ソースネクスト,True,False,False,False
4188,三菱ケミカルグループ,True,True,False,False
4345,シーティーエス,True,False,False,False
4189,ＫＨネオケム,True,False,False,False
4347,ブロードメディア,True,False,False,False
4192,スパイダープラス,True,False,False,False
4350,メディカルシステムネットワーク,True,False,False,False
4193,ファブリカホールディングス,True,False,False,False
4362,日本精化,True,False,False,False
4194,ビジョナル,True,True,False,False
4368,扶桑化学工業,True,True,False,False
4202,ダイセル,True,True,False,False
4369,トリケミカル,True,True,False,False
4203,住友ベ−クライト,True,True,False,False
4371,コアコンセプト・テクノロジー,True,False,False,False
4204,積水化学,True,True,False,False
4373,シンプレクスＨＤ,True,False,False,False
4205,日本ゼオン,True,True,False,False
4374,ＲＯＢＯＴ ＰＡＹＭＥＮＴ,True,False,False,False
4206,アイカ工業,True,True,False,False
4375,セーフィー,True,False,False,False
4208,ＵＢＥ,True,True,False,False
4377,ワンキャリア,True,False,False,False
4212,積水樹脂,True,False,False,False
4382,ＨＥＲＯＺ,True,True,False,True
4216,旭有機材,True,True,False,False
4385,メルカリ,True,True,False,False
4218,ニチバン,True,False,False,False
4386,ＳＩＧグループ,True,False,False,False
4220,リケンテクノス,True,False,False,False
4388,エーアイ,True,False,False,False
4221,大倉工業,True,False,False,False
4396,システムサポート,True,False,False,False
4228,積水化成品,True,False,False,False
4397,チームスピリット,True,False,False,False
4401,ＡＤＥＫＡ,True,True,False,False
4521,科研製薬,True,True,False,False
4403,日油,True,True,False,False
4523,エーザイ,True,True,False,False
4404,ミヨシ油脂,True,False,False,False
4526,理研ビタミン,True,False,False,False
4406,新日本理化,True,False,False,False
4527,ロート製薬,True,True,False,False
4410,ハリマ化成グループ,True,False,False,False
4528,小野薬品,True,True,False,False
4413,ボードルア,True,False,False,False
4530,久光製薬,True,True,False,False
4414,フレクト,True,False,False,False
4534,持田製薬,True,False,False,False
4419,ＦＩＮＡＴＥＸＴホールディンク,True,False,False,False
4536,参天製薬,True,True,False,False
4420,イーソル,True,False,False,False
4538,扶桑薬品工業,True,False,False,False
4424,ＡＭＡＺＩＡ,True,False,False,False
4540,ツムラ,True,True,False,False
4425,Ｋｕｄａｎ,True,False,False,False
4543,テルモ,True,True,False,False
4427,ＥＤＵＬＡＢ,True,False,False,False
4544,ＨＵグループＨＤ,True,True,False,False
4429,リックソフト,True,False,False,False
4547,キッセイ薬品工業,True,False,False,False
4431,スマレジ,True,False,False,False
4548,生化学工業,True,False,False,False
4432,ウイングアーク１ＳＴ,True,False,False,False
4549,栄研化学,True,False,False,False
4433,ヒト・コミュニケーションズＨＤ,True,False,False,False
4551,鳥居薬品,True,False,False,False
4434,サーバーワークス,True,False,False,False
4552,ＪＣＲファーマ,True,True,False,False
4436,ミンカブ・ジ・インフォノイト,True,False,False,False
4553,東和薬品,True,False,False,False
4438,ＷＥＬＢＹ,True,False,False,False
4554,富士製薬工業,True,False,False,False
4441,トビラシステムズ,True,False,False,False
4559,ゼリア新薬工業,True,False,False,False
4442,バルテス・ホールディングス,True,False,False,False
4568,第一三共,True,True,False,False
4443,Ｓａｎｓａｎ,True,True,False,False
4569,杏林製薬,True,False,False,False
4446,ＬＩＮＫ−Ｕグループ,True,False,False,False
4571,ＮＡＮＯ　ＭＲＮＡ,True,False,False,False
4448,ｋｕｂｅｌｌ,True,False,False,False
4572,カルナバイオサイエンス,True,True,False,False
4449,ギフティ,True,False,False,False
4574,大幸薬品,True,False,False,False
4452,花王,True,True,False,False
4577,ダイト,True,False,False,False
4461,第一工業製薬,True,False,False,False
4578,大塚ホールディングス,True,True,False,False
4462,石原ケミカル,True,False,False,False
4579,ラクオリア創薬,True,False,False,False
4463,日華化学,True,False,False,False
4587,ペプチドリーム,True,True,False,False
4471,三洋化成,True,True,False,False
4588,オンコリスバイオファーマ,True,False,False,False
4475,ＨＥＮＮＧＥ,True,True,False,False
4592,サンバイオ,True,False,False,False
4476,AI CROSS,True,False,False,False
4593,ヘリオス,True,False,False,False
4477,ＢＡＳＥ,True,False,False,False
4595,ミズホメディー,True,False,False,False
4478,フリー,True,False,False,False
4599,ステムリム,True,True,False,True
4479,マクアケ,True,False,False,False
4611,大日本塗料,True,False,False,False
4480,メドレー,True,True,False,False
4612,日本ペイントＨＯＬＤ,True,True,False,False
4481,ベース,True,False,False,False
4613,関西ペイント,True,True,False,False
4483,ＪＭＤＣ,True,True,False,False
4617,中国塗料,True,False,False,False
4484,ランサーズ,True,False,False,False
4619,日本特殊塗料,True,False,False,False
4485,ＪＴＯＷＥＲ,True,True,False,False
4620,藤倉化成,True,False,False,False
4490,ビザスク,True,False,False,False
4626,太陽ホールディングス,True,False,False,False
4493,サイバーセキュリティクラウド,True,True,False,False
4631,ＤＩＣ,True,True,False,False
4495,アイキューブドシステムズ,True,False,False,False
4633,サカタインクス,True,False,False,False
4498,サイバートラスト,True,False,False,False
4634,ＡＲＴＩＥＮＣＥ,True,False,False,False
4502,武田薬品,True,True,False,False
4641,アルプス技研,True,True,False,False
4503,アステラス製薬,True,True,False,False
4651,サニックス,True,False,False,False
4506,住友ファーマ,True,True,False,False
4657,環境管理センター,True,False,False,False
4507,塩野義製薬,True,True,False,False
4658,日本空調サービス,True,False,False,False
4516,日本新薬,True,True,False,False
4661,オリエンタルランド,True,True,False,False
4519,中外製薬,True,True,False,False
4662,フォーカスシステムズ,True,False,False,False
4664,アール・エス・シー,True,False,False,False
4848,フルキャストホールディングス,True,False,False,False
4665,ダスキン,True,True,False,False
4849,エン・ジャパン,True,False,False,False
4666,パーク２４,True,True,False,False
4880,セルソース,True,False,False,False
4668,明光ネットワークジャパン,True,False,False,False
4882,ペルセウスプロテオミクス,True,False,False,False
4671,ファルコホールディングス,True,False,False,False
4883,モダリス,True,False,False,True
4674,クレスコ,True,False,False,False
4884,クリングルファーマ,True,False,False,False
4676,フジ・メディア・ＨＤ,True,True,False,True
4886,あすか製薬ＨＤ,True,False,False,False
4678,秀英予備校,True,False,False,False
4887,サワイグループＨＤ,True,True,False,False
4680,ラウンドワン,True,True,False,False
4889,レナサイエンス,True,False,False,False
4681,リゾートトラスト,True,True,False,False
4901,富士フイルムＨＬＤＧＳ,True,True,False,False
4684,オービック,True,True,False,False
4902,コニカミノルタ,True,True,False,False
4686,ジャストシステム,True,True,False,False
4911,資生堂,True,True,False,False
4687,ＴＤＣソフト,True,False,False,False
4912,ライオン,True,True,False,False
4689,ＬＩＮＥヤフー,True,True,False,False
4914,高砂香料,True,False,False,False
4694,ビー・エム・エル,True,True,False,False
4917,マンダム,True,False,False,False
4704,トレンドマイクロ,True,True,False,False
4919,ミルボン,True,True,False,False
4707,キタック,True,False,False,False
4922,コーセー,True,True,False,False
4712,ＫｅｙＨｏｌｄｅｒ,True,False,False,False
4923,コタ,True,False,False,False
4714,リソー教育,True,False,False,False
4927,ポーラ・オルビスＨＤ,True,True,False,False
4716,日本オラクル,True,True,False,False
4928,ノエビアホールディングス,True,False,False,False
4719,アルファシステムズ,True,False,False,False
4931,新日本製薬,True,False,False,False
4722,フューチャー,True,False,False,False
4933,Ｉ−ｎｅ,True,False,False,False
4725,ＣＡＣ　Ｈｏｌｄｉｎｇｓ,True,False,False,False
4934,プレミアアンチエイジング,True,False,False,True
4732,ユー・エス・エス,True,True,False,False
4936,アクシージア,True,False,False,False
4733,オービックビジネスＣ,True,False,False,False
4951,エステー,True,False,False,False
4743,アイティフォー,True,False,False,False
4956,コニシ,True,False,False,False
4745,東京個別指導学院,True,False,False,False
4958,長谷川香料,True,False,False,False
4746,東計電算,True,False,False,False
4966,上村工業,True,False,False,False
4751,サイバーエージェント,True,True,False,False
4967,小林製薬,True,True,False,False
4763,クリーク・アンド・リバー社,True,False,False,False
4968,荒川化学工業,True,False,False,False
4765,ＳＢＩグローバルアセット,True,False,False,False
4970,東洋合成工業,True,True,False,False
4767,テー・オー・ダブリュー,True,False,False,False
4971,メック,True,False,False,False
4768,大塚商会,True,True,False,False
4972,綜研化学,True,False,False,False
4776,サイボウズ,True,True,False,False
4973,日本高純度化学,True,False,False,False
4783,NCD,True,False,False,False
4974,タカラバイオ,True,False,False,False
4792,山田コンサルティングＧＰ,True,False,False,False
4975,ＪＣＵ,True,False,False,False
4801,セントラルスポーツ,True,False,False,False
4977,新田ゼラチン,True,False,False,False
4811,ドリーム・アーツ,True,False,False,False
4978,リプロセル,True,False,False,False
4812,電通総研,True,True,False,False
4979,ＯＡＴアグリオ,True,False,False,False
4813,ＡＣＣＥＳＳ,True,False,False,False
4980,デクセリアルズ,True,True,False,False
4816,東映アニメーション,True,True,False,False
4985,アース製薬,True,True,False,False
4819,デジタルガレージ,True,False,False,False
4992,北興化学,True,False,False,False
4820,イーエムシステムズ,True,False,False,False
4996,クミアイ化学,True,True,False,False
4825,ウェザーニューズ,True,True,False,False
4997,日本農薬,True,False,False,False
4826,ＣＩＪ,True,False,False,False
4998,フマキラー,True,False,False,True
4828,ビジネスエンジニアリング,True,False,False,False
5009,富士興産,True,False,False,False
4829,日本エンタープライズ,True,False,False,False
5010,日本精蝋,True,False,False,False
4832,ＪＦＥシステムズ,True,False,False,True
5011,ニチレキグループ,True,True,False,False
4839,ＷＯＷＯＷ,True,False,False,False
5013,ユシロ化学,True,False,False,False
4847,インテリジェントウェイブ,True,False,False,False
5017,富士石油,True,False,False,False
5018,ＭＯＲＥＳＣＯ,True,False,False,False
5344,ＭＡＲＵＷＡ,True,True,False,False
5019,出光興産,True,True,False,False
5351,品川リフラクトリーズ,True,True,False,False
5020,ＥＮＥＯＳホールディングス,True,True,False,False
5352,黒崎播磨,True,True,False,False
5021,コスモエネルギーＨＬＤＧＳ,True,True,False,False
5357,ヨータイ,True,False,False,False
5027,ＡＮＹＭＩＮＤ　ＧＲＯＵＰ,True,False,False,False
5384,フジミインコーポレーテッド,True,True,False,False
5032,ＡＮＹＣＯＬＯＲ,True,True,False,False
5388,クニミネ工業,True,False,False,False
5033,ヌーラボ,True,False,False,False
5393,ニチアス,True,True,False,False
5036,日本ビジネスシステムズ,True,False,False,False
5401,日本製鉄,True,True,False,False
5074,テスホールディングス,True,False,False,False
5406,神戸製鋼所,True,True,False,False
5076,インフロニアＨＤ,True,True,False,False
5408,中山製鋼所,True,True,False,False
5101,横浜ゴム,True,True,False,False
5410,合同製鐵,True,True,False,False
5105,ＴＯＹＯＴＩＲＥ,True,True,False,False
5411,ＪＦＥホールディングス,True,True,False,False
5108,ブリヂストン,True,True,False,False
5423,東京製鐵,True,True,False,False
5110,住友ゴム,True,True,False,False
5440,共英製鋼,True,False,False,False
5121,藤倉コンポジット,True,False,False,False
5444,大和工業,True,True,False,False
5122,オカモト,True,False,False,False
5445,東京鐵鋼,True,True,False,False
5142,アキレス,True,False,False,False
5449,大阪製鐵,True,False,False,False
5184,ニチリン,True,False,False,False
5451,淀川製鋼所,True,True,False,False
5185,フコク,True,False,False,False
5461,中部鋼鈑,True,False,False,False
5186,ニッタ,True,False,False,False
5463,丸一鋼管,True,True,False,False
5191,住友理工,True,False,False,False
5464,モリ工業,True,False,False,False
5192,三ツ星ベルト,True,True,False,False
5471,大同特殊鋼,True,True,False,False
5195,バンドー化学,True,False,False,False
5480,日本冶金工,True,True,False,False
5201,ＡＧＣ,True,True,False,False
5481,山陽特殊製鋼,True,False,False,True
5202,日本板硝子,True,False,False,False
5482,愛知製鋼,True,False,False,False
5204,石塚硝子,True,False,False,False
5541,大平洋金属,True,False,False,False
5208,有沢製作所,True,False,False,False
5563,新日本電工,True,False,False,False
5210,日本山村硝子,True,False,False,False
5602,栗本鉄工所,True,False,False,False
5214,日本電気硝子,True,True,False,False
5603,虹技,True,False,False,False
5218,オハラ,True,False,False,False
5612,日本鋳鉄管,True,False,False,False
5232,住友大阪セメント,True,True,False,False
5631,日本製鋼所,True,True,False,False
5233,太平洋セメント,True,True,False,False
5632,三菱製鋼,True,False,False,False
5253,カバー,True,False,False,False
5659,日本精線,True,False,False,False
5258,ﾄﾗﾝｻﾞｸｼｮﾝ･ﾒﾃﾞｨｱ･ﾈｯﾄﾜｰｸｽ,True,False,False,False
5698,エンビプロ・ホールディングス,True,False,False,False
5259,ＢＢＤイニシアティブ,True,False,False,False
5702,大紀アルミニウム,True,False,False,False
5261,リソルホールディングス,True,False,False,False
5703,日本軽金属ＨＤ,True,True,False,False
5262,日本ヒューム,True,False,False,True
5706,三井金属,True,True,False,False
5269,日本コンクリ−ト,True,False,False,False
5707,東邦亜鉛,True,False,False,False
5273,三谷セキサン,True,False,False,False
5711,三菱マテリアル,True,True,False,False
5284,ヤマウホールディングス,True,False,False,False
5713,住友鉱山,True,True,False,False
5285,ヤマックス,True,False,False,True
5714,ＤＯＷＡホールディングス,True,True,False,False
5288,アジアパイルＨＤ,True,False,False,False
5715,古河機金,True,False,False,False
5290,ベルテクスコーポレーション,True,False,False,False
5726,大阪チタニウム,True,True,False,False
5301,東海カーボン,True,True,False,False
5727,東邦チタニウム,True,True,False,False
5302,日本カーボン,True,True,False,False
5757,ＣＫサンエツ,True,False,False,False
5310,東洋炭素,True,True,False,False
5759,日本電解,True,False,False,False
5331,ノリタケ,True,True,False,False
5801,古河電工,True,True,False,False
5332,ＴＯＴＯ,True,True,False,False
5802,住友電工,True,True,False,False
5333,日本碍子,True,True,False,False
5803,フジクラ,True,True,False,False
5334,日本特殊陶業,True,True,False,False
5805,ＳＷＣＣ,True,True,False,False
5816,オーナンバ,True,False,False,False
6050,イー・ガーディアン,True,False,False,False
5821,平河ヒューテック,True,False,False,False
6055,ジャパンマテリアル,True,False,False,False
5830,いよぎんホールディンク,True,True,False,False
6058,ベクトル,True,False,False,False
5831,しずおかフィナンシャルク,True,True,False,False
6062,チャームケアコーポレーション,True,False,False,False
5832,ちゅうぎんフィナンシャ,True,True,False,False
6070,キャリアリンク,True,False,False,False
5842,インテグラル,True,False,False,False
6071,ＩＢＪ,True,False,False,False
5844,京都フィナンシャルＧ,True,True,False,False
6073,アサンテ,True,False,False,False
5845,全保連,True,False,False,True
6078,バリューＨＲ,True,False,False,True
5851,リョービ,True,True,False,False
6080,Ｍ＆Ａキャピタルパートナー,True,True,False,False
5852,アーレステイ,True,False,False,False
6081,アライドアーキテクツ,True,False,False,False
5857,ＡＲＥホールディングス,True,True,False,False
6082,ライドオンエクスプレスＨＤ,True,False,False,False
5889,Japan Eyewear Holdings,True,False,False,False
6083,ＥＲＩホールディングス,True,False,False,False
5892,yutori,True,False,False,False
6088,シグマクシス・ホールディンク,True,False,False,False
5901,東洋製罐グループＨＤ,True,True,False,False
6089,ウィルグループ,True,False,False,False
5902,ホッカンホールディングス,True,False,False,False
6094,フリークアウトＨＬＤＧＳ,True,False,False,False
5911,横河ブリッジＨＬＤＧＳ,True,True,False,False
6095,メドピア,True,False,False,False
5915,駒井ハルテック,True,False,False,False
6096,レアジョブ,True,False,False,False
5929,三和ホールディングス,True,True,False,False
6098,リクルートホールディングス,True,True,False,False
5930,文化シヤツタ−,True,False,False,False
6099,エラン,True,False,False,False
5932,三協立山,True,False,False,False
6101,ツガミ,True,False,False,False
5933,アルインコ,True,False,False,False
6103,オークマ,True,True,False,False
5938,ＬＩＸＩＬ,True,True,False,False
6104,芝浦機械,True,True,False,False
5943,ノーリツ,True,False,False,False
6113,アマダ,True,True,False,False
5946,長府製作所,True,False,False,False
6118,アイダエンジニア,True,False,False,False
5947,リンナイ,True,True,False,False
6125,岡本工作,True,False,False,False
5949,ユニプレス,True,False,False,False
6134,ＦＵＪＩ,True,True,False,False
5950,日本パワーファスニング,True,False,False,False
6135,牧野フライス,True,False,False,False
5957,日東精工,True,False,False,False
6136,オーエスジー,True,True,False,False
5958,三洋工業,True,False,False,False
6137,小池酸素工業,True,False,False,True
5959,岡部,True,False,False,False
6140,旭ダイヤモンド,True,False,False,False
5970,ジーテクト,True,True,False,False
6141,ＤＭＧ森精機,True,True,False,False
5975,東プレ,True,False,False,False
6143,ソデイツク,True,False,False,False
5976,高周波熱錬,True,False,False,False
6145,ＮＩＴＴＯＫＵ,True,False,False,False
5981,東京製綱,True,False,False,False
6146,ディスコ,True,True,False,False
5982,マルゼン,True,False,False,False
6151,日東工器,True,False,False,False
5985,サンコール,True,False,False,False
6157,日進工具,True,False,False,False
5986,モリテックスチル,True,False,False,False
6167,冨士ダイス,True,False,False,False
5988,パイオラックス,True,False,False,False
6176,ブランジスタ,True,False,False,False
5989,エイチワン,True,False,False,False
6177,ＡｐｐＢａｎｋ,True,False,False,False
5991,日本発条,True,True,False,False
6178,日本郵政,True,True,False,False
5992,中央発條,True,False,False,False
6182,メタリアル,True,False,False,True
6005,三浦工業,True,True,False,False
6183,ベルシステム２４ＨＬＤＧＳ,True,True,False,False
6013,タクマ,True,False,False,False
6184,鎌倉新書,True,False,False,False
6023,ダイハツデイ−ゼル,True,False,False,False
6191,エアトリ,True,True,False,False
6027,弁護士ドットコム,True,True,False,False
6194,アトラエ,True,False,False,False
6028,テクノプロ・ホールディング,True,True,False,False
6196,ストライク,True,False,False,False
6035,アイ・アールジャパンＨＤ,True,False,False,False
6197,ソラスト,True,False,False,False
6036,ＫｅｅＰｅｒ技研,True,True,False,False
6199,セラク,True,False,False,False
6048,デザインワン・ジャパン,True,False,False,False
6200,インソース,True,False,False,False
6049,イトクロ,True,False,False,False
6201,豊田自動織機,True,True,False,False
6203,豊和工業,True,False,False,False
6328,荏原実業,True,False,False,False
6209,リケンＮＰＲ,True,False,False,False
6330,東洋エンジニア,True,False,False,False
6210,東洋機械金属,True,False,False,False
6331,三菱化工機,True,False,False,False
6222,島精機製作所,True,False,False,False
6332,月島ホールディングス,True,False,False,False
6224,株式会社ＪＲＣ,True,False,False,False
6333,帝国電機製作所,True,False,False,False
6226,守谷輸送機工業,True,False,False,False
6339,新東工業,True,False,False,False
6231,木村工機,True,False,False,False
6340,渋谷工業,True,False,False,False
6232,ＡＣＳＬ,True,False,False,False
6345,アイチコーポレーション,True,False,False,False
6235,オプトラン,True,False,False,False
6349,小森コーポレーション,True,False,False,False
6237,イワキポンプ,True,False,False,False
6351,鶴見製作所,True,False,False,False
6238,フリュー,True,False,False,False
6356,日本ギア工業,True,False,False,False
6239,ナガオカ,True,False,False,False
6358,酒井重工業,True,False,False,False
6240,ヤマシンフィルタ,True,True,False,False
6361,荏原製作所,True,True,False,False
6245,ヒラノテクシード,True,False,False,False
6363,酉島製作所,True,True,False,False
6247,日阪製作所,True,False,False,False
6364,北越工業,True,False,False,False
6250,やまびこ,True,False,False,False
6366,千代田化工建,True,False,False,False
6254,野村マイクロ・サイエンス,True,True,False,True
6367,ダイキン工業,True,True,False,False
6255,エヌ・ピー・シー,True,False,False,False
6368,オルガノ,True,True,False,False
6257,藤商事,True,False,False,False
6369,ト−ヨ−カネツ,True,False,False,False
6258,平田機工,True,True,False,False
6370,栗田工業,True,True,False,False
6262,ＰＥＧＡＳＵＳ,True,False,False,False
6371,椿本チエイン,True,False,False,False
6264,マルマエ,True,False,False,False
6373,大同工業,True,False,False,False
6266,タツモ,True,False,False,False
6376,日機装,True,False,False,False
6268,ナブテスコ,True,True,False,False
6378,木村化工機,True,False,False,False
6269,三井海洋開発,True,True,False,False
6379,レイズネクスト,True,False,False,False
6272,レオン自動機,True,False,False,False
6381,アネスト岩田,True,False,False,False
6273,ＳＭＣ,True,True,False,False
6383,ダイフク,True,True,False,False
6277,ホソカワミクロン,True,False,False,False
6387,サムコ,True,True,False,False
6278,ユニオンツール,True,False,False,False
6390,加藤製作所,True,False,False,False
6279,瑞光,True,False,False,False
6395,タダノ,True,True,False,False
6282,オイレス工業,True,False,False,False
6406,フジテック,True,True,False,False
6284,日精エーエスビー,True,False,False,False
6407,ＣＫＤ,True,False,False,False
6287,サト−ホールディングス,True,False,False,False
6412,平和,True,True,False,False
6289,技研製作所,True,False,False,False
6413,理想科学工業,True,False,False,False
6291,日本エアーテック,True,False,False,False
6417,ＳＡＮＫＹＯ,True,True,False,False
6293,日精樹脂工業,True,False,False,False
6418,日本金銭機械,True,False,False,False
6294,オカダアイヨン,True,False,False,False
6419,マースグループＨＬＤＧＳ,True,True,False,False
6298,ワイエイシイホールディングス,True,True,False,False
6420,フクシマガリレイ,True,False,False,False
6301,小松製作所,True,True,False,False
6425,ユニバーサルエンターテインメン,True,True,False,False
6302,住友重機械,True,True,False,False
6430,ダイコク電機,True,False,False,False
6305,日立建機,True,True,False,False
6432,竹内製作所,True,True,False,False
6306,日工,True,False,False,False
6436,アマノ,True,True,False,False
6309,巴工業,True,False,False,False
6440,ＪＵＫＩ,True,False,False,False
6310,井関農機,True,False,False,False
6444,サンデン,True,False,False,False
6315,ＴＯＷＡ,True,True,False,False
6445,ジャノメ,True,False,False,False
6317,北川鉄工所,True,False,False,False
6448,ブラザー工業,True,True,False,False
6322,タクミナ,True,False,False,False
6454,マックス,True,True,False,False
6323,ローツェ,True,True,False,False
6455,モリタホールディングス,True,False,False,False
6324,ハーモニック・ドライブ・シス,True,False,False,False
6457,グローリー,True,True,False,False
6326,クボタ,True,True,False,False
6458,新晃工業,True,True,False,False
6459,大和冷機工業,True,False,False,False
6590,芝浦メカトロニクス,True,True,False,False
6460,セガサミーホールディングス,True,True,False,False
6592,マブチモーター,True,True,False,False
6463,ＴＰＲ,True,False,False,False
6594,ニデック,True,True,False,False
6464,ツバキ・ナカシマ,True,False,False,False
6597,ＨＰＣシステムズ,True,False,False,False
6465,ホシザキ,True,True,False,False
6615,ユーエムシーエレクトロニクス,True,False,False,False
6470,大豊工業,True,False,False,False
6616,トレックス・セミコンダクター,True,False,False,False
6471,日本精工,True,True,False,False
6617,東光高岳,True,False,False,False
6473,ジェイテクト,True,True,False,False
6619,ダブル・スコープ,True,True,False,False
6474,不二越,True,True,False,False
6620,宮越ホールディングス,True,False,False,False
6479,ミネベアミツミ,True,True,False,False
6622,ダイヘン,True,False,False,False
6480,日本トムソン,True,False,False,False
6625,ＪＡＬＣＯホールディングス,True,False,False,True
6481,ＴＨＫ,True,True,False,False
6626,ＳＥＭＩＴＥＣ,True,False,False,False
6486,イーグル工業,True,False,False,False
6627,テラプローブ,True,False,False,False
6489,前澤工業,True,False,False,False
6629,テクノホライゾン,True,False,False,False
6490,ＰＩＬＬＡＲ,True,True,False,False
6630,ヤーマン,True,True,False,False
6498,キッツ,True,False,False,False
6632,ＪＶＣケンウッド,True,True,False,False
6501,日立,True,True,False,False
6634,ネクスグループ,True,False,False,False
6503,三菱電機,True,True,False,False
6638,ミマキエンジニアリング,True,False,False,False
6504,富士電機,True,True,False,False
6643,戸上電機製作所,True,False,False,False
6505,東洋電機製造,True,False,False,False
6644,大崎電気,True,False,False,False
6506,安川電機,True,True,False,False
6645,オムロン,True,True,False,False
6507,シンフォニアテクノロジー,True,False,False,False
6651,日東工業,True,True,False,False
6508,明電舎,True,False,False,False
6652,ＩＤＥＣ,True,False,False,False
6516,山洋電気,True,False,False,False
6653,正興電機製作所,True,False,False,False
6517,デンヨー,True,False,False,False
6658,シライ電子工業,True,False,False,False
6521,オキサイド,True,True,False,False
6668,ｱﾄﾞﾃｯｸﾌﾟﾗｽﾞﾏﾃｸﾉﾛｼﾞｰ,True,False,False,False
6522,アスタリスク,True,False,False,False
6670,ＭＣＪ,True,False,False,False
6523,ＰＨＣホールディングス,True,True,False,False
6674,ジーエス・ユアサコーポ,True,True,False,False
6524,湖北工業,True,True,False,False
6675,サクサ,True,False,False,False
6525,ＫＯＫＵＳＡＩＥＬＥＣＴＲＩＣ,True,True,False,False
6676,メルコホールディングス,True,False,False,False
6526,ソシオネクスト,True,True,False,False
6677,エスケーエレクトロニクス,True,False,False,False
6532,ベイカレント,True,True,False,False
6699,ダイヤモンドエレクトリクＨＤ,True,False,False,False
6533,ＯＲＣＨＥＳＴＲＡＨＬＤＧＳ,True,False,False,False
6701,日本電気,True,True,False,False
6535,アイモバイル,True,False,False,False
6702,富士通,True,True,False,False
6538,ディスラプターズ,True,False,False,False
6703,沖電気,True,False,False,False
6539,ＭＳ−Ｊａｐａｎ,True,False,False,False
6706,電気興業,True,False,False,False
6544,ジャパンエレベーターＳＨＤ,True,False,False,False
6707,サンケン電気,True,True,False,False
6547,グリーンズ,True,False,False,False
6718,アイホン,True,False,False,False
6550,Ｕｎｉｐｏｓ,True,False,False,False
6723,ルネサスエレクトロニクス,True,True,False,False
6551,ツナググループ・ホールディン,True,False,False,False
6724,セイコーエプソン,True,True,False,False
6552,ＧａｍｅＷｉｔｈ,True,False,False,False
6727,ワコム,True,False,False,False
6560,エル・ティー・エス,True,False,False,False
6728,アルバック,True,True,False,False
6562,ジーニー,True,False,False,False
6730,アクセル,True,False,False,False
6564,ミダックホールディングス,True,False,False,False
6736,サン電子,True,False,False,False
6571,キュービーネットＨＬＤＧＳ,True,False,False,False
6737,ＥＩＺＯ,True,False,False,False
6572,オープングループ,True,False,False,False
6740,ジャパンディスプレイ,True,False,False,False
6574,コンヴァノ,True,False,False,False
6741,日本信号,True,False,False,False
6584,三桜工業,True,False,False,False
6742,京三製作所,True,False,False,False
6586,マキタ,True,True,False,False
6744,能美防災,True,False,False,False
6588,東芝テック,True,False,False,False
6745,ホーチキ,True,False,False,False
6750,エレコム,True,False,False,False
6882,三社電機製作所,True,False,False,False
6752,パナソニックホールディンク,True,True,False,False
6899,ＡＳＴＩ,True,False,False,False
6753,シャープ,True,True,False,False
6902,デンソー,True,True,False,False
6754,アンリツ,True,True,False,False
6904,原田工業,True,False,False,True
6755,富士通ゼネラル,True,True,False,True
6905,コーセル,True,False,False,False
6758,ソニーグループ,True,True,False,False
6908,イリソ電子工業,True,False,False,False
6762,ＴＤＫ,True,True,False,False
6914,オプテックスグループ,True,False,False,False
6763,帝国通信工業,True,False,False,False
6915,千代田インテグレ,True,False,False,False
6768,タムラ製作所,True,False,False,False
6920,レーザーテック,True,True,False,False
6769,ザインエレクトロニクス,True,False,False,False
6923,スタンレー電気,True,True,False,False
6770,アルプスアルパイン,True,True,False,False
6925,ウシオ電機,True,True,False,False
6777,ＳＡＮＴＥＣＨＯＬＤＩＮＧＳ,True,True,False,False
6927,ヘリオステクノＨ,True,True,False,False
6778,アルチザネットワークス,True,False,False,False
6928,エノモト,True,False,False,False
6779,日本電波工業,True,False,False,False
6929,日本セラミック,True,False,False,False
6785,鈴木,True,False,False,False
6932,遠藤照明,True,False,False,False
6787,メイコー,True,True,False,False
6937,古河電池,True,False,False,True
6788,日本トリム,True,False,False,False
6941,山一電機,True,False,False,False
6794,フオスタ−電機,True,False,False,False
6946,日本アビオニクス,True,False,False,False
6800,ヨコオ,True,False,False,False
6947,図研,True,False,False,False
6804,ホシデン,True,False,False,False
6951,日本電子,True,True,False,False
6806,ヒロセ電機,True,True,False,False
6952,カシオ,True,True,False,False
6807,日本航空電子,True,False,False,True
6954,ファナック,True,True,False,False
6809,ＴＯＡ,True,False,False,False
6955,ＦＤＫ,True,False,False,True
6810,マクセル,True,False,False,False
6957,芝浦電子,True,False,False,False
6814,古野電気,True,True,False,False
6958,日本シイエムケイ,True,False,False,False
6817,スミダコーポレーション,True,False,False,False
6960,フクダ電子,True,False,False,False
6820,アイコム,True,False,False,False
6961,エンプラス,True,True,False,False
6823,リオン,True,False,False,False
6962,大真空,True,False,False,False
6832,アオイ電子,True,False,False,False
6963,ローム,True,True,False,False
6834,精工技研,True,True,False,False
6965,浜松ホトニクス,True,True,False,False
6841,横河電機,True,True,False,False
6966,三井ハイテック,True,True,False,False
6844,新電元工業,True,False,False,False
6971,京セラ,True,True,False,False
6845,アズビル,True,True,False,False
6973,協栄産業,True,False,False,False
6849,日本光電工業,True,True,False,False
6976,太陽誘電,True,True,False,False
6850,チノー,True,False,False,False
6981,村田製作所,True,True,False,False
6853,共和電業,True,False,False,False
6986,双葉電子工業,True,False,False,False
6855,日本電子材料,True,True,False,False
6988,日東電工,True,True,False,False
6856,堀場製作所,True,True,False,False
6995,東海理化電機,True,False,False,False
6857,アドバンテスト,True,True,False,False
6997,日本ケミコン,True,False,False,True
6858,小野測器,True,False,False,False
6999,ＫＯＡ,True,False,False,False
6859,エスペック,True,False,False,False
7003,三井Ｅ＆Ｓ,True,True,False,False
6861,キーエンス,True,True,False,False
7004,カナデビア,True,False,False,False
6862,ミナトホールディングス,True,False,False,False
7011,三菱重工業,True,True,False,False
6863,ニレコ,True,False,False,False
7012,川崎重工業,True,True,False,False
6866,日置電機,True,True,False,False
7013,ＩＨＩ,True,True,False,False
6869,シスメックス,True,True,False,False
7014,名村造船所,True,True,False,False
6871,日本マイクロニクス,True,True,False,False
7033,マネジメントソリューションズ,True,True,False,False
6875,メガチップス,True,True,False,False
7034,プロレド・パートナーズ,True,False,False,False
6877,ＯＢＡＲＡＧＲＯＵＰ,True,False,False,False
7038,フロンティア・マネジメント,True,False,False,False
6879,ＩＭＡＧＩＣＡＧＲＯＵＰ,True,False,False,False
7044,ピアラ,True,False,False,False
7047,ポート,True,False,False,False
7229,ユタカ技研,True,False,False,False
7048,ベルトラ,True,False,False,False
7231,トピー工業,True,False,False,False
7059,コプロ・ホールディングス,True,False,False,False
7236,ティラド,True,False,False,False
7061,日本ホスピスＨＬＤＧＳ,True,False,False,False
7238,曙ブレーキ工業,True,False,False,False
7065,ユーピーアール,True,False,False,False
7239,タチエス,True,True,False,False
7068,フィードフォースグループ,True,False,False,False
7240,ＮＯＫ,True,True,False,False
7071,アンビスホールディングス,True,True,False,False
7241,フタバ産業,True,False,False,False
7082,ジモティー,True,False,False,False
7242,カヤバ,True,True,False,False
7085,カーブスホールディングス,True,False,False,False
7244,市光工業,True,False,False,False
7088,フォーラムエンジニアリング,True,False,False,False
7245,大同メタル工業,True,False,False,False
7092,ＦＡＳＴＦＩＴＮＥＳＳＪＡＰ,True,True,False,False
7246,プレス工業,True,False,False,False
7094,ＮＥＸＴＯＮＥ,True,False,False,False
7247,ミクニ,True,False,False,False
7095,ＭＡＣＢＥＥＰＬＡＮＥＴ,True,True,False,True
7250,太平洋工業,True,False,False,False
7096,ステムセル研究所,True,False,False,False
7259,アイシン,True,True,False,False
7102,日本車輌製造,True,False,False,False
7261,マツダ,True,True,False,False
7105,三菱ロジスネクスト,True,False,False,False
7266,今仙電機製作所,True,False,False,False
7122,近畿車輌,True,False,False,False
7267,本田技研,True,True,False,False
7128,フルサト・マルカＨＤ,True,False,False,False
7269,スズキ,True,True,False,False
7130,ヤマエグループＨＤ,True,False,False,False
7270,ＳＵＢＡＲＵ,True,True,False,False
7133,ＨＹＵＧＡＰＲＩＭＡＲＹＣＡ,True,False,False,False
7271,安永,True,False,False,True
7148,ＦＰＧ,True,True,False,False
7272,ヤマハ発動機,True,True,False,False
7157,ライフネット生命保険,True,False,False,False
7276,小糸製作所,True,True,False,False
7161,じもとホールディングス,True,False,False,False
7278,エクセディ,True,True,False,False
7162,アストマックス,True,False,False,False
7279,ハイレックスコーポレーション,True,False,False,False
7163,住信ＳＢＩネット銀行,True,True,False,False
7280,ミツバ,True,False,False,False
7164,全国保証,True,True,False,False
7282,豊田合成,True,True,False,False
7167,めぶきフィナンシャルＧ,True,True,False,False
7283,愛三工業,True,False,False,False
7173,東京きらぼしＦＧ,True,True,False,False
7287,日本精機,True,False,False,False
7177,ＧＭＯフィナンシャルＨＬＤＧＳ,True,False,False,False
7291,日本プラスト,True,False,False,False
7180,九州フィナンシャルＧ,True,True,False,False
7292,村上開明堂,True,True,False,False
7181,かんぽ生命保険,True,True,False,False
7294,ヨロズ,True,False,False,False
7182,ゆうちょ銀行,True,True,False,False
7296,エフ・シー・シー,True,True,False,False
7184,富山第一銀行,True,False,False,False
7305,新家工業,True,False,False,False
7186,コンコルディア・フィナンシャル,True,True,False,False
7309,シマノ,True,True,False,False
7187,ジェイリース,True,False,False,False
7313,テイ・エステック,True,True,False,False
7189,西日本フィナンシャルＨＤ,True,False,False,False
7317,松屋アールアンドディ,True,False,False,False
7191,イントラスト,True,False,False,False
7320,日本リビング保証,True,False,False,False
7192,日本モーゲージサービス,True,False,False,False
7322,３３ＦＧ,True,False,False,False
7198,ＳＢＩアルヒ,True,False,False,False
7326,SBIインシュアランスグループ,True,False,False,False
7199,プレミアグループ,True,False,False,False
7327,第四北越フィナンシャルＧ,True,True,False,False
7201,日産自動車,True,True,False,False
7337,ひろぎんＨＬＤＧＳ,True,True,False,False
7202,いすゞ自動車,True,True,False,False
7342,ウェルスナビ,True,False,False,False
7203,トヨタ自動車,True,True,False,False
7347,マーキュリアホールディングス,True,False,False,False
7205,日野自動車,True,True,False,False
7350,おきなわＦＧ,True,False,False,False
7211,三菱自動車工業,True,True,False,False
7354,ダイレクトマケティングミクス,True,False,False,False
7212,エフテック,True,False,False,False
7358,ポピンズ,True,False,False,False
7220,武蔵精密工業,True,False,False,False
7366,ＬＩＴＡＬＩＣＯ,True,False,False,False
7222,日産車体,True,False,False,False
7367,セルム,True,False,False,False
7224,新明和工業,True,False,False,False
7370,Ｅｎｊｉｎ,True,True,False,False
7226,極東開発工業,True,False,False,False
7373,アイドマ・ホールディングス,True,True,False,False
7374,コンフィデンス・インターワー,True,False,False,False
7593,ＶＴホールディングス,True,False,False,False
7379,サーキュレーション,True,False,False,False
7595,アルゴグラフィックス,True,False,False,False
7380,十六ＦＧ,True,True,False,False
7599,ＩＤＯＭ,True,False,False,False
7381,北國ＦＨＤ,True,False,False,False
7600,日本エム・ディ・エム,True,False,False,False
7383,ネットプロＨＤ,True,False,False,False
7601,ポプラ,True,False,False,False
7384,プロクレアホールディングス,True,False,False,False
7605,フジ・コーポレーション,True,False,False,False
7389,あいちフィナンシャルグル,True,False,False,False
7606,ユナイテッドアローズ,True,False,False,False
7408,ジャムコ,True,False,False,True
7607,進和,True,False,False,False
7412,アトム,True,True,False,False
7608,エスケイジャパン,True,False,False,False
7414,小野建,True,False,False,False
7609,ダイトロン,True,False,False,False
7419,ノジマ,True,False,False,False
7611,ハイデイ日高,True,True,False,False
7420,佐鳥電機,True,False,False,False
7613,シークス,True,False,False,False
7421,カッパ・クリエイト,True,False,False,False
7616,コロワイド,True,True,False,False
7427,エコートレーディング,True,False,False,False
7630,壱番屋,True,True,False,False
7433,伯東,True,True,False,False
7637,白銅,True,False,False,False
7438,コンドーテック,True,False,False,False
7638,ＮＥＷＡＲＴＨＯＬＤＩＮＧＳ,True,True,False,True
7447,ナガイレーベン,True,False,False,False
7646,ＰＬＡＮＴ,True,False,False,False
7451,三菱食品,True,False,False,False
7649,スギホールディングス,True,True,False,False
7453,良品計画,True,True,False,False
7679,薬王堂ホールディングス,True,False,False,False
7456,松田産業,True,False,False,False
7686,カクヤスグループ,True,False,False,False
7458,第一興商,True,True,False,False
7701,島津製作所,True,True,False,False
7459,メディパルＨＤ,True,True,False,False
7702,ＪＭＳ,True,False,False,False
7463,アドヴァングループ,True,False,False,False
7715,長野計器,True,True,False,False
7466,ＳＰＫ,True,False,False,False
7716,ナカニシ,True,False,False,False
7467,萩原電気ＨＬＤＧＳ,True,False,False,False
7717,ブイ・テクノロジー,True,False,False,False
7476,アズワン,True,True,False,False
7718,スター精密,True,False,False,False
7480,スズデン,True,False,False,False
7721,東京計器,True,True,False,False
7482,シモジマ,True,False,False,False
7723,愛知時計,True,False,False,False
7483,ドウシシャ,True,False,False,False
7725,インターアクション,True,False,False,False
7494,コナカ,True,False,False,False
7727,オーバル,True,False,False,False
7504,高速,True,False,False,False
7729,東京精密,True,True,False,False
7508,Ｇ−７ホールディングス,True,False,False,False
7730,マニー,True,True,False,False
7510,たけびし,True,False,False,False
7731,ニコン,True,True,False,False
7512,イオン北海道,True,True,False,False
7732,トプコン,True,True,False,False
7513,コジマ,True,True,False,False
7733,オリンパス,True,True,False,False
7516,コーナン商事,True,True,False,False
7734,理研計器,True,False,False,False
7518,ネットワンシステムズ,True,True,False,False
7735,ＳＣＲＥＥＮホールディングス,True,True,False,False
7520,エコス,True,False,False,False
7739,キヤノン電子,True,False,False,False
7522,ワタミ,True,False,False,False
7740,タムロン,True,True,False,False
7525,リックス,True,False,False,False
7741,ＨＯＹＡ,True,True,False,False
7532,パンパシフィックＨＤ,True,True,False,False
7743,シード,True,False,False,True
7537,丸文,True,False,False,False
7744,ノーリツ鋼機,True,False,False,False
7545,西松屋チェーン,True,True,False,False
7745,Ａ＆Ｄホロンホールディングス,True,True,False,False
7550,ゼンショーホールディングス,True,True,False,False
7746,岡本硝子,True,True,False,False
7552,ハピネット,True,True,False,False
7747,朝日インテック,True,True,False,False
7554,幸楽苑,True,False,False,False
7751,キヤノン,True,True,False,False
7561,ハークスレイ,True,False,False,False
7752,リコー,True,True,False,False
7564,ワークマン,True,True,False,False
7762,シチズン時計,True,True,False,False
7575,日本ライフライン,True,False,False,False
7769,リズム,True,False,False,False
7581,サイゼリヤ,True,True,False,False
7774,ジャパン・ティッシュエンジ,True,False,False,False
7779,ＣＹＢＥＲＤＹＮＥ,True,False,False,False
7970,信越ポリマー,True,False,False,False
7780,メニコン,True,True,False,False
7971,東リ,True,False,False,False
7795,ＫＹＯＲＩＴＳＵ,True,False,False,False
7972,イトーキ,True,False,False,False
7803,ブシロード,True,True,False,False
7974,任天堂,True,True,False,False
7806,ＭＴＧ,True,False,False,False
7976,三菱鉛筆,True,False,False,False
7811,中本パックス,True,False,False,False
7979,松風,True,False,False,False
7817,パラマウントベッドＨＤ,True,True,False,False
7981,タカラスタンダ−ド,True,False,False,False
7818,トランザクション,True,False,False,False
7984,コクヨ,True,True,False,False
7820,ニホンフラッシュ,True,True,False,False
7988,ニフコ,True,True,False,False
7821,前田工繊,True,False,False,False
7989,立川ブラインド工業,True,False,False,False
7822,永大産業,True,False,False,False
7990,グローブライド,True,False,False,False
7826,フルヤ金属,True,True,False,False
7991,マミヤ・オーピー,True,False,False,False
7832,バンダイナムコＨＬＤＧＳ,True,True,False,False
7994,オカムラ,True,True,False,False
7839,ＳＨＯＥＩ,True,True,False,False
7995,バルカー,True,True,False,False
7840,フランスベッドＨＬＤＧＳ,True,False,False,False
8001,伊藤忠,True,True,False,False
7841,遠藤製作所,True,False,False,False
8002,丸紅,True,True,False,False
7844,マーベラス,True,False,False,False
8005,スクロール,True,False,False,False
7846,パイロットコーポレーション,True,True,False,False
8007,高島,True,False,False,False
7856,萩原工業,True,True,False,True
8008,ヨンドシーホールディングス,True,True,False,False
7860,エイベックス,True,False,False,False
8011,三陽商会,True,False,False,False
7864,フジシールインターナショナル,True,False,False,False
8012,長瀬産業,True,True,False,False
7867,タカラトミー,True,True,False,False
8014,蝶理,True,False,False,False
7868,広済堂ホールディングス,True,True,False,False
8015,豊田通商,True,True,False,False
7874,レック,True,False,False,False
8016,オンワ−ドホールディングス,True,True,False,False
7888,三光合成,True,False,False,False
8018,三共生興,True,False,False,False
7906,ヨネックス,True,False,False,False
8020,兼松,True,True,False,False
7908,きもと,True,False,False,False
8022,美津濃,True,True,False,False
7911,ＴＯＰＰＡＮホールディングス,True,True,False,False
8023,大興電子通信,True,False,False,False
7912,大日本印刷,True,True,False,False
8029,ルックホールディングス,True,False,False,False
7914,共同印刷,True,False,False,False
8031,三井物産,True,True,False,False
7915,ＮＩＳＳＨＡ,True,False,False,False
8032,日本紙パルプ,True,True,False,False
7917,ＺＡＣＲＯＳ,True,False,False,False
8035,東京エレクトロン,True,True,False,False
7918,ヴィア・ホールディングス,True,False,False,False
8037,カメイ,True,False,False,False
7921,ＴＡＫＡＲＡ＆ＣＯＭＰＡＮＹ,True,True,False,False
8043,スターゼン,True,False,False,False
7925,前澤化成工業,True,False,False,False
8050,セイコーグループ,True,False,False,False
7927,ムトー精工,True,False,False,False
8051,山善,True,False,False,False
7931,未来工業,True,False,False,False
8053,住友商事,True,True,False,False
7936,アシックス,True,True,False,False
8056,ＢＩＰＲＯＧＹ,True,True,False,False
7942,ジェイエスピー,True,False,False,False
8057,内田洋行,True,True,False,False
7943,ニチハ,True,False,False,False
8058,三菱商事,True,True,False,False
7944,ローランド,True,True,False,False
8059,第一実業,True,False,False,False
7947,エフピコ,True,True,False,False
8060,キヤノンマーケティングＪＰＮ,True,True,False,False
7949,小松ウオール工業,True,False,False,False
8061,西華産業,True,False,False,False
7951,ヤマハ,True,True,False,False
8065,佐藤商事,True,False,False,False
7952,河合楽器製作所,True,False,False,False
8070,東京産業,True,False,False,False
7955,クリナップ,True,False,False,False
8074,ユアサ商事,True,False,False,False
7956,ピジヨン,True,True,False,False
8075,神鋼商事,True,False,False,False
7958,天馬,True,False,False,False
8078,阪和興業,True,False,False,False
7965,象印マホービン,True,False,False,False
8079,正栄食品,True,False,False,False
7966,リンテック,True,True,False,False
8081,カナデン,True,False,False,False
8084,ＲＹＯＤＥＮ,True,False,False,False
8244,近鉄百貨店,True,False,False,False
8088,岩谷産業,True,True,False,False
8252,丸井グループ,True,True,False,False
8091,ニチモウ,True,False,False,False
8253,クレディセゾン,True,True,False,False
8093,極東貿易,True,False,False,False
8255,アクシアルリテイリング,True,False,False,False
8095,アステナホールディングス,True,False,False,False
8267,イオン,True,True,False,False
8097,三愛オブリ,True,False,False,False
8273,イズミ,True,True,False,False
8098,稲畑産業,True,True,False,False
8276,平和堂,True,False,False,False
8101,ＧＳＩクレオス,True,True,False,False
8278,フジ,True,False,False,False
8103,明和産業,True,False,False,False
8279,ヤオコー,True,True,False,False
8111,ゴ−ルドウイン,True,True,False,False
8281,ゼビオホールディングス,True,False,False,False
8113,ユニ・チヤ−ム,True,True,False,False
8282,ケーズホールディングス,True,True,False,False
8114,デサント,True,True,False,False
8283,ＰＡＬＴＡＣ,True,False,False,False
8117,中央自動車,True,False,False,False
8285,三谷産業,True,False,False,False
8125,ワキタ,True,False,False,False
8291,日産東京販売ＨＤ,True,False,False,False
8127,ヤマトインターナショナル,True,False,False,False
8304,あおぞら銀行,True,True,False,False
8129,東邦ホールディングス,True,True,False,False
8306,三菱ＵＦＪフィナンシャルＧ,True,True,False,False
8130,サンゲツ,True,True,False,False
8308,りそなホールディングス,True,True,False,False
8131,ﾐﾂｳﾛｺｸﾞﾙｰﾌﾟﾎｰﾙﾃﾞｨﾝｸﾞｽ,True,False,False,False
8309,三井住友トラストグルー,True,True,False,False
8132,シナネンホールディングス,True,False,False,False
8316,三井住友フィナンシャルＧ,True,True,False,False
8133,伊藤忠エネクス,True,False,False,False
8331,千葉銀行,True,True,False,False
8136,サンリオ,True,True,False,False
8334,群馬銀行,True,True,False,False
8137,サンワテクノス,True,False,False,False
8336,武蔵野銀行,True,False,False,False
8141,新光商事,True,False,False,False
8337,千葉興業銀行,True,False,False,False
8142,トーホー,True,False,False,False
8338,筑波銀行,True,False,False,False
8150,三信電気,True,False,False,False
8341,七十七銀行,True,True,False,False
8151,東陽テクニカ,True,False,False,False
8343,秋田銀行,True,False,False,False
8153,モスフードサービス,True,True,False,False
8344,山形銀行,True,False,False,False
8154,加賀電子,True,True,False,False
8345,岩手銀行,True,False,False,False
8157,都築電気,True,False,False,False
8346,東邦銀行,True,False,False,False
8158,ソーダニッカ,True,False,False,False
8354,ふくおかフィナンシャルＧ,True,True,False,False
8159,立花エレテック,True,False,False,False
8358,スルガ銀行,True,False,False,False
8160,木曽路,True,False,False,False
8359,八十二銀行,True,True,False,False
8163,ＳＲＳホールディングス,True,False,False,False
8360,山梨中央銀行,True,False,False,False
8167,リテールパートナーズ,True,False,False,False
8361,大垣共立銀行,True,False,False,False
8173,上新電機,True,True,False,False
8362,福井銀行,True,False,False,False
8174,日本瓦斯,True,True,False,False
8366,滋賀銀行,True,False,False,False
8179,ロイヤルホールディングス,True,False,False,False
8367,南都銀行,True,False,False,False
8185,チヨダ,True,False,False,False
8368,百五銀行,True,False,False,False
8194,ライフコ−ポレ−ション,True,True,False,False
8370,紀陽銀行,True,False,False,False
8198,マックスバリュ東海,True,False,False,False
8377,ほくほくフィナンシャルＧ,True,True,False,False
8200,リンガーハツト,True,False,False,False
8381,山陰合同銀行,True,True,False,False
8203,ＭｒＭａｘＨＤ,True,False,False,False
8383,鳥取銀行,True,False,False,False
8214,ＡＯＫＩホールディングス,True,False,False,False
8386,百十四銀行,True,False,False,False
8217,オークワ,True,False,False,False
8387,四国銀行,True,False,False,False
8218,コメリ,True,False,False,False
8388,阿波銀行,True,False,False,False
8219,青山商事,True,True,False,False
8392,大分銀行,True,False,False,False
8227,しまむら,True,True,False,False
8393,宮崎銀行,True,False,False,False
8233,高島屋,True,True,False,False
8395,佐賀銀行,True,False,False,False
8237,松屋,True,False,False,False
8399,琉球銀行,True,False,False,False
8242,エイチ・ツー・オーリテイリング,True,False,False,False
8410,セブン銀行,True,True,False,False
8411,みずほフィナンシャルＧ,True,True,False,False
8750,第一生命ＨＬＤＧＳ,True,True,False,False
8418,山口フィナンシャルＧ,True,True,False,False
8766,東京海上ＨＤ,True,True,False,False
8424,芙蓉総合リース,True,True,False,False
8769,ｱﾄﾞﾊﾞﾝﾃｯｼﾞﾘｽｸﾏﾈｼﾞﾒﾝﾄ,True,False,False,False
8439,東京センチュリー,True,True,False,False
8771,イー・ギャランティ,True,False,False,False
8473,ＳＢＩホールディングス,True,True,False,False
8793,ＮＥＣキャピタルソリューション,True,True,False,False
8508,Ｊトラスト,True,False,False,False
8795,Ｔ＆Ｄホールディングス,True,True,False,False
8511,日本証券金融,True,False,False,False
8798,アドバンスクリエイト,True,False,False,True
8515,アイフル,True,False,False,False
8801,三井不動産,True,True,False,False
8522,名古屋銀行,True,False,False,False
8802,三菱地所,True,True,False,False
8524,北洋銀行,True,False,False,False
8803,平和不動産,True,False,False,False
8537,大光銀行,True,False,False,False
8804,東京建物,True,True,False,False
8541,愛媛銀行,True,False,False,False
8818,京阪神ビルディング,True,False,False,False
8544,京葉銀行,True,False,False,False
8830,住友不動産,True,True,False,False
8550,栃木銀行,True,False,False,False
8841,テーオーシー,True,False,False,False
8551,北日本銀行,True,False,False,False
8844,コスモスイニシア,True,False,False,False
8558,東和銀行,True,False,False,False
8848,レオパレス２１,True,False,False,False
8566,リコーリース,True,True,False,False
8850,スターツコーポレーション,True,False,False,False
8570,イオンフィナンシャルサービス,True,True,False,False
8860,フジ住宅,True,False,False,False
8572,アコム,True,True,False,False
8864,空港施設,True,False,False,False
8584,ジャックス,True,True,False,False
8869,明和地所,True,False,False,False
8585,オリコ,True,True,False,False
8871,ゴールドクレスト,True,False,False,False
8591,オリックス,True,True,False,False
8876,リログループ,True,True,False,False
8593,三菱ＨＣキャピタル,True,True,False,False
8877,エスリード,True,True,False,False
8595,ジャフコグループ,True,True,False,False
8881,日神グループＨＬＤＧＳ,True,False,False,False
8596,九州リースサービス,True,False,False,False
8892,日本エスコン,True,True,False,False
8600,トモニホールディングス,True,False,False,False
8897,ＭＩＲＡＲＴＨホールディング,True,True,False,False
8601,大和証券Ｇ本社,True,True,False,False
8904,ＡＶＡＮＴＩＡ,True,False,False,False
8609,岡三証券グループ,True,False,False,False
8905,イオンモール,True,True,False,False
8613,丸三証券,True,False,False,False
8912,エリアクエスト,True,False,False,False
8614,東洋証券,True,False,False,False
8914,エリアリンク,True,False,False,False
8616,東海東京ＨＤ,True,False,False,False
8919,カチタス,True,False,False,False
8622,水戸証券,True,False,False,False
8920,東祥,True,False,False,False
8624,いちよし証券,True,False,False,False
8923,トーセイ,True,True,False,False
8628,松井証券,True,False,False,False
8927,明豊エンタープライズ,True,False,False,False
8630,ＳＯＭＰＯホールディングス,True,True,False,False
8929,青山財産ネットワークス,True,False,False,False
8697,日本取引所グループ,True,True,False,False
8931,和田興産,True,False,False,False
8698,マネックスＧ,True,True,False,False
8934,サンフロンティア不動産,True,False,False,False
8699,ＨＳホールディングス,True,False,False,False
8935,ＦＪネクストホールディングス,True,False,False,False
8704,トレイダーズホールディングス,True,False,False,False
8999,グランディハウス,True,False,False,False
8705,日産証券グループ,True,False,False,False
9001,東武鉄道,True,True,False,False
8706,極東証券,True,False,False,False
9003,相鉄ホールディングス,True,True,False,False
8707,岩井コスモホールディング,True,False,False,False
9005,東急,True,True,False,False
8708,アイザワ証券グループ,True,False,False,False
9006,京浜急行,True,True,False,False
8713,フィデアホール,True,False,False,False
9007,小田急電鉄,True,True,False,False
8714,池田泉州ＨＤ,True,False,False,False
9008,京王電鉄,True,True,False,False
8715,アニコムホールディングス,True,False,False,False
9009,京成電鉄,True,True,False,False
8725,ＭＳ＆ＡＤ,True,True,False,False
9010,富士急行,True,True,False,False
8737,あかつき本社,True,False,False,False
9020,東日本旅客鉄道,True,True,False,False
8739,スパークス・グループ,True,False,False,False
9021,西日本旅客鉄道,True,True,False,False
8746,ＵＮＢＡＮＫＥＤ,True,False,False,False
9022,東海旅客鉄道,True,True,False,False
9023,東京地下鉄,True,True,False,False
9267,ＧＥＮＫＹＤＲＵＧＳＴＯＲＥＳ,True,True,False,False
9024,西武ホールディングス,True,True,False,False
9268,オプティマスグループ,True,False,False,False
9025,鴻池運輸,True,False,False,False
9270,バリュエンスＨＬＤＧＳ,True,False,False,False
9028,ゼロ,True,False,False,False
9272,ブティックス,True,False,False,False
9031,西日本鉄道,True,True,False,False
9273,コーア商事ＨＬＤＧＳ,True,False,False,False
9037,ハマキョウレックス,True,False,False,False
9274,ＫＰＰグループホールディン,True,False,False,False
9039,サカイ引越センター,True,False,False,False
9279,ギフトホールディングス,True,True,False,True
9041,近鉄グループＨＬＤＧＳ,True,True,False,False
9301,三菱倉庫,True,True,False,False
9042,阪急阪神ＨＬＤＧＳ,True,True,False,False
9302,三井倉庫ＨＯＬＤ,True,True,False,False
9044,南海電鉄,True,True,False,False
9303,住友倉庫,True,True,False,False
9045,京阪ホールディングス,True,True,False,False
9304,澁澤倉庫,True,False,False,False
9046,神戸電鉄,True,False,False,False
9305,ヤマタネ,True,False,False,False
9048,名古屋鉄道,True,True,False,False
9306,東陽倉庫,True,False,False,False
9052,山陽電気鉄道,True,False,False,False
9308,乾汽船,True,True,False,False
9055,アルプス物流,True,False,False,False
9310,日本トランスシティ,True,False,False,False
9057,遠州トラック,True,False,False,False
9324,安田倉庫,True,False,False,False
9058,トランコム,True,False,False,False
9325,ファイズホールディングス,True,False,False,False
9064,ヤマトホールディングス,True,True,False,False
9332,ＮＩＳＳＯＨＤ,True,False,False,False
9065,山九,True,True,False,False
9336,大栄環境,True,False,False,False
9066,日新,True,False,False,False
9338,ＩＮＦＯＲＩＣＨ,True,False,False,False
9067,丸運,True,False,False,False
9343,アイビス,True,True,False,False
9068,丸全昭和運輸,True,False,False,False
9347,日本管財ホールディンク,True,True,False,False
9070,トナミホールディングス,True,False,False,True
9364,上組,True,True,False,False
9072,ニッコンホールディングス,True,False,False,False
9368,キムラユニティー,True,False,False,False
9075,福山通運,True,False,False,False
9369,キユーソー流通システム,True,False,False,False
9076,セイノーホールディングス,True,True,False,False
9380,東海運,True,False,False,False
9081,神奈川中央交通,True,False,False,False
9381,エーアイテイー,True,False,False,False
9101,日本郵船,True,True,False,False
9384,内外トランスライン,True,False,False,False
9104,商船三井,True,True,False,False
9386,日本コンセプト,True,False,False,False
9107,川崎汽船,True,True,False,False
9401,ＴＢＳホールディングス,True,True,False,False
9110,ＮＳユナイテッド海運,True,True,False,False
9404,日本テレビＨＬＤＳ,True,True,False,False
9119,飯野海運,True,True,False,False
9409,テレビ朝日ＨＤ,True,False,False,False
9130,共栄タンカー,True,False,False,False
9412,スカパーＪＳＡＴＨＤ,True,False,False,False
9142,九州旅客鉄道,True,True,False,False
9413,テレビ東京ＨＤ,True,True,False,False
9143,ＳＧホールディングス,True,True,False,False
9414,日本ＢＳ放送,True,False,False,False
9147,ＮＩＰＰＯＮＥＸＰＲＥＳＳ,True,True,False,False
9416,ビジョン,True,True,False,False
9161,ＩＤ＆Ｅホールディングス,True,False,False,True
9418,Ｕ−ＮＥＸＴＨＯＬＤＩＮＧＳ,True,True,False,False
9164,トライト,True,False,False,False
9419,ワイヤレスゲート,True,False,False,False
9166,ＧＥＮＤＡ,True,False,False,False
9424,日本通信,True,False,False,False
9201,日本航空,True,True,False,False
9432,日本電信電話,True,True,False,False
9202,ＡＮＡホールディングス,True,True,False,False
9433,ＫＤＤＩ,True,True,False,False
9204,スカイマーク,True,False,False,False
9434,ソフトバンク,True,True,False,False
9216,ビーウィズ,True,False,False,False
9435,光通信,True,True,False,False
9229,サンウェルズ,True,True,False,True
9436,沖縄セルラー電話,True,False,False,False
9233,アジア航測,True,False,False,False
9438,エムティーアイ,True,False,False,False
9246,プロジェクトホールディンク,True,False,False,False
9449,ＧＭＯインターネットグループ,True,True,False,False
9247,ＴＲＥホールディングス,True,False,False,False
9450,ファイバーゲート,True,False,False,False
9252,ラストワンマイル,True,False,False,False
9467,アルファポリス,True,False,False,False
9260,西本ＷＩＳＭＥＴＴＡＣＨＤ,True,False,False,True
9468,ＫＡＤＯＫＡＷＡ,True,True,False,False
9262,シルバーライフ,True,False,False,False
9470,学研ホールディングス,True,False,False,False
9474,ゼンリン,True,False,False,False
9716,乃村工藝社,True,False,False,False
9501,東京電力ＨＤ,True,True,False,False
9719,ＳＣＳＫ,True,True,False,False
9502,中部電力,True,True,False,False
9720,ホテルニユーグランド,True,False,False,False
9503,関西電力,True,True,False,False
9722,藤田観光,True,True,False,False
9504,中国電力,True,True,False,False
9726,ＫＮＴ−ＣＴホールディングス,True,False,False,False
9505,北陸電力,True,True,False,False
9729,トーカイ,True,False,False,False
9506,東北電力,True,True,False,False
9735,セコム,True,True,False,False
9507,四国電力,True,True,False,False
9739,ＮＳＷ,True,False,False,False
9508,九州電力,True,True,False,False
9740,セントラル警備保障,True,True,False,False
9509,北海道電力,True,True,False,False
9742,アイネス,True,False,False,False
9511,沖縄電力,True,False,False,False
9743,丹青社,True,False,False,False
9513,電源開発,True,True,False,False
9744,メイテックグループホールデ,True,True,False,False
9514,エフオン,True,False,False,False
9746,ＴＫＣ,True,False,False,False
9517,イーレックス,True,False,False,False
9749,富士ソフト,True,False,False,True
9519,レノバ,True,True,False,False
9755,応用地質,True,True,False,False
9522,リニューアブル・ジャパン,True,True,False,False
9757,船井総研ホールディン,True,True,False,False
9531,東京瓦斯,True,True,False,False
9759,ＮＳＤ,True,True,False,False
9532,大阪瓦斯,True,True,False,False
9760,進学会ホールディングス,True,False,False,True
9533,東邦瓦斯,True,True,False,False
9761,東海リース,True,False,False,False
9534,北海道瓦斯,True,False,False,False
9763,丸紅建材リース,True,False,False,False
9536,西部ガスＨＬＤＧＳ,True,False,False,False
9765,オオバ,True,False,False,False
9543,静岡ガス,True,False,False,False
9766,コナミグループ,True,True,False,False
9551,メタウォーター,True,False,False,False
9768,いであ,True,False,False,False
9552,Ｍ＆Ａ総研ホールディング,True,True,False,False
9769,学究社,True,True,False,False
9600,アイネット,True,False,False,False
9787,イオンディライト,True,True,False,True
9601,松竹,True,True,False,False
9790,福井コンピュータＨＬＤＳ,True,False,False,False
9602,東宝,True,True,False,False
9793,ダイセキ,True,False,False,False
9603,エイチ・アイ・エス,True,True,False,False
9795,ステップ,True,False,False,False
9605,東映,True,True,False,False
9823,マミーマート,True,False,False,False
9612,ラックランド,True,False,False,True
9824,泉州電業,True,False,False,False
9613,ＮＴＴデータグループ,True,True,False,False
9828,ＧＥＮＫＩＧＬＯＢＡＬＤＩＮ,True,False,False,False
9619,イチネンホールディングス,True,False,False,False
9831,ヤマダホールディングス,True,True,False,False
9621,建設技術研究所,True,False,False,False
9832,オートバックスセブン,True,True,False,False
9622,スペース,True,False,False,False
9837,モリト,True,False,False,False
9627,アインホールディングス,True,True,False,False
9842,アークランズ,True,False,False,False
9628,燦ホールディングス,True,False,False,False
9843,ニトリホールディングス,True,True,False,False
9629,ピー・シー・エー,True,False,False,False
9845,パーカーコーポレーション,True,False,False,False
9632,スバル興業,True,False,False,False
9856,ケーユーホールディングス,True,False,False,False
9658,ビジネスブレイン太田昭和,True,False,False,False
9861,吉野家ホールディングス,True,False,False,False
9663,ナガワ,True,False,False,False
9869,加藤産業,True,False,False,False
9672,東京都競馬,True,True,False,False
9880,イノテック,True,False,False,False
9678,カナモト,True,False,False,False
9882,イエローハット,True,True,False,False
9682,ＤＴＳ,True,False,False,False
9887,松屋フーズＨＬＤＧＳ,True,True,False,False
9684,スクウェア・エニックス・ＨＤ,True,True,False,False
9888,ＵＥＸ,True,False,False,False
9692,シーイーシー,True,False,False,False
9889,ＪＢＣＣホールディングス,True,False,False,False
9697,カプコン,True,True,False,False
9900,サガミホールディングス,True,False,False,False
9699,ニシオホールディングス,True,False,False,False
9902,日伝,True,False,False,False
9702,アイ・エス・ビー,True,False,False,False
9928,ミロク情報サービス,True,False,False,False
9706,日本空港ビルデング,True,True,False,False
9930,北沢産業,True,False,False,False
9715,トランス・コスモス,True,False,False,False
9932,杉本商事,True,False,False,False
9934,因幡電機産業,True,False,False,False
9936,王将フードサービス,True,True,False,False
9946,ミニストップ,True,True,False,False
9948,アークス,True,True,False,False
9956,バローホールディングス,True,False,False,False
9960,東テク,True,True,False,False
9962,ミスミグループ本社,True,True,False,False
9974,ベルク,True,True,False,False
9979,大庄,True,False,False,False
9983,ファーストリテイリング,True,True,False,False
9984,ソフトバンクグループ,True,True,False,False
9987,スズケン,True,True,False,False
9989,サンドラッグ,True,True,False,False
9990,サックスバーホールディング,True,False,False,False
9991,ジェコス,True,False,False,False
9997,ベルーナ,True,False,False,False
